{
    "me": {
        "name": "me",
        "date_range": [
            "2014-03-02",
            "2014-03-03",
            "2014-03-04",
            "2014-03-05",
            "2014-03-06",
            "2014-03-07",
            "2014-03-08",
            "2014-03-09",
            "2014-03-10",
            "2014-03-11",
            "2014-03-12",
            "2014-03-13",
            "2014-03-14",
            "2014-03-15",
            "2014-03-16",
            "2014-03-17",
            "2014-03-18",
            "2014-03-19",
            "2014-03-20",
            "2014-03-21",
            "2014-03-22",
            "2014-03-23",
            "2014-03-24",
            "2014-03-25",
            "2014-03-26",
            "2014-03-27",
            "2014-03-28",
            "2014-03-29",
            "2014-03-30",
            "2014-03-31",
            "2014-04-01",
            "2014-04-02",
            "2014-04-03",
            "2014-04-04",
            "2014-04-05",
            "2014-04-06",
            "2014-04-07",
            "2014-04-08",
            "2014-04-09",
            "2014-04-10",
            "2014-04-11",
            "2014-04-12",
            "2014-04-13",
            "2014-04-14"
        ],
        "groupby": "day",
        "indicators": {
            "nb_out_call": [
                0,
                1,
                1,
                3,
                0,
                0,
                2,
                1,
                0,
                1,
                2,
                0,
                0,
                1,
                0,
                1,
                1,
                2,
                0,
                1,
                1,
                2,
                1,
                0,
                1,
                1,
                0,
                0,
                2,
                0,
                0,
                2,
                0,
                0,
                0,
                1,
                0,
                2,
                1,
                0,
                0,
                0,
                0
            ],
            "nb_out_text": [
                2,
                3,
                3,
                3,
                2,
                2,
                1,
                2,
                1,
                2,
                1,
                2,
                1,
                0,
                0,
                5,
                2,
                2,
                2,
                1,
                0,
                1,
                1,
                2,
                2,
                2,
                0,
                0,
                4,
                3,
                0,
                2,
                1,
                1,
                3,
                3,
                2,
                1,
                3,
                0,
                1,
                0,
                2,
                2
            ],
            "nb_inc_call": [
                1,
                1,
                0,
                1,
                0,
                0,
                0,
                4,
                2,
                1,
                0,
                0,
                3,
                1,
                2,
                0,
                2,
                1,
                1,
                1,
                1,
                2,
                1,
                2,
                2,
                1,
                2,
                2,
                1,
                0,
                1,
                0,
                0,
                0,
                0,
                0,
                3,
                0,
                0,
                1,
                1,
                2,
                1
            ],
            "nb_inc_text": [
                7,
                4,
                7,
                4,
                4,
                3,
                3,
                1,
                3,
                4,
                6,
                8,
                4,
                1,
                3,
                2,
                6,
                2,
                3,
                3,
                2,
                2,
                4,
                4,
                3,
                2,
                2,
                1,
                4,
                9,
                8,
                4,
                7,
                4,
                1,
                3,
                6,
                3,
                8,
                5,
                1,
                2,
                1,
                2
            ],
            "nb_out_all": [
                2,
                3,
                4,
                4,
                5,
                2,
                1,
                4,
                2,
                2,
                2,
                4,
                1,
                0,
                1,
                5,
                3,
                3,
                4,
                1,
                1,
                2,
                3,
                3,
                2,
                3,
                1,
                0,
                4,
                5,
                0,
                2,
                3,
                1,
                3,
                3,
                3,
                1,
                5,
                1,
                1,
                0,
                2,
                2
            ],
            "nb_inc_all": [
                7,
                5,
                8,
                4,
                5,
                3,
                3,
                1,
                7,
                6,
                7,
                8,
                4,
                4,
                4,
                4,
                6,
                4,
                4,
                4,
                3,
                3,
                6,
                5,
                5,
                4,
                3,
                3,
                6,
                10,
                8,
                5,
                7,
                4,
                1,
                3,
                6,
                6,
                8,
                5,
                2,
                3,
                3,
                3
            ],
            "nb_all": [
                9,
                8,
                12,
                8,
                10,
                5,
                4,
                5,
                9,
                8,
                9,
                12,
                5,
                4,
                5,
                9,
                9,
                7,
                8,
                5,
                4,
                5,
                9,
                8,
                7,
                7,
                4,
                3,
                10,
                15,
                8,
                7,
                10,
                5,
                4,
                6,
                9,
                7,
                13,
                6,
                3,
                3,
                5,
                5
            ],
            "response_delay": [
                [],
                [],
                [],
                [],
                [],
                [],
                [],
                [],
                [],
                [],
                [],
                [],
                [],
                [],
                [],
                [],
                [],
                [],
                [],
                [],
                [],
                [],
                [],
                [],
                [
                    1140.0
                ],
                [],
                [],
                [],
                [],
                [],
                [],
                [],
                [
                    2640.0
                ],
                [],
                [],
                [
                    2280.0
                ],
                [],
                [],
                [
                    3180.0
                ],
                [],
                [],
                [],
                [],
                []
            ],
            "response_rate": [
                0.0,
                0.0,
                0.0,
                0.0,
                0.0,
                0.0,
                0.0,
                0.0,
                0.0,
                0.0,
                0.0,
                0.0,
                0.0,
                0.0,
                0.0,
                0.0,
                0.0,
                0.0,
                0.0,
                0.0,
                0.0,
                0.0,
                0.0,
                0.0,
                33.33333333333333,
                0.0,
                0.0,
                0.0,
                0.0,
                0.0,
                0.0,
                0.0,
                16.666666666666664,
                0.0,
                0.0,
                33.33333333333333,
                0.0,
                0.0,
                16.666666666666664,
                0.0,
                0.0,
                0.0,
                0.0,
                0.0
            ],
            "call_duration": [
                [
                    374
                ],
                [
                    5359,
                    6233
                ],
                [
                    4472
                ],
                [
                    1099,
                    1330,
                    2456,
                    5413
                ],
                [],
                [],
                [
                    1086,
                    3404
                ],
                [
                    594,
                    1927,
                    4689,
                    5752,
                    6429
                ],
                [
                    3552,
                    5142
                ],
                [
                    2072,
                    7123
                ],
                [
                    2258,
                    7082
                ],
                [],
                [
                    2854,
                    3286,
                    5689
                ],
                [
                    4202,
                    6891
                ],
                [
                    2871,
                    4666
                ],
                [
                    6392
                ],
                [
                    539,
                    3782,
                    6541
                ],
                [
                    2726,
                    4240,
                    5658
                ],
                [
                    2109
                ],
                [
                    403,
                    3609
                ],
                [
                    4154,
                    6674
                ],
                [
                    154,
                    3503,
                    5096,
                    6539
                ],
                [
                    3454,
                    3531
                ],
                [
                    3668,
                    5184
                ],
                [
                    267,
                    4877,
                    4929
                ],
                [
                    1890,
                    4832
                ],
                [
                    706,
                    1273
                ],
                [
                    3435,
                    7038
                ],
                [
                    140,
                    1853,
                    1937
                ],
                [],
                [
                    5728
                ],
                [
                    231,
                    620
                ],
                [],
                [],
                [],
                [
                    4002
                ],
                [
                    1309,
                    3210,
                    4451
                ],
                [
                    969,
                    4227
                ],
                [
                    1999
                ],
                [
                    1355
                ],
                [
                    2626
                ],
                [
                    4146,
                    5804
                ],
                [
                    6682
                ]
            ],
            "percent_initiated_interactions": [
                0.0,
                50.0,
                100.0,
                75.0,
                0.0,
                0.0,
                100.0,
                20.0,
                0.0,
                50.0,
                100.0,
                0.0,
                0.0,
                50.0,
                0.0,
                100.0,
                33.33333333333333,
                66.66666666666666,
                0.0,
                50.0,
                50.0,
                50.0,
                50.0,
                0.0,
                33.33333333333333,
                50.0,
                0.0,
                0.0,
                66.66666666666666,
                0.0,
                0.0,
                100.0,
                0.0,
                0.0,
                0.0,
                100.0,
                0.0,
                100.0,
                100.0,
                0.0,
                0.0,
                0.0,
                0.0
            ],
            "percent_initiated_conversations": [
                22.22222222222222,
                37.5,
                33.33333333333333,
                50.0,
                50.0,
                40.0,
                25.0,
                80.0,
                22.22222222222222,
                25.0,
                22.22222222222222,
                33.33333333333333,
                20.0,
                0.0,
                20.0,
                55.55555555555556,
                33.33333333333333,
                42.857142857142854,
                50.0,
                20.0,
                25.0,
                40.0,
                33.33333333333333,
                37.5,
                28.57142857142857,
                42.857142857142854,
                25.0,
                0.0,
                40.0,
                33.33333333333333,
                0.0,
                28.57142857142857,
                30.0,
                20.0,
                75.0,
                50.0,
                33.33333333333333,
                14.285714285714285,
                38.46153846153847,
                16.666666666666664,
                33.33333333333333,
                0.0,
                40.0,
                40.0
            ],
            "active_day": [
                1,
                1,
                1,
                1,
                1,
                1,
                1,
                1,
                1,
                1,
                1,
                1,
                1,
                1,
                1,
                1,
                1,
                1,
                1,
                1,
                1,
                1,
                1,
                1,
                1,
                1,
                1,
                1,
                1,
                1,
                1,
                1,
                1,
                1,
                1,
                1,
                1,
                1,
                1,
                1,
                1,
                1,
                1,
                1
            ],
            "number_of_contacts": [
                6,
                5,
                6,
                5,
                4,
                4,
                3,
                5,
                5,
                4,
                6,
                5,
                4,
                3,
                4,
                4,
                6,
                4,
                7,
                4,
                3,
                5,
                6,
                4,
                4,
                5,
                2,
                3,
                5,
                6,
                4,
                6,
                5,
                3,
                4,
                4,
                3,
                4,
                5,
                4,
                2,
                2,
                4,
                4
            ],
            "percent_nocturnal": [
                22.22222222222222,
                50.0,
                50.0,
                50.0,
                50.0,
                60.0,
                50.0,
                60.0,
                33.33333333333333,
                50.0,
                33.33333333333333,
                41.66666666666667,
                60.0,
                50.0,
                0.0,
                33.33333333333333,
                55.55555555555556,
                28.57142857142857,
                50.0,
                40.0,
                50.0,
                40.0,
                55.55555555555556,
                62.5,
                42.857142857142854,
                28.57142857142857,
                50.0,
                33.33333333333333,
                20.0,
                46.666666666666664,
                62.5,
                42.857142857142854,
                60.0,
                40.0,
                50.0,
                33.33333333333333,
                66.66666666666666,
                28.57142857142857,
                38.46153846153847,
                33.33333333333333,
                66.66666666666666,
                33.33333333333333,
                20.0,
                40.0
            ],
            "balance_of_contacts": [
                [
                    0.0,
                    0.0,
                    0.0,
                    0.0,
                    50.0,
                    100.0
                ],
                [
                    0.0,
                    0.0,
                    50.0,
                    100.0,
                    100.0
                ],
                [
                    0.0,
                    0.0,
                    20.0,
                    50.0,
                    50.0,
                    100.0
                ],
                [
                    0.0,
                    33.33333333333333,
                    50.0,
                    100.0,
                    100.0
                ],
                [
                    25.0,
                    33.33333333333333,
                    100.0,
                    100.0
                ],
                [
                    0.0,
                    0.0,
                    100.0,
                    100.0
                ],
                [
                    0.0,
                    0.0,
                    50.0
                ],
                [
                    0.0,
                    100.0,
                    100.0,
                    100.0,
                    100.0
                ],
                [
                    0.0,
                    0.0,
                    0.0,
                    33.33333333333333,
                    50.0
                ],
                [
                    0.0,
                    0.0,
                    50.0,
                    50.0
                ],
                [
                    0.0,
                    0.0,
                    0.0,
                    0.0,
                    50.0,
                    50.0
                ],
                [
                    0.0,
                    0.0,
                    33.33333333333333,
                    50.0,
                    50.0
                ],
                [
                    0.0,
                    0.0,
                    0.0,
                    100.0
                ],
                [
                    0.0,
                    0.0,
                    0.0
                ],
                [
                    0.0,
                    0.0,
                    0.0,
                    50.0
                ],
                [
                    0.0,
                    50.0,
                    75.0,
                    100.0
                ],
                [
                    0.0,
                    0.0,
                    0.0,
                    50.0,
                    50.0,
                    100.0
                ],
                [
                    0.0,
                    33.33333333333333,
                    50.0,
                    100.0
                ],
                [
                    0.0,
                    0.0,
                    0.0,
                    50.0,
                    100.0,
                    100.0,
                    100.0
                ],
                [
                    0.0,
                    0.0,
                    0.0,
                    50.0
                ],
                [
                    0.0,
                    0.0,
                    100.0
                ],
                [
                    0.0,
                    0.0,
                    0.0,
                    100.0,
                    100.0
                ],
                [
                    0.0,
                    0.0,
                    0.0,
                    50.0,
                    50.0,
                    100.0
                ],
                [
                    0.0,
                    33.33333333333333,
                    50.0,
                    100.0
                ],
                [
                    0.0,
                    0.0,
                    50.0,
                    50.0
                ],
                [
                    0.0,
                    0.0,
                    50.0,
                    50.0,
                    100.0
                ],
                [
                    0.0,
                    50.0
                ],
                [
                    0.0,
                    0.0,
                    0.0
                ],
                [
                    0.0,
                    0.0,
                    25.0,
                    100.0,
                    100.0
                ],
                [
                    0.0,
                    0.0,
                    0.0,
                    50.0,
                    60.0,
                    100.0
                ],
                [
                    0.0,
                    0.0,
                    0.0,
                    0.0
                ],
                [
                    0.0,
                    0.0,
                    0.0,
                    0.0,
                    50.0,
                    100.0
                ],
                [
                    0.0,
                    0.0,
                    25.0,
                    100.0,
                    100.0
                ],
                [
                    0.0,
                    0.0,
                    50.0
                ],
                [
                    0.0,
                    100.0,
                    100.0,
                    100.0
                ],
                [
                    0.0,
                    0.0,
                    66.66666666666666,
                    100.0
                ],
                [
                    0.0,
                    0.0,
                    60.0
                ],
                [
                    0.0,
                    0.0,
                    0.0,
                    50.0
                ],
                [
                    0.0,
                    0.0,
                    42.857142857142854,
                    50.0,
                    100.0
                ],
                [
                    0.0,
                    0.0,
                    0.0,
                    50.0
                ],
                [
                    0.0,
                    50.0
                ],
                [
                    0.0,
                    0.0
                ],
                [
                    0.0,
                    0.0,
                    50.0,
                    100.0
                ],
                [
                    0.0,
                    0.0,
                    100.0,
                    100.0
                ]
            ]
        },
        "agg": {},
        "network": [
            [
                "2014-03-02",
                "A",
                1
            ],
            [
                "2014-03-02",
                "E",
                2
            ],
            [
                "2014-03-02",
                "D",
                1
            ],
            [
                "2014-03-02",
                "C",
                1
            ],
            [
                "2014-03-02",
                "G",
                1
            ],
            [
                "2014-03-02",
                "B",
                1
            ],
            [
                "2014-03-02",
                "E",
                1
            ],
            [
                "2014-03-02",
                "C",
                1
            ],
            [
                "2014-03-03",
                "C",
                2
            ],
            [
                "2014-03-03",
                "G",
                2
            ],
            [
                "2014-03-03",
                "E",
                1
            ],
            [
                "2014-03-03",
                "B",
                1
            ],
            [
                "2014-03-03",
                "C",
                1
            ],
            [
                "2014-03-03",
                "F",
                1
            ],
            [
                "2014-03-04",
                "B",
                1
            ],
            [
                "2014-03-04",
                "E",
                2
            ],
            [
                "2014-03-04",
                "C",
                1
            ],
            [
                "2014-03-04",
                "D",
                1
            ],
            [
                "2014-03-04",
                "A",
                1
            ],
            [
                "2014-03-04",
                "C",
                1
            ],
            [
                "2014-03-04",
                "B",
                4
            ],
            [
                "2014-03-04",
                "G",
                1
            ],
            [
                "2014-03-05",
                "G",
                1
            ],
            [
                "2014-03-05",
                "D",
                1
            ],
            [
                "2014-03-05",
                "E",
                1
            ],
            [
                "2014-03-05",
                "F",
                1
            ],
            [
                "2014-03-05",
                "E",
                1
            ],
            [
                "2014-03-05",
                "G",
                1
            ],
            [
                "2014-03-05",
                "B",
                1
            ],
            [
                "2014-03-05",
                "E",
                1
            ],
            [
                "2014-03-06",
                "D",
                1
            ],
            [
                "2014-03-06",
                "C",
                4
            ],
            [
                "2014-03-06",
                "B",
                1
            ],
            [
                "2014-03-06",
                "G",
                1
            ],
            [
                "2014-03-06",
                "B",
                1
            ],
            [
                "2014-03-06",
                "D",
                2
            ],
            [
                "2014-03-07",
                "G",
                1
            ],
            [
                "2014-03-07",
                "B",
                1
            ],
            [
                "2014-03-07",
                "A",
                1
            ],
            [
                "2014-03-07",
                "E",
                2
            ],
            [
                "2014-03-08",
                "B",
                1
            ],
            [
                "2014-03-08",
                "E",
                2
            ],
            [
                "2014-03-08",
                "F",
                1
            ],
            [
                "2014-03-09",
                "D",
                1
            ],
            [
                "2014-03-09",
                "E",
                1
            ],
            [
                "2014-03-09",
                "F",
                1
            ],
            [
                "2014-03-09",
                "B",
                1
            ],
            [
                "2014-03-09",
                "C",
                1
            ],
            [
                "2014-03-10",
                "F",
                2
            ],
            [
                "2014-03-10",
                "C",
                1
            ],
            [
                "2014-03-10",
                "E",
                1
            ],
            [
                "2014-03-10",
                "C",
                1
            ],
            [
                "2014-03-10",
                "B",
                1
            ],
            [
                "2014-03-10",
                "D",
                1
            ],
            [
                "2014-03-10",
                "E",
                2
            ],
            [
                "2014-03-11",
                "E",
                1
            ],
            [
                "2014-03-11",
                "G",
                1
            ],
            [
                "2014-03-11",
                "B",
                2
            ],
            [
                "2014-03-11",
                "E",
                1
            ],
            [
                "2014-03-11",
                "A",
                3
            ],
            [
                "2014-03-12",
                "A",
                1
            ],
            [
                "2014-03-12",
                "E",
                1
            ],
            [
                "2014-03-12",
                "G",
                1
            ],
            [
                "2014-03-12",
                "D",
                1
            ],
            [
                "2014-03-12",
                "E",
                1
            ],
            [
                "2014-03-12",
                "B",
                1
            ],
            [
                "2014-03-12",
                "G",
                1
            ],
            [
                "2014-03-12",
                "C",
                1
            ],
            [
                "2014-03-12",
                "B",
                1
            ],
            [
                "2014-03-13",
                "E",
                1
            ],
            [
                "2014-03-13",
                "B",
                1
            ],
            [
                "2014-03-13",
                "G",
                1
            ],
            [
                "2014-03-13",
                "E",
                1
            ],
            [
                "2014-03-13",
                "D",
                1
            ],
            [
                "2014-03-13",
                "C",
                1
            ],
            [
                "2014-03-13",
                "B",
                1
            ],
            [
                "2014-03-13",
                "G",
                1
            ],
            [
                "2014-03-13",
                "B",
                1
            ],
            [
                "2014-03-13",
                "E",
                1
            ],
            [
                "2014-03-13",
                "C",
                1
            ],
            [
                "2014-03-13",
                "E",
                1
            ],
            [
                "2014-03-14",
                "E",
                1
            ],
            [
                "2014-03-14",
                "C",
                1
            ],
            [
                "2014-03-14",
                "B",
                1
            ],
            [
                "2014-03-14",
                "D",
                1
            ],
            [
                "2014-03-14",
                "E",
                1
            ],
            [
                "2014-03-15",
                "G",
                1
            ],
            [
                "2014-03-15",
                "C",
                1
            ],
            [
                "2014-03-15",
                "E",
                1
            ],
            [
                "2014-03-15",
                "G",
                1
            ],
            [
                "2014-03-16",
                "A",
                1
            ],
            [
                "2014-03-16",
                "G",
                2
            ],
            [
                "2014-03-16",
                "C",
                1
            ],
            [
                "2014-03-16",
                "B",
                1
            ],
            [
                "2014-03-17",
                "D",
                1
            ],
            [
                "2014-03-17",
                "B",
                3
            ],
            [
                "2014-03-17",
                "G",
                2
            ],
            [
                "2014-03-17",
                "B",
                1
            ],
            [
                "2014-03-17",
                "F",
                1
            ],
            [
                "2014-03-17",
                "D",
                1
            ],
            [
                "2014-03-18",
                "A",
                1
            ],
            [
                "2014-03-18",
                "D",
                1
            ],
            [
                "2014-03-18",
                "C",
                2
            ],
            [
                "2014-03-18",
                "F",
                1
            ],
            [
                "2014-03-18",
                "E",
                1
            ],
            [
                "2014-03-18",
                "F",
                1
            ],
            [
                "2014-03-18",
                "D",
                1
            ],
            [
                "2014-03-18",
                "G",
                1
            ],
            [
                "2014-03-19",
                "G",
                1
            ],
            [
                "2014-03-19",
                "C",
                1
            ],
            [
                "2014-03-19",
                "D",
                1
            ],
            [
                "2014-03-19",
                "E",
                1
            ],
            [
                "2014-03-19",
                "G",
                2
            ],
            [
                "2014-03-19",
                "E",
                1
            ],
            [
                "2014-03-20",
                "B",
                1
            ],
            [
                "2014-03-20",
                "D",
                1
            ],
            [
                "2014-03-20",
                "A",
                1
            ],
            [
                "2014-03-20",
                "G",
                1
            ],
            [
                "2014-03-20",
                "E",
                1
            ],
            [
                "2014-03-20",
                "F",
                1
            ],
            [
                "2014-03-20",
                "C",
                1
            ],
            [
                "2014-03-20",
                "E",
                1
            ],
            [
                "2014-03-21",
                "D",
                1
            ],
            [
                "2014-03-21",
                "E",
                1
            ],
            [
                "2014-03-21",
                "C",
                1
            ],
            [
                "2014-03-21",
                "B",
                1
            ],
            [
                "2014-03-21",
                "C",
                1
            ],
            [
                "2014-03-22",
                "E",
                1
            ],
            [
                "2014-03-22",
                "B",
                1
            ],
            [
                "2014-03-22",
                "G",
                1
            ],
            [
                "2014-03-22",
                "E",
                1
            ],
            [
                "2014-03-23",
                "A",
                1
            ],
            [
                "2014-03-23",
                "D",
                1
            ],
            [
                "2014-03-23",
                "C",
                1
            ],
            [
                "2014-03-23",
                "B",
                1
            ],
            [
                "2014-03-23",
                "F",
                1
            ],
            [
                "2014-03-24",
                "D",
                1
            ],
            [
                "2014-03-24",
                "A",
                1
            ],
            [
                "2014-03-24",
                "B",
                1
            ],
            [
                "2014-03-24",
                "F",
                1
            ],
            [
                "2014-03-24",
                "E",
                1
            ],
            [
                "2014-03-24",
                "C",
                1
            ],
            [
                "2014-03-24",
                "D",
                1
            ],
            [
                "2014-03-24",
                "B",
                1
            ],
            [
                "2014-03-24",
                "F",
                1
            ],
            [
                "2014-03-25",
                "E",
                1
            ],
            [
                "2014-03-25",
                "D",
                1
            ],
            [
                "2014-03-25",
                "B",
                1
            ],
            [
                "2014-03-25",
                "G",
                2
            ],
            [
                "2014-03-25",
                "D",
                2
            ],
            [
                "2014-03-25",
                "E",
                1
            ],
            [
                "2014-03-26",
                "G",
                1
            ],
            [
                "2014-03-26",
                "C",
                2
            ],
            [
                "2014-03-26",
                "D",
                1
            ],
            [
                "2014-03-26",
                "F",
                1
            ],
            [
                "2014-03-26",
                "D",
                1
            ],
            [
                "2014-03-26",
                "G",
                1
            ],
            [
                "2014-03-27",
                "D",
                1
            ],
            [
                "2014-03-27",
                "C",
                1
            ],
            [
                "2014-03-27",
                "G",
                2
            ],
            [
                "2014-03-27",
                "B",
                1
            ],
            [
                "2014-03-27",
                "F",
                1
            ],
            [
                "2014-03-27",
                "B",
                1
            ],
            [
                "2014-03-28",
                "B",
                1
            ],
            [
                "2014-03-28",
                "D",
                2
            ],
            [
                "2014-03-28",
                "B",
                1
            ],
            [
                "2014-03-29",
                "C",
                1
            ],
            [
                "2014-03-29",
                "F",
                1
            ],
            [
                "2014-03-29",
                "B",
                1
            ],
            [
                "2014-03-30",
                "E",
                1
            ],
            [
                "2014-03-30",
                "C",
                1
            ],
            [
                "2014-03-30",
                "F",
                1
            ],
            [
                "2014-03-30",
                "G",
                1
            ],
            [
                "2014-03-30",
                "E",
                1
            ],
            [
                "2014-03-30",
                "B",
                1
            ],
            [
                "2014-03-30",
                "E",
                1
            ],
            [
                "2014-03-30",
                "F",
                1
            ],
            [
                "2014-03-30",
                "B",
                1
            ],
            [
                "2014-03-30",
                "E",
                1
            ],
            [
                "2014-03-31",
                "G",
                1
            ],
            [
                "2014-03-31",
                "C",
                1
            ],
            [
                "2014-03-31",
                "G",
                1
            ],
            [
                "2014-03-31",
                "B",
                1
            ],
            [
                "2014-03-31",
                "E",
                1
            ],
            [
                "2014-03-31",
                "B",
                2
            ],
            [
                "2014-03-31",
                "D",
                1
            ],
            [
                "2014-03-31",
                "C",
                1
            ],
            [
                "2014-03-31",
                "E",
                1
            ],
            [
                "2014-03-31",
                "C",
                2
            ],
            [
                "2014-03-31",
                "F",
                1
            ],
            [
                "2014-03-31",
                "B",
                1
            ],
            [
                "2014-03-31",
                "C",
                1
            ],
            [
                "2014-04-01",
                "C",
                2
            ],
            [
                "2014-04-01",
                "B",
                2
            ],
            [
                "2014-04-01",
                "E",
                1
            ],
            [
                "2014-04-01",
                "B",
                1
            ],
            [
                "2014-04-01",
                "E",
                1
            ],
            [
                "2014-04-01",
                "G",
                1
            ],
            [
                "2014-04-02",
                "E",
                2
            ],
            [
                "2014-04-02",
                "C",
                1
            ],
            [
                "2014-04-02",
                "B",
                1
            ],
            [
                "2014-04-02",
                "D",
                1
            ],
            [
                "2014-04-02",
                "G",
                1
            ],
            [
                "2014-04-02",
                "A",
                1
            ],
            [
                "2014-04-03",
                "B",
                4
            ],
            [
                "2014-04-03",
                "C",
                2
            ],
            [
                "2014-04-03",
                "D",
                1
            ],
            [
                "2014-04-03",
                "C",
                1
            ],
            [
                "2014-04-03",
                "F",
                1
            ],
            [
                "2014-04-03",
                "G",
                1
            ],
            [
                "2014-04-04",
                "G",
                1
            ],
            [
                "2014-04-04",
                "E",
                1
            ],
            [
                "2014-04-04",
                "F",
                1
            ],
            [
                "2014-04-04",
                "G",
                1
            ],
            [
                "2014-04-04",
                "E",
                1
            ],
            [
                "2014-04-05",
                "B",
                1
            ],
            [
                "2014-04-05",
                "A",
                1
            ],
            [
                "2014-04-05",
                "C",
                1
            ],
            [
                "2014-04-05",
                "D",
                1
            ],
            [
                "2014-04-06",
                "E",
                1
            ],
            [
                "2014-04-06",
                "A",
                1
            ],
            [
                "2014-04-06",
                "C",
                1
            ],
            [
                "2014-04-06",
                "D",
                1
            ],
            [
                "2014-04-06",
                "E",
                2
            ],
            [
                "2014-04-07",
                "E",
                4
            ],
            [
                "2014-04-07",
                "B",
                2
            ],
            [
                "2014-04-07",
                "G",
                1
            ],
            [
                "2014-04-07",
                "E",
                1
            ],
            [
                "2014-04-07",
                "B",
                1
            ],
            [
                "2014-04-08",
                "E",
                2
            ],
            [
                "2014-04-08",
                "B",
                1
            ],
            [
                "2014-04-08",
                "A",
                2
            ],
            [
                "2014-04-08",
                "B",
                1
            ],
            [
                "2014-04-08",
                "G",
                1
            ],
            [
                "2014-04-09",
                "E",
                2
            ],
            [
                "2014-04-09",
                "F",
                1
            ],
            [
                "2014-04-09",
                "C",
                2
            ],
            [
                "2014-04-09",
                "A",
                1
            ],
            [
                "2014-04-09",
                "E",
                3
            ],
            [
                "2014-04-09",
                "F",
                1
            ],
            [
                "2014-04-09",
                "E",
                2
            ],
            [
                "2014-04-09",
                "D",
                1
            ],
            [
                "2014-04-10",
                "B",
                1
            ],
            [
                "2014-04-10",
                "C",
                1
            ],
            [
                "2014-04-10",
                "B",
                1
            ],
            [
                "2014-04-10",
                "G",
                1
            ],
            [
                "2014-04-10",
                "D",
                2
            ],
            [
                "2014-04-11",
                "B",
                2
            ],
            [
                "2014-04-11",
                "F",
                1
            ],
            [
                "2014-04-12",
                "B",
                1
            ],
            [
                "2014-04-12",
                "F",
                1
            ],
            [
                "2014-04-12",
                "B",
                1
            ],
            [
                "2014-04-13",
                "C",
                1
            ],
            [
                "2014-04-13",
                "D",
                1
            ],
            [
                "2014-04-13",
                "G",
                1
            ],
            [
                "2014-04-13",
                "B",
                1
            ],
            [
                "2014-04-13",
                "G",
                1
            ],
            [
                "2014-04-14",
                "G",
                1
            ],
            [
                "2014-04-14",
                "E",
                1
            ],
            [
                "2014-04-14",
                "F",
                1
            ],
            [
                "2014-04-14",
                "E",
                1
            ],
            [
                "2014-04-14",
                "D",
                1
            ]
        ]
    }
}