interaction,direction,correspondent_id,datetime,call_duration,antenna_id
call,out,f3048b18da2c56ef54e2c052aa15a66f6ad7e96d,2010-10-06 10:26:46,,
call,out,f3048b18da2c56ef54e2c052aa15a66f6ad7e96d,2010-10-06 10:59:22,,
call,out,f3048b18da2c56ef54e2c052aa15a66f6ad7e96d,2010-10-06 12:46:02,,
call,in,fa10-01-52,2010-10-06 18:28:15,,
call,out,fa10-01-52,2010-10-06 18:48:33,,
call,out,e22cd461c068aea5dff1c3462214880d76b3e39c,2010-10-06 18:48:19,,
call,in,fa10-01-52,2010-10-06 23:06:55,,
call,out,fa10-01-52,2010-10-07 12:08:19,,
call,out,fa10-01-52,2010-10-07 12:07:56,,
call,out,b5b0ac0e74d54f398c125090c2649fde09e22cc3,2010-10-07 12:07:14,,
call,out,b5b0ac0e74d54f398c125090c2649fde09e22cc3,2010-10-07 12:06:33,,
call,out,b5b0ac0e74d54f398c125090c2649fde09e22cc3,2010-10-07 12:06:24,,
call,in,b5b0ac0e74d54f398c125090c2649fde09e22cc3,2010-10-07 12:04:39,,
call,in,fbf168700b7ed8544ee7a6b725e88e2857e74d8b,2010-10-07 13:13:30,,
call,in,9b857ea23530ce9c4f90da20f2368854368c2f7d,2010-10-07 15:50:09,,
call,out,9b857ea23530ce9c4f90da20f2368854368c2f7d,2010-10-07 17:22:26,,
call,out,86f3f8c3ec9dce3a0add2570d19de35ee7754b,2010-10-07 17:44:59,,
call,in,86f3f8c3ec9dce3a0add2570d19de35ee7754b,2010-10-07 17:44:34,,
call,out,86f3f8c3ec9dce3a0add2570d19de35ee7754b,2010-10-07 17:43:37,,
call,out,86f3f8c3ec9dce3a0add2570d19de35ee7754b,2010-10-07 17:40:18,,
call,in,557f890d849a8c706aef69af261f215cfe3df748,2010-10-07 18:09:04,,
call,out,557f890d849a8c706aef69af261f215cfe3df748,2010-10-07 18:02:45,,
call,in,78f520a5465b4b004e49587a4a762eeb7d826b73,2010-10-07 21:01:40,,
call,in,b5b0ac0e74d54f398c125090c2649fde09e22cc3,2010-10-07 21:12:35,,
call,out,9fa8d7ab120becc055340a67d2f74ed70a8de5f7,2010-10-07 21:06:38,,
call,out,a9465a41303e31f6ede81a2cbb0bfba2422de6bf,2010-10-08 08:51:39,,
call,out,9fa8d7ab120becc055340a67d2f74ed70a8de5f7,2010-10-08 12:09:06,,
call,in,fa10-01-52,2010-10-08 12:22:02,,
call,out,a9465a41303e31f6ede81a2cbb0bfba2422de6bf,2010-10-08 14:34:22,,
call,out,a0db91b8d2f91f6f2f406bd6cf553fdf0ab21ffa,2010-10-08 17:45:17,,
call,out,c9ba46deb6f8adc101b1f138272a20e3d68da70c,2010-10-08 17:43:00,,
call,out,fa10-01-52,2010-10-08 18:41:50,,
call,out,a9465a41303e31f6ede81a2cbb0bfba2422de6bf,2010-10-08 18:41:30,,
call,in,46e11d0a5a510aff99b59fb423a2bce4fcc5bc1a,2010-10-08 18:31:05,,
call,out,a9465a41303e31f6ede81a2cbb0bfba2422de6bf,2010-10-08 18:47:28,,
call,out,a9465a41303e31f6ede81a2cbb0bfba2422de6bf,2010-10-08 18:47:23,,
call,out,fa10-01-52,2010-10-08 18:46:56,,
call,out,b5b0ac0e74d54f398c125090c2649fde09e22cc3,2010-10-08 20:49:51,,
call,out,c9ba46deb6f8adc101b1f138272a20e3d68da70c,2010-10-08 20:49:18,,
call,out,fc07697ce50aeb3af0ddda590abab2c499601e16,2010-10-08 20:45:47,,
call,out,b5b0ac0e74d54f398c125090c2649fde09e22cc3,2010-10-08 22:52:06,,
call,in,fc07697ce50aeb3af0ddda590abab2c499601e16,2010-10-09 07:13:06,,
call,out,fc07697ce50aeb3af0ddda590abab2c499601e16,2010-10-09 07:38:49,,
call,in,fc07697ce50aeb3af0ddda590abab2c499601e16,2010-10-09 07:38:10,,
call,out,fc07697ce50aeb3af0ddda590abab2c499601e16,2010-10-09 08:14:01,,
call,out,fc07697ce50aeb3af0ddda590abab2c499601e16,2010-10-09 08:13:00,,
call,out,fc07697ce50aeb3af0ddda590abab2c499601e16,2010-10-09 08:10:57,,
call,out,fc07697ce50aeb3af0ddda590abab2c499601e16,2010-10-09 08:09:29,,
call,out,fc07697ce50aeb3af0ddda590abab2c499601e16,2010-10-09 08:08:49,,
call,in,fa10-01-52,2010-10-13 18:09:02,,
call,in,fa10-01-52,2010-10-13 18:08:39,,
call,in,f3048b18da2c56ef54e2c052aa15a66f6ad7e96d,2010-10-13 23:36:08,,
call,out,ed4a85fd67f6bb8b83551b3864d592ee300245fd,2010-10-14 11:30:04,,
call,in,ed4a85fd67f6bb8b83551b3864d592ee300245fd,2010-10-14 11:16:58,,
call,out,bc16e72f47ca47f8db1e9466f9432cc46aa5fa5f,2010-10-14 14:54:29,,
call,out,de705eac794a2412d72b80e7fc9e59e742809aa0,2010-10-14 14:50:52,,
call,out,de705eac794a2412d72b80e7fc9e59e742809aa0,2010-10-14 14:50:26,,
call,out,fc07697ce50aeb3af0ddda590abab2c499601e16,2010-10-14 19:29:48,,
call,out,fc07697ce50aeb3af0ddda590abab2c499601e16,2010-10-14 19:29:16,,
call,out,fa10-01-52,2010-10-14 19:15:49,,
call,in,fa10-01-52,2010-10-14 19:01:35,,
call,out,fa10-01-52,2010-10-14 18:21:47,,
call,out,fa10-01-52,2010-10-14 18:20:52,,
call,out,de705eac794a2412d72b80e7fc9e59e742809aa0,2010-10-14 15:49:45,,
call,in,c9ba46deb6f8adc101b1f138272a20e3d68da70c,2010-10-15 10:59:40,,
call,out,c9ba46deb6f8adc101b1f138272a20e3d68da70c,2010-10-15 10:48:36,,
call,in,fa10-01-52,2010-10-15 09:52:51,,
call,in,b5b0ac0e74d54f398c125090c2649fde09e22cc3,2010-10-15 13:50:23,,
call,out,f818a67a8312718f9b8ec3d13c8167ecf342037,2010-10-15 12:25:54,,
call,in,9ae62212029adf86a977e51fe943fcca917338fc,2010-10-15 12:20:31,,
call,out,f818a67a8312718f9b8ec3d13c8167ecf342037,2010-10-15 12:16:54,,
call,out,f818a67a8312718f9b8ec3d13c8167ecf342037,2010-10-15 12:16:49,,
call,out,f818a67a8312718f9b8ec3d13c8167ecf342037,2010-10-15 12:15:44,,
call,in,f818a67a8312718f9b8ec3d13c8167ecf342037,2010-10-15 12:13:47,,
call,out,f818a67a8312718f9b8ec3d13c8167ecf342037,2010-10-15 17:26:37,,
call,out,fa10-01-04,2010-10-15 15:02:26,,
call,out,557f890d849a8c706aef69af261f215cfe3df748,2010-10-15 15:02:03,,
call,out,b02ccd4ab0e3b14f1ec35e2c32bc14bc0ec597b6,2010-10-15 15:00:32,,
call,out,9ae62212029adf86a977e51fe943fcca917338fc,2010-10-15 14:59:47,,
call,out,fa10-01-04,2010-10-15 14:56:08,,
call,out,b02ccd4ab0e3b14f1ec35e2c32bc14bc0ec597b6,2010-10-15 14:53:46,,
call,in,b02ccd4ab0e3b14f1ec35e2c32bc14bc0ec597b6,2010-10-15 14:53:06,,
call,out,fa10-01-04,2010-10-15 14:52:57,,
call,out,f818a67a8312718f9b8ec3d13c8167ecf342037,2010-10-15 14:49:08,,
call,in,f818a67a8312718f9b8ec3d13c8167ecf342037,2010-10-15 14:49:00,,
call,out,f818a67a8312718f9b8ec3d13c8167ecf342037,2010-10-15 14:47:08,,
call,out,c9ba46deb6f8adc101b1f138272a20e3d68da70c,2010-10-15 14:46:51,,
call,out,c9ba46deb6f8adc101b1f138272a20e3d68da70c,2010-10-15 14:45:17,,
call,out,f818a67a8312718f9b8ec3d13c8167ecf342037,2010-10-15 14:39:49,,
call,out,b02ccd4ab0e3b14f1ec35e2c32bc14bc0ec597b6,2010-10-15 14:38:30,,
call,out,a0db91b8d2f91f6f2f406bd6cf553fdf0ab21ffa,2010-10-15 14:36:17,,
call,out,a0db91b8d2f91f6f2f406bd6cf553fdf0ab21ffa,2010-10-15 14:35:06,,
call,out,f818a67a8312718f9b8ec3d13c8167ecf342037,2010-10-15 17:37:01,,
call,in,fa10-01-52,2010-10-15 17:57:36,,
call,in,fa10-01-52,2010-10-15 20:15:56,,
call,in,fa10-01-52,2010-10-15 21:08:21,,
call,out,46e11d0a5a510aff99b59fb423a2bce4fcc5bc1a,2010-10-16 19:22:34,,
call,out,46e11d0a5a510aff99b59fb423a2bce4fcc5bc1a,2010-10-16 19:22:25,,
call,out,46e11d0a5a510aff99b59fb423a2bce4fcc5bc1a,2010-10-16 19:22:19,,
call,in,46e11d0a5a510aff99b59fb423a2bce4fcc5bc1a,2010-10-16 19:20:17,,
call,out,9b857ea23530ce9c4f90da20f2368854368c2f7d,2010-10-16 17:07:19,,
call,out,9b857ea23530ce9c4f90da20f2368854368c2f7d,2010-10-16 17:07:05,,
call,out,fa10-01-04,2010-10-16 17:06:37,,
call,out,fa10-01-77,2010-10-16 22:38:10,,
call,out,b02ccd4ab0e3b14f1ec35e2c32bc14bc0ec597b6,2010-10-17 17:25:01,,
call,in,fa10-01-52,2010-10-18 18:50:32,,
call,in,fa10-01-52,2010-10-18 18:41:18,,
call,in,fa10-01-52,2010-10-18 18:36:49,,
call,out,fa10-01-52,2010-10-18 18:28:32,,
call,out,bc16e72f47ca47f8db1e9466f9432cc46aa5fa5f,2010-10-18 16:30:38,,
call,out,f3048b18da2c56ef54e2c052aa15a66f6ad7e96d,2010-10-19 10:40:59,,
call,out,f3048b18da2c56ef54e2c052aa15a66f6ad7e96d,2010-10-19 10:40:32,,
call,out,fa10-01-52,2010-10-19 08:55:37,,
call,out,fa10-01-52,2010-10-20 17:58:57,,
call,out,fa10-01-52,2010-10-20 17:58:49,,
call,out,a0db91b8d2f91f6f2f406bd6cf553fdf0ab21ffa,2010-10-21 17:04:59,,
call,out,f818a67a8312718f9b8ec3d13c8167ecf342037,2010-10-21 17:18:04,,
call,out,f818a67a8312718f9b8ec3d13c8167ecf342037,2010-10-21 17:15:27,,
call,out,22d18c0fc624938975ba9ce707c672df1196edbf,2010-10-21 17:14:47,,
call,in,fa10-01-52,2010-10-21 17:35:17,,
call,out,fa10-01-52,2010-10-21 17:34:18,,
call,in,fa10-01-52,2010-10-21 17:32:33,,
call,in,a0db91b8d2f91f6f2f406bd6cf553fdf0ab21ffa,2010-10-21 17:30:58,,
call,in,fa10-01-52,2010-10-21 17:59:28,,
call,out,fa10-01-52,2010-10-21 18:03:03,,
call,in,46e11d0a5a510aff99b59fb423a2bce4fcc5bc1a,2010-10-21 19:08:23,,
call,out,fa10-01-07,2010-10-21 21:42:37,,
call,out,fa10-01-52,2010-10-21 23:26:37,,
call,out,a0db91b8d2f91f6f2f406bd6cf553fdf0ab21ffa,2010-10-21 22:39:00,,
call,in,fa10-01-52,2010-10-21 22:31:56,,
call,out,58a9a844915ee0348d4d2d1e0fe609ac5b830191,2010-10-22 11:14:18,,
call,out,a0db91b8d2f91f6f2f406bd6cf553fdf0ab21ffa,2010-10-22 10:46:22,,
call,out,58a9a844915ee0348d4d2d1e0fe609ac5b830191,2010-10-22 10:43:23,,
call,in,f3048b18da2c56ef54e2c052aa15a66f6ad7e96d,2010-10-22 12:28:05,,
call,out,f3048b18da2c56ef54e2c052aa15a66f6ad7e96d,2010-10-22 12:27:14,,
call,out,dfe1d60bf91e165f17e45901e85c13e370c058eb,2010-10-22 12:23:27,,
call,out,486c2b2cb40d4c173e88574e09ff12fe23e4aaa7,2010-10-22 12:21:02,,
call,out,dfe1d60bf91e165f17e45901e85c13e370c058eb,2010-10-22 12:20:46,,
call,out,dfe1d60bf91e165f17e45901e85c13e370c058eb,2010-10-22 12:00:38,,
call,out,dfe1d60bf91e165f17e45901e85c13e370c058eb,2010-10-22 11:59:32,,
call,in,58a9a844915ee0348d4d2d1e0fe609ac5b830191,2010-10-22 11:42:03,,
call,out,bc16e72f47ca47f8db1e9466f9432cc46aa5fa5f,2010-10-22 17:38:44,,
call,out,224cdcb413c53ae91172f2712d63a6fdeac26c24,2010-10-22 18:16:12,,
call,in,224cdcb413c53ae91172f2712d63a6fdeac26c24,2010-10-22 18:15:37,,
call,out,224cdcb413c53ae91172f2712d63a6fdeac26c24,2010-10-22 18:14:49,,
call,out,224cdcb413c53ae91172f2712d63a6fdeac26c24,2010-10-22 19:01:08,,
call,in,dfe1d60bf91e165f17e45901e85c13e370c058eb,2010-10-23 13:49:29,,
call,out,fa10-01-77,2010-10-23 18:30:12,,
call,out,fa10-01-77,2010-10-23 18:23:43,,
call,out,fa10-01-04,2010-10-23 16:40:16,,
call,out,fa10-01-04,2010-10-23 16:36:28,,
call,out,fa10-01-04,2010-10-23 16:35:26,,
call,in,1db31d3ec9a9b7095229e7bf4c07a358f6767e59,2010-10-23 16:29:36,,
call,in,fa10-01-52,2010-10-23 16:22:11,,
call,in,fa10-01-77,2010-10-23 20:16:12,,
call,out,9b857ea23530ce9c4f90da20f2368854368c2f7d,2010-10-24 13:53:16,,
call,out,ed1899e1cd1cbacfa339e9a359876868483b1b4e,2010-10-25 01:18:01,,
call,in,ed1899e1cd1cbacfa339e9a359876868483b1b4e,2010-10-25 00:35:39,,
call,in,fa10-01-52,2010-10-25 10:01:56,,
call,out,46e11d0a5a510aff99b59fb423a2bce4fcc5bc1a,2010-10-25 11:15:10,,
call,out,fa10-01-52,2010-10-25 16:14:46,,
call,out,4b45879fb0fc37da21b6c3d11ae67e7f159af788,2010-10-25 16:48:32,,
call,out,bc1ef7e37d6ecff709d74464872668d48291a31,2010-10-25 21:31:02,,
call,out,ed1899e1cd1cbacfa339e9a359876868483b1b4e,2010-10-25 21:30:32,,
call,out,ed1899e1cd1cbacfa339e9a359876868483b1b4e,2010-10-25 21:29:57,,
call,out,4cb146e0c12f458d58bb2cd17f9bb39bec063808,2010-10-25 21:19:07,,
call,out,fa10-01-04,2010-10-25 21:16:30,,
call,in,b933dc4cdd846641e2964b6eefb790df12e04c78,2010-10-25 21:00:34,,
call,out,3f0272f9ba12440af631bea77c7d40a926dbb886,2010-10-25 20:30:38,,
call,out,fa10-01-52,2010-10-25 20:28:18,,
call,in,fa10-01-52,2010-10-26 11:25:16,,
call,out,2f1c2e75d48c6226d574c5402302c7f8278ba8d3,2010-10-26 15:05:02,,
call,in,59f0196b76b5836aa23a93462df842bc2007c1db,2010-10-26 17:06:24,,
call,out,bc1ef7e37d6ecff709d74464872668d48291a31,2010-10-26 17:01:42,,
call,out,4cb146e0c12f458d58bb2cd17f9bb39bec063808,2010-10-26 23:00:02,,
call,out,24a8cafa1ef1b9f73fb96324f0158f28e7904ceb,2010-10-26 22:59:24,,
call,out,24a8cafa1ef1b9f73fb96324f0158f28e7904ceb,2010-10-26 22:59:07,,
call,out,60ab3237001939bc10e6dea7db7c841aa3af78a5,2010-10-26 18:44:45,,
call,out,f2d28ed87a287564c1ede7c7828e871bb90acf6c,2010-10-26 18:44:38,,
call,out,60ab3237001939bc10e6dea7db7c841aa3af78a5,2010-10-26 18:43:47,,
call,out,fee98842ce4007bbf79cdeb8d38b6866e6ce07da,2010-10-26 18:42:34,,
call,in,fa10-01-52,2010-10-26 18:30:06,,
call,out,fee98842ce4007bbf79cdeb8d38b6866e6ce07da,2010-10-26 18:23:33,,
call,out,fee98842ce4007bbf79cdeb8d38b6866e6ce07da,2010-10-26 18:23:11,,
call,out,fa10-01-77,2010-10-26 18:21:09,,
call,out,fee98842ce4007bbf79cdeb8d38b6866e6ce07da,2010-10-26 17:44:14,,
call,out,fa10-01-77,2010-10-26 17:16:30,,
call,out,fa10-01-52,2010-10-27 11:56:57,,
call,in,fa10-01-52,2010-10-27 12:05:38,,
call,out,fa10-01-52,2010-10-27 17:51:55,,
call,out,fa10-01-52,2010-10-27 17:51:31,,
call,out,fa10-01-52,2010-10-27 17:51:22,,
call,out,fa10-01-52,2010-10-27 17:53:08,,
call,in,fa10-01-52,2010-10-27 19:48:48,,
call,in,fa10-01-52,2010-10-27 19:42:08,,
call,in,f818a67a8312718f9b8ec3d13c8167ecf342037,2010-10-27 19:05:50,,
call,out,24a8cafa1ef1b9f73fb96324f0158f28e7904ceb,2010-10-27 18:30:07,,
call,out,fa10-01-52,2010-10-27 18:11:53,,
call,out,fa10-01-52,2010-10-27 17:54:29,,
call,out,c9ba46deb6f8adc101b1f138272a20e3d68da70c,2010-10-27 17:54:11,,
call,out,24a8cafa1ef1b9f73fb96324f0158f28e7904ceb,2010-10-27 22:46:58,,
call,out,3410eac01151bc5e14458f9b65f129f9ab1b1189,2010-10-27 21:23:21,,
call,out,3410eac01151bc5e14458f9b65f129f9ab1b1189,2010-10-27 21:23:00,,
call,in,7a70be21c7f8632bb52f8cb2527bbbca97129043,2010-10-27 20:49:22,,
call,in,20dc9e91d44ed253d2493115022463bd5c4f258d,2010-10-28 20:30:52,,
call,in,20dc9e91d44ed253d2493115022463bd5c4f258d,2010-10-28 20:13:38,,
call,out,24a8cafa1ef1b9f73fb96324f0158f28e7904ceb,2010-10-28 19:24:34,,
call,out,48e89e0d501af955deecdf469a40257a5485f676,2010-10-28 19:15:04,,
call,out,48e89e0d501af955deecdf469a40257a5485f676,2010-10-28 19:14:37,,
call,in,fa10-01-52,2010-10-28 19:00:40,,
call,out,fa10-01-52,2010-10-28 18:59:42,,
call,out,fa10-01-52,2010-10-28 18:59:36,,
call,in,fa10-01-52,2010-10-28 18:59:13,,
call,in,fa10-01-52,2010-10-28 18:58:43,,
call,out,ab2c6a1ae74561261123ff006a3f694d75e630a5,2010-10-28 12:48:05,,
call,in,fa10-01-52,2010-10-28 11:27:36,,
call,out,24a8cafa1ef1b9f73fb96324f0158f28e7904ceb,2010-10-28 10:44:58,,
call,out,3410eac01151bc5e14458f9b65f129f9ab1b1189,2010-10-28 10:44:33,,
call,out,fa10-01-52,2010-10-28 10:21:07,,
call,out,fa10-01-52,2010-10-28 10:10:21,,
call,out,20dc9e91d44ed253d2493115022463bd5c4f258d,2010-10-28 22:23:31,,
call,out,fa10-01-04,2010-10-28 22:22:23,,
call,out,20dc9e91d44ed253d2493115022463bd5c4f258d,2010-10-28 20:48:12,,
call,in,9fdfa8dabfc647d1c7f6c7d2f0f741b7cbd5b5b2,2010-10-29 08:45:36,,
call,in,fa10-01-52,2010-10-29 08:00:16,,
call,out,20dc9e91d44ed253d2493115022463bd5c4f258d,2010-10-29 09:25:20,,
call,out,4b45879fb0fc37da21b6c3d11ae67e7f159af788,2010-10-29 13:19:08,,
call,in,fa10-01-52,2010-10-29 13:09:47,,
call,out,fa10-01-52,2010-10-29 14:38:04,,
call,in,759b57a295a915c57c9b59ef118d832c28725b19,2010-10-29 16:38:15,,
call,out,759b57a295a915c57c9b59ef118d832c28725b19,2010-10-29 16:36:29,,
call,out,759b57a295a915c57c9b59ef118d832c28725b19,2010-10-29 16:32:38,,
call,in,fa10-01-52,2010-10-29 21:30:13,,
call,out,fa10-01-52,2010-10-29 21:03:41,,
call,out,fa10-01-52,2010-10-30 12:09:20,,
call,out,fa10-01-52,2010-10-30 18:00:43,,
call,out,24a8cafa1ef1b9f73fb96324f0158f28e7904ceb,2010-10-30 13:01:23,,
call,out,759b57a295a915c57c9b59ef118d832c28725b19,2010-10-30 12:58:08,,
call,out,fa10-01-52,2010-10-30 12:12:35,,
call,out,fa10-01-52,2010-10-30 18:33:24,,
call,out,24a8cafa1ef1b9f73fb96324f0158f28e7904ceb,2010-10-30 18:17:28,,
call,in,759b57a295a915c57c9b59ef118d832c28725b19,2010-10-30 18:15:57,,
call,out,759b57a295a915c57c9b59ef118d832c28725b19,2010-10-30 18:14:49,,
call,out,24a8cafa1ef1b9f73fb96324f0158f28e7904ceb,2010-10-30 18:13:42,,
call,in,94ba6442ecf1b5a37f84e891dd56090adfdaf951,2010-10-30 18:08:09,,
call,out,4b45879fb0fc37da21b6c3d11ae67e7f159af788,2010-10-30 18:05:56,,
call,out,fa10-01-07,2010-10-30 18:04:54,,
call,in,fa10-01-52,2010-10-30 18:03:43,,
call,out,fa10-01-52,2010-10-30 18:02:59,,
call,out,fa10-01-52,2010-10-30 18:02:23,,
call,out,46da9df8c0cfebc5296ce753579332801d979d50,2010-11-01 20:33:14,,
call,out,d2f7bc988a4e364f83a42b47f1041068252297e4,2010-11-01 19:13:22,,
call,out,fa10-01-52,2010-11-01 19:12:47,,
call,out,fa10-01-52,2010-11-01 19:11:26,,
call,out,fa10-01-52,2010-11-01 19:11:22,,
call,in,c2f1877d2c5f886f75ba20a94cdbc811d8fb1df0,2010-11-01 14:34:16,,
call,in,9b857ea23530ce9c4f90da20f2368854368c2f7d,2010-11-01 11:50:44,,
call,out,9b857ea23530ce9c4f90da20f2368854368c2f7d,2010-11-01 11:50:40,,
call,out,9b857ea23530ce9c4f90da20f2368854368c2f7d,2010-11-01 11:49:49,,
call,in,d2f7bc988a4e364f83a42b47f1041068252297e4,2010-11-01 11:17:37,,
call,in,24a8cafa1ef1b9f73fb96324f0158f28e7904ceb,2010-11-01 11:09:30,,
call,in,e556efe2bdc06751109c008df21ea1ddf41d34c5,2010-11-02 11:07:38,,
call,out,e556efe2bdc06751109c008df21ea1ddf41d34c5,2010-11-02 10:03:11,,
call,out,e556efe2bdc06751109c008df21ea1ddf41d34c5,2010-11-02 10:03:04,,
call,out,3410eac01151bc5e14458f9b65f129f9ab1b1189,2010-11-02 21:11:25,,
call,in,9b857ea23530ce9c4f90da20f2368854368c2f7d,2010-11-02 18:17:35,,
call,in,9b857ea23530ce9c4f90da20f2368854368c2f7d,2010-11-02 16:40:46,,
call,in,15e2654f84f99f01821f050a21e76a5a8253cb67,2010-11-02 13:42:17,,
call,out,e556efe2bdc06751109c008df21ea1ddf41d34c5,2010-11-02 12:05:21,,
call,in,cfe5f1068ca9018f6589669226a5581cc99b3ac6,2010-11-02 22:11:34,,
call,out,99c99223d9f86b1b58ce15ecf5be35497159eddd,2010-11-03 21:04:58,,
call,out,15e2654f84f99f01821f050a21e76a5a8253cb67,2010-11-03 20:04:01,,
call,out,825783b072a4e7311bc3dac9be782a124d1ece74,2010-11-03 19:51:00,,
call,out,825783b072a4e7311bc3dac9be782a124d1ece74,2010-11-03 19:37:07,,
call,in,825783b072a4e7311bc3dac9be782a124d1ece74,2010-11-03 19:33:12,,
call,in,fa10-01-52,2010-11-03 18:30:14,,
call,out,fa10-01-52,2010-11-03 18:17:28,,
call,in,fa10-01-52,2010-11-03 16:40:22,,
call,out,99c99223d9f86b1b58ce15ecf5be35497159eddd,2010-11-03 23:56:46,,
call,out,99c99223d9f86b1b58ce15ecf5be35497159eddd,2010-11-03 23:15:29,,
call,out,99c99223d9f86b1b58ce15ecf5be35497159eddd,2010-11-03 23:15:05,,
call,in,3410eac01151bc5e14458f9b65f129f9ab1b1189,2010-11-03 21:52:01,,
call,out,3410eac01151bc5e14458f9b65f129f9ab1b1189,2010-11-03 21:49:42,,
call,in,46e11d0a5a510aff99b59fb423a2bce4fcc5bc1a,2010-11-04 19:12:55,,
call,in,fa10-01-52,2010-11-04 19:06:45,,
call,in,fa10-01-52,2010-11-04 11:48:12,,
call,in,fa10-01-52,2010-11-05 10:39:12,,
call,in,6f8c734e50ab690848ba1632b3771a082016181e,2010-11-05 20:18:24,,
call,in,8844976b047cae77c0f1cd9ad114e8a78eb65163,2010-11-05 19:51:04,,
call,in,fa10-01-52,2010-11-05 17:49:19,,
call,out,fa10-01-52,2010-11-05 17:42:28,,
call,out,fa10-01-52,2010-11-05 17:40:53,,
call,out,fa10-01-52,2010-11-05 17:40:18,,
call,out,fa10-01-52,2010-11-05 17:37:07,,
call,out,fa10-01-52,2010-11-05 17:26:56,,
call,in,fa10-01-52,2010-11-05 16:57:30,,
call,in,4b45879fb0fc37da21b6c3d11ae67e7f159af788,2010-11-05 15:07:55,,
call,out,46e11d0a5a510aff99b59fb423a2bce4fcc5bc1a,2010-11-05 11:56:02,,
call,out,46e11d0a5a510aff99b59fb423a2bce4fcc5bc1a,2010-11-05 11:54:03,,
call,in,20dc9e91d44ed253d2493115022463bd5c4f258d,2010-11-06 00:32:31,,
call,in,15e2654f84f99f01821f050a21e76a5a8253cb67,2010-11-05 22:25:01,,
call,in,fa10-01-52,2010-11-09 11:46:23,,
call,in,fa10-01-52,2010-11-08 16:57:25,,
call,out,fa10-01-52,2010-11-08 13:00:57,,
call,in,dfe1d60bf91e165f17e45901e85c13e370c058eb,2010-11-07 16:48:10,,
call,in,1db31d3ec9a9b7095229e7bf4c07a358f6767e59,2010-11-07 16:03:23,,
call,out,486c2b2cb40d4c173e88574e09ff12fe23e4aaa7,2010-11-07 14:15:48,,
call,out,fa10-01-52,2010-11-07 13:46:58,,
call,out,fa10-01-52,2010-11-07 13:41:13,,
call,out,fa10-01-52,2010-11-07 13:22:24,,
call,out,fa10-01-52,2010-11-07 11:12:02,,
call,in,3410eac01151bc5e14458f9b65f129f9ab1b1189,2010-11-07 08:59:58,,
call,in,15e2654f84f99f01821f050a21e76a5a8253cb67,2010-11-06 23:22:25,,
call,in,3410eac01151bc5e14458f9b65f129f9ab1b1189,2010-11-06 18:28:02,,
call,in,1cf47aafef214b6dcca1bd5be672876dd677cdd4,2010-11-06 17:56:34,,
call,out,6f8c734e50ab690848ba1632b3771a082016181e,2010-11-06 15:55:36,,
call,out,6f8c734e50ab690848ba1632b3771a082016181e,2010-11-06 15:55:02,,
call,out,6f8c734e50ab690848ba1632b3771a082016181e,2010-11-06 15:49:32,,
call,out,6f8c734e50ab690848ba1632b3771a082016181e,2010-11-06 15:49:12,,
call,out,6f8c734e50ab690848ba1632b3771a082016181e,2010-11-06 15:39:14,,
call,out,6f8c734e50ab690848ba1632b3771a082016181e,2010-11-06 15:38:17,,
call,out,6f8c734e50ab690848ba1632b3771a082016181e,2010-11-06 15:17:02,,
call,in,6f8c734e50ab690848ba1632b3771a082016181e,2010-11-06 15:10:09,,
call,out,fa10-01-52,2010-11-06 13:07:55,,
call,out,46e11d0a5a510aff99b59fb423a2bce4fcc5bc1a,2010-11-06 12:31:30,,
call,out,224cdcb413c53ae91172f2712d63a6fdeac26c24,2010-11-06 11:30:28,,
call,out,486c2b2cb40d4c173e88574e09ff12fe23e4aaa7,2010-11-06 11:13:12,,
call,out,fa10-01-04,2010-11-09 22:46:11,,
call,out,fa10-01-04,2010-11-09 22:43:51,,
call,in,20dc9e91d44ed253d2493115022463bd5c4f258d,2010-11-09 20:19:05,,
call,out,20dc9e91d44ed253d2493115022463bd5c4f258d,2010-11-09 19:58:59,,
call,out,fa10-01-04,2010-11-09 16:14:49,,
call,out,4b45879fb0fc37da21b6c3d11ae67e7f159af788,2010-11-09 16:07:39,,
call,out,a203723b3cb73d10346698fc19e8afc55c6ad406,2010-11-09 16:07:28,,
call,out,fa10-01-04,2010-11-09 16:06:32,,
call,out,a203723b3cb73d10346698fc19e8afc55c6ad406,2010-11-09 16:06:13,,
call,out,a203723b3cb73d10346698fc19e8afc55c6ad406,2010-11-09 16:05:55,,
call,out,20dc9e91d44ed253d2493115022463bd5c4f258d,2010-11-09 16:04:01,,
call,out,fa10-01-04,2010-11-09 16:03:15,,
call,out,20dc9e91d44ed253d2493115022463bd5c4f258d,2010-11-09 14:49:14,,
call,out,fa10-01-04,2010-11-09 14:06:16,,
call,out,3410eac01151bc5e14458f9b65f129f9ab1b1189,2010-11-10 10:17:18,,
call,in,f3048b18da2c56ef54e2c052aa15a66f6ad7e96d,2010-11-10 14:04:56,,
call,in,4dfefd1c8c38637ee19ed056f84621a034ab5961,2010-11-10 19:46:32,,
call,out,b02ccd4ab0e3b14f1ec35e2c32bc14bc0ec597b6,2010-11-11 10:55:32,,
call,in,3410eac01151bc5e14458f9b65f129f9ab1b1189,2010-11-11 08:01:07,,
call,out,fa10-01-52,2010-11-11 18:28:50,,
call,in,46e11d0a5a510aff99b59fb423a2bce4fcc5bc1a,2010-11-11 17:09:13,,
call,out,486c2b2cb40d4c173e88574e09ff12fe23e4aaa7,2010-11-12 09:37:29,,
call,out,a203723b3cb73d10346698fc19e8afc55c6ad406,2010-11-12 13:15:48,,
call,out,cf9d50b57e41dac6fa1093c1ebda865e3206182d,2010-11-12 11:28:40,,
call,out,9b857ea23530ce9c4f90da20f2368854368c2f7d,2010-11-12 21:58:27,,
call,in,e556efe2bdc06751109c008df21ea1ddf41d34c5,2010-11-12 20:12:10,,
call,out,e556efe2bdc06751109c008df21ea1ddf41d34c5,2010-11-12 20:11:20,,
call,out,fa10-01-52,2010-11-12 17:51:55,,
call,in,fa10-01-52,2010-11-12 17:28:02,,
call,in,356a192b7913b04c54574d18c28d46e6395428ab,2010-11-12 15:02:51,,
call,in,9b857ea23530ce9c4f90da20f2368854368c2f7d,2010-11-12 14:02:01,,
call,out,9b857ea23530ce9c4f90da20f2368854368c2f7d,2010-11-12 13:17:06,,
call,out,3410eac01151bc5e14458f9b65f129f9ab1b1189,2010-11-13 08:56:59,,
call,out,48e89e0d501af955deecdf469a40257a5485f676,2010-11-13 19:13:42,,
call,out,9b857ea23530ce9c4f90da20f2368854368c2f7d,2010-11-13 18:55:13,,
call,out,48e89e0d501af955deecdf469a40257a5485f676,2010-11-13 18:38:29,,
call,out,48e89e0d501af955deecdf469a40257a5485f676,2010-11-13 17:46:19,,
call,out,48e89e0d501af955deecdf469a40257a5485f676,2010-11-13 16:57:29,,
call,in,9b857ea23530ce9c4f90da20f2368854368c2f7d,2010-11-13 15:14:19,,
call,in,9b857ea23530ce9c4f90da20f2368854368c2f7d,2010-11-13 14:58:30,,
call,in,1bdac3fb0f7694cbb6ede5b15235f8609b022240,2010-11-13 14:36:23,,
call,out,48e89e0d501af955deecdf469a40257a5485f676,2010-11-13 21:56:48,,
call,out,fa10-01-52,2010-11-13 22:27:31,,
call,out,48e89e0d501af955deecdf469a40257a5485f676,2010-11-13 22:26:15,,
call,out,48e89e0d501af955deecdf469a40257a5485f676,2010-11-13 22:17:18,,
call,out,48e89e0d501af955deecdf469a40257a5485f676,2010-11-14 16:58:00,,
call,in,dfe1d60bf91e165f17e45901e85c13e370c058eb,2010-11-14 16:56:30,,
call,out,dfe1d60bf91e165f17e45901e85c13e370c058eb,2010-11-14 16:54:24,,
call,out,48e89e0d501af955deecdf469a40257a5485f676,2010-11-14 16:52:34,,
call,in,fa10-01-52,2010-11-14 13:26:04,,
call,in,fa10-01-52,2010-11-15 17:18:22,,
call,in,fa10-01-52,2010-11-16 18:26:14,,
call,in,fa10-01-52,2010-11-16 18:25:37,,
call,in,fa10-01-52,2010-11-16 18:24:49,,
call,out,fa10-01-52,2010-11-16 17:54:41,,
call,out,fee98842ce4007bbf79cdeb8d38b6866e6ce07da,2010-11-16 15:02:17,,
call,out,fee98842ce4007bbf79cdeb8d38b6866e6ce07da,2010-11-16 13:06:26,,
call,out,fee98842ce4007bbf79cdeb8d38b6866e6ce07da,2010-11-16 11:44:20,,
call,out,fee98842ce4007bbf79cdeb8d38b6866e6ce07da,2010-11-16 11:34:36,,
call,out,fee98842ce4007bbf79cdeb8d38b6866e6ce07da,2010-11-16 11:28:59,,
call,out,fee98842ce4007bbf79cdeb8d38b6866e6ce07da,2010-11-16 11:23:49,,
call,out,fa10-01-52,2010-11-17 18:28:59,,
call,out,fa10-01-52,2010-11-17 18:11:28,,
call,out,fee98842ce4007bbf79cdeb8d38b6866e6ce07da,2010-11-17 15:55:12,,
call,out,fee98842ce4007bbf79cdeb8d38b6866e6ce07da,2010-11-17 15:41:35,,
call,out,fa10-01-52,2010-11-18 18:02:15,,
call,out,fa10-01-52,2010-11-18 18:02:01,,
call,in,fa10-01-52,2010-11-18 18:13:50,,
call,in,fa10-01-52,2010-11-18 18:13:21,,
call,in,9b857ea23530ce9c4f90da20f2368854368c2f7d,2010-11-18 23:56:28,,
call,out,9b857ea23530ce9c4f90da20f2368854368c2f7d,2010-11-18 20:37:58,,
call,out,9b857ea23530ce9c4f90da20f2368854368c2f7d,2010-11-18 20:36:06,,
call,out,9b857ea23530ce9c4f90da20f2368854368c2f7d,2010-11-18 20:35:27,,
call,out,fa10-01-52,2010-11-18 19:21:19,,
call,out,9b857ea23530ce9c4f90da20f2368854368c2f7d,2010-11-19 08:28:11,,
call,in,9b857ea23530ce9c4f90da20f2368854368c2f7d,2010-11-19 21:47:51,,
call,out,9b857ea23530ce9c4f90da20f2368854368c2f7d,2010-11-19 19:14:40,,
call,in,fa10-01-52,2010-11-19 19:07:30,,
call,out,9b857ea23530ce9c4f90da20f2368854368c2f7d,2010-11-19 14:43:38,,
call,out,b5b0ac0e74d54f398c125090c2649fde09e22cc3,2010-11-20 11:15:40,,
call,in,3410eac01151bc5e14458f9b65f129f9ab1b1189,2010-11-20 10:40:07,,
call,out,48e89e0d501af955deecdf469a40257a5485f676,2010-11-21 14:44:28,,
call,in,3208cf5eb44ec29bc688b322330ab4a378cf37eb,2010-11-22 13:17:05,,
call,in,fa10-01-52,2010-11-22 18:33:24,,
call,in,fa10-01-52,2010-11-23 18:04:33,,
call,out,fa10-01-52,2010-11-23 17:21:25,,
call,in,fa10-01-52,2010-11-24 15:02:55,,
call,in,fa10-01-52,2010-11-24 12:23:18,,
call,in,ca99b98ea13cb367c6d5c3e83f5237c4cb48e26,2010-11-25 21:45:33,,
call,out,825783b072a4e7311bc3dac9be782a124d1ece74,2010-11-25 18:26:14,,
call,in,b5b0ac0e74d54f398c125090c2649fde09e22cc3,2010-11-25 18:22:54,,
call,in,fa10-01-52,2010-11-26 10:35:26,,
call,in,fa10-01-52,2010-11-26 10:23:11,,
call,out,fa10-01-52,2010-11-26 10:21:35,,
call,in,24a8cafa1ef1b9f73fb96324f0158f28e7904ceb,2010-11-26 12:05:03,,
call,out,24a8cafa1ef1b9f73fb96324f0158f28e7904ceb,2010-11-26 12:02:35,,
call,out,fa10-01-52,2010-11-26 12:01:54,,
call,out,24a8cafa1ef1b9f73fb96324f0158f28e7904ceb,2010-11-26 11:59:35,,
call,out,fa10-01-52,2010-11-26 11:58:52,,
call,in,fa10-01-52,2010-11-26 11:30:51,,
call,in,fa10-01-52,2010-11-26 11:27:13,,
call,in,1cf47aafef214b6dcca1bd5be672876dd677cdd4,2010-11-26 13:22:50,,
call,out,fa10-01-52,2010-11-26 12:57:56,,
call,in,1cf47aafef214b6dcca1bd5be672876dd677cdd4,2010-11-26 18:14:03,,
call,in,fa10-01-52,2010-11-28 16:50:01,,
call,out,fa10-01-52,2010-11-29 18:40:18,,
call,out,fa10-01-52,2010-11-29 16:51:53,,
call,out,cf9d50b57e41dac6fa1093c1ebda865e3206182d,2010-11-29 21:25:29,,
call,in,fa10-01-52,2010-11-30 18:20:14,,
call,out,fa10-01-52,2010-12-01 17:52:48,,
call,out,fa10-01-52,2010-12-01 17:27:54,,
call,in,fa10-01-52,2010-12-01 17:19:49,,
call,in,fa10-01-52,2010-12-01 16:22:58,,
call,out,cf9d50b57e41dac6fa1093c1ebda865e3206182d,2010-12-01 15:33:53,,
call,out,fa10-01-04,2010-12-01 12:03:23,,
call,in,fa10-01-52,2010-12-02 14:28:19,,
call,in,fa10-01-52,2010-12-02 14:22:30,,
call,in,fa10-01-52,2010-12-02 13:41:04,,
call,in,fa10-01-52,2010-12-03 10:30:08,,
call,out,1cf47aafef214b6dcca1bd5be672876dd677cdd4,2010-12-03 20:02:31,,
call,out,fa10-01-52,2010-12-03 19:51:25,,
call,out,fa10-01-52,2010-12-03 19:09:32,,
call,out,b5b0ac0e74d54f398c125090c2649fde09e22cc3,2010-12-03 11:49:44,,
call,out,4b45879fb0fc37da21b6c3d11ae67e7f159af788,2010-12-03 11:42:59,,
call,out,4b45879fb0fc37da21b6c3d11ae67e7f159af788,2010-12-04 23:21:11,,
call,out,fc5118e4f3ac43aa43634391714a31f4a3a484ac,2010-12-04 18:22:59,,
call,out,fc5118e4f3ac43aa43634391714a31f4a3a484ac,2010-12-04 18:20:45,,
call,out,fc5118e4f3ac43aa43634391714a31f4a3a484ac,2010-12-04 18:20:09,,
call,in,fa10-01-52,2010-12-04 15:25:09,,
call,out,cf9d50b57e41dac6fa1093c1ebda865e3206182d,2010-12-05 18:19:08,,
call,in,46da9df8c0cfebc5296ce753579332801d979d50,2010-12-06 20:31:13,,
call,in,fa10-01-52,2010-12-06 17:28:03,,
call,out,fa10-01-52,2010-12-06 16:44:30,,
call,in,46da9df8c0cfebc5296ce753579332801d979d50,2010-12-06 16:38:40,,
call,out,46da9df8c0cfebc5296ce753579332801d979d50,2010-12-06 16:23:30,,
call,out,fa10-01-52,2010-12-06 15:50:27,,
call,out,fa10-01-52,2010-12-06 15:49:45,,
call,out,fa10-01-52,2010-12-06 15:13:37,,
call,out,fa10-01-04,2010-12-07 15:23:46,,
call,in,fa10-01-52,2010-12-07 17:50:07,,
call,in,fa10-01-52,2010-12-07 17:01:38,,
call,out,fa10-01-04,2010-12-08 18:14:20,,
call,out,fa10-01-52,2010-12-08 17:52:39,,
call,in,fa10-01-52,2010-12-09 18:58:38,,
call,out,fa10-01-52,2010-12-09 18:58:11,,
call,out,fa10-01-52,2010-12-09 18:30:09,,
call,out,fa10-01-52,2010-12-09 17:58:31,,
call,out,fa10-01-52,2010-12-09 17:58:17,,
call,in,fa10-01-52,2010-12-09 17:57:41,,
call,in,ac54329bfbbe53f396b0167bf3d8614709fab2a8,2010-12-09 12:11:34,,
call,in,ac54329bfbbe53f396b0167bf3d8614709fab2a8,2010-12-09 12:09:31,,
call,out,ac54329bfbbe53f396b0167bf3d8614709fab2a8,2010-12-09 12:06:19,,
call,out,463ef988d69363fb68f05306310b6ea3fa204d08,2010-12-14 14:09:43,,
call,out,463ef988d69363fb68f05306310b6ea3fa204d08,2010-12-14 14:02:43,,
call,in,fa10-01-52,2010-12-14 12:36:31,,
call,out,fa10-01-52,2010-12-14 08:54:07,,
call,out,fa10-01-04,2010-12-13 18:22:16,,
call,out,fa10-01-04,2010-12-13 18:18:40,,
call,in,fa10-01-52,2010-12-13 18:16:24,,
call,in,fa10-01-52,2010-12-13 11:48:34,,
call,out,fa10-01-52,2010-12-13 11:43:11,,
call,out,fa10-01-52,2010-12-13 11:09:47,,
call,out,a0db91b8d2f91f6f2f406bd6cf553fdf0ab21ffa,2010-12-11 19:47:06,,
call,out,a0db91b8d2f91f6f2f406bd6cf553fdf0ab21ffa,2010-12-11 18:51:48,,
call,out,fa10-01-04,2010-12-11 18:37:55,,
call,out,1cf47aafef214b6dcca1bd5be672876dd677cdd4,2010-12-11 15:12:45,,
call,out,224cdcb413c53ae91172f2712d63a6fdeac26c24,2010-12-10 21:37:44,,
call,out,a0db91b8d2f91f6f2f406bd6cf553fdf0ab21ffa,2010-12-10 17:48:03,,
call,in,9b857ea23530ce9c4f90da20f2368854368c2f7d,2010-12-17 17:31:50,,
call,out,9b857ea23530ce9c4f90da20f2368854368c2f7d,2010-12-17 17:29:51,,
call,in,fa10-01-52,2010-12-17 17:28:14,,
call,in,fa10-01-52,2010-12-17 16:45:05,,
call,in,fa10-01-52,2010-12-17 11:33:43,,
call,out,1cf47aafef214b6dcca1bd5be672876dd677cdd4,2010-12-16 20:22:17,,
call,out,3410eac01151bc5e14458f9b65f129f9ab1b1189,2010-12-16 20:19:43,,
call,in,fa10-01-52,2010-12-16 16:18:13,,
call,out,3410eac01151bc5e14458f9b65f129f9ab1b1189,2010-12-16 11:34:28,,
call,out,fa10-01-52,2010-12-15 18:59:09,,
call,out,fa10-01-04,2010-12-15 14:21:13,,
call,out,fa10-01-52,2010-12-15 13:13:39,,
call,in,fa10-01-52,2010-12-15 13:11:03,,
call,in,fa10-01-52,2010-12-15 13:10:33,,
call,out,9b857ea23530ce9c4f90da20f2368854368c2f7d,2010-12-19 14:30:42,,
call,out,fa10-01-52,2010-12-19 13:24:47,,
call,out,f818a67a8312718f9b8ec3d13c8167ecf342037,2010-12-17 18:58:17,,
call,out,fa10-01-04,2010-12-17 18:55:48,,
call,in,356a192b7913b04c54574d18c28d46e6395428ab,2010-12-20 11:20:54,,
call,out,eec7b859680b605288f8aa3eddd649a8160bb2a,2010-12-21 10:15:48,,
call,out,eec7b859680b605288f8aa3eddd649a8160bb2a,2010-12-21 09:47:54,,
call,out,68d8bb5829daa59bcc01278e72d827906f0884f1,2010-12-21 09:46:10,,
call,in,8aa2f5ec60e57a81cb226297771183b53d4d1de3,2010-12-21 09:35:46,,
call,out,68d8bb5829daa59bcc01278e72d827906f0884f1,2010-12-21 09:32:49,,
call,out,68d8bb5829daa59bcc01278e72d827906f0884f1,2010-12-21 09:19:57,,
call,in,fa10-01-52,2010-12-21 08:43:17,,
call,out,fa10-01-52,2010-12-20 17:54:20,,
call,in,fa10-01-52,2010-12-20 16:36:31,,
call,out,fa10-01-52,2010-12-20 16:25:18,,
call,in,fa10-01-52,2010-12-20 16:23:27,,
call,out,5949164003b073d7a82ef16781a7268d40f76467,2010-12-20 13:44:41,,
call,out,68d8bb5829daa59bcc01278e72d827906f0884f1,2010-12-20 12:26:26,,
call,out,68d8bb5829daa59bcc01278e72d827906f0884f1,2010-12-20 12:25:41,,
call,out,fee98842ce4007bbf79cdeb8d38b6866e6ce07da,2010-12-21 11:12:03,,
call,out,fa10-01-52,2010-12-21 12:59:12,,
call,out,fa10-01-52,2010-12-25 10:34:55,,
call,out,fa10-01-52,2010-12-25 09:30:11,,
call,in,356a192b7913b04c54574d18c28d46e6395428ab,2010-12-25 06:53:33,,
call,in,356a192b7913b04c54574d18c28d46e6395428ab,2010-12-25 06:52:15,,
call,out,3689b84c7f36f46c2e5f462ee7eca39dab8c3dcd,2010-12-24 17:39:01,,
call,in,fa10-01-52,2010-12-24 16:06:34,,
call,in,fa10-01-52,2010-12-23 15:48:04,,
call,in,fa10-01-52,2010-12-23 15:47:27,,
call,in,fa10-01-52,2010-12-23 15:31:01,,
call,in,fa10-01-52,2010-12-23 11:40:07,,
call,in,3689b84c7f36f46c2e5f462ee7eca39dab8c3dcd,2010-12-22 22:48:06,,
call,in,fa10-01-52,2010-12-22 17:26:38,,
call,in,fa10-01-52,2010-12-21 17:30:19,,
call,out,fa10-01-52,2010-12-21 17:27:40,,
call,out,fa10-01-52,2010-12-21 17:14:56,,
call,out,fa10-01-52,2010-12-21 17:14:34,,
call,out,fa10-01-52,2010-12-25 15:07:01,,
call,out,fa10-01-52,2010-12-25 15:06:53,,
call,out,fa10-01-52,2010-12-25 12:47:23,,
call,out,fa10-01-52,2011-01-30 13:55:55,,
call,out,fa10-01-52,2011-01-30 13:55:20,,
call,out,fa10-01-52,2011-01-30 20:39:32,,
call,in,87885b451c54ce1bdfd33865af68d7258e43dec4,2011-01-31 19:58:56,,
call,in,46da9df8c0cfebc5296ce753579332801d979d50,2011-01-31 19:51:38,,
call,out,46da9df8c0cfebc5296ce753579332801d979d50,2011-01-31 19:09:54,,
call,out,46da9df8c0cfebc5296ce753579332801d979d50,2011-01-31 18:43:34,,
call,out,fa10-01-52,2011-01-31 18:19:53,,
call,out,fa10-01-52,2011-01-31 18:19:30,,
call,out,fa10-01-52,2011-01-31 17:37:01,,
call,out,4782abe11c7d12019a931d9e3e3e9a5522f93b5c,2011-01-31 09:29:05,,
call,out,4782abe11c7d12019a931d9e3e3e9a5522f93b5c,2011-01-31 09:12:17,,
call,out,93d90ca17daf0817c787488e87bda278c2ea9843,2011-02-02 08:34:58,,
call,out,fa10-01-04,2011-02-01 17:39:05,,
call,out,fa10-01-04,2011-02-01 17:36:47,,
call,out,fa10-01-04,2011-02-01 17:36:22,,
call,out,fa10-01-52,2011-02-01 17:33:52,,
call,in,20dc9e91d44ed253d2493115022463bd5c4f258d,2011-02-06 22:27:54,,
call,out,20dc9e91d44ed253d2493115022463bd5c4f258d,2011-02-06 22:10:08,,
call,in,b91b8d0549c85807d2b4bf52be432dc11e47cb8,2011-02-06 20:42:37,,
call,out,b5b0ac0e74d54f398c125090c2649fde09e22cc3,2011-02-06 12:41:09,,
call,out,b5b0ac0e74d54f398c125090c2649fde09e22cc3,2011-02-06 12:40:55,,
call,in,1db31d3ec9a9b7095229e7bf4c07a358f6767e59,2011-02-05 21:14:01,,
call,in,9b857ea23530ce9c4f90da20f2368854368c2f7d,2011-02-05 18:48:16,,
call,out,9b857ea23530ce9c4f90da20f2368854368c2f7d,2011-02-05 15:55:09,,
call,out,5949164003b073d7a82ef16781a7268d40f76467,2011-02-05 11:26:30,,
call,out,5949164003b073d7a82ef16781a7268d40f76467,2011-02-05 11:25:33,,
call,out,9b857ea23530ce9c4f90da20f2368854368c2f7d,2011-02-05 11:20:17,,
call,out,9b857ea23530ce9c4f90da20f2368854368c2f7d,2011-02-05 11:13:42,,
call,out,9b857ea23530ce9c4f90da20f2368854368c2f7d,2011-02-05 09:16:27,,
call,in,9b857ea23530ce9c4f90da20f2368854368c2f7d,2011-02-04 22:12:30,,
call,in,f3048b18da2c56ef54e2c052aa15a66f6ad7e96d,2011-02-04 17:42:36,,
call,out,d4a163b6e1a9e644b9eee6a9553b4f1392896aae,2011-02-04 17:28:35,,
call,out,f3048b18da2c56ef54e2c052aa15a66f6ad7e96d,2011-02-04 17:16:21,,
call,out,d4a163b6e1a9e644b9eee6a9553b4f1392896aae,2011-02-04 17:13:11,,
call,out,f3048b18da2c56ef54e2c052aa15a66f6ad7e96d,2011-02-04 16:55:22,,
call,out,f3048b18da2c56ef54e2c052aa15a66f6ad7e96d,2011-02-04 16:54:53,,
call,in,f3048b18da2c56ef54e2c052aa15a66f6ad7e96d,2011-02-04 16:36:31,,
call,in,fa10-01-52,2011-02-04 14:48:00,,
call,out,fee98842ce4007bbf79cdeb8d38b6866e6ce07da,2011-02-04 14:42:54,,
call,in,fa10-01-52,2011-02-03 17:50:56,,
call,out,fa10-01-52,2011-02-03 17:49:55,,
call,in,9b857ea23530ce9c4f90da20f2368854368c2f7d,2011-02-03 17:35:19,,
call,in,4b45879fb0fc37da21b6c3d11ae67e7f159af788,2011-02-02 18:45:59,,
call,out,1cf47aafef214b6dcca1bd5be672876dd677cdd4,2011-02-02 18:38:05,,
call,out,fa10-01-04,2011-02-08 22:05:54,,
call,out,fa10-01-04,2011-02-08 21:50:07,,
call,in,98b33f285877100ef0933c11e1a40404a83f1707,2011-02-08 21:39:58,,
call,in,356a192b7913b04c54574d18c28d46e6395428ab,2011-02-08 16:38:40,,
call,in,356a192b7913b04c54574d18c28d46e6395428ab,2011-02-08 16:37:38,,
call,in,e8bc683d3ec75cb8d7ef44631aeca382afbaf158,2011-02-08 14:14:06,,
call,in,e058b8dbe3ac0c8ff1fa00420a625de1db697d33,2011-02-08 11:55:31,,
call,in,e058b8dbe3ac0c8ff1fa00420a625de1db697d33,2011-02-08 11:39:55,,
call,out,e058b8dbe3ac0c8ff1fa00420a625de1db697d33,2011-02-08 11:36:59,,
call,in,356a192b7913b04c54574d18c28d46e6395428ab,2011-02-08 01:12:50,,
call,out,fa10-01-52,2011-02-07 19:12:33,,
call,out,fa10-01-07,2011-02-07 19:10:33,,
call,out,fa10-01-52,2011-02-07 19:04:59,,
call,in,fa10-01-52,2011-02-07 18:54:08,,
call,in,fa10-01-52,2011-02-07 18:53:26,,
call,in,fa10-01-52,2011-02-07 16:58:46,,
call,in,fa10-01-52,2011-02-07 16:55:02,,
call,out,fa10-01-52,2011-02-07 16:51:30,,
call,in,e058b8dbe3ac0c8ff1fa00420a625de1db697d33,2011-02-07 15:06:15,,
call,out,e058b8dbe3ac0c8ff1fa00420a625de1db697d33,2011-02-07 14:56:08,,
call,in,5797e6f9dfc90241a86fe6779b78bc6efb0c5aa2,2011-02-14 00:39:45,,
call,in,5797e6f9dfc90241a86fe6779b78bc6efb0c5aa2,2011-02-13 23:17:30,,
call,in,5797e6f9dfc90241a86fe6779b78bc6efb0c5aa2,2011-02-13 22:40:17,,
call,out,fa10-01-52,2011-02-13 21:53:38,,
call,in,fa10-01-52,2011-02-13 21:43:14,,
call,in,1db31d3ec9a9b7095229e7bf4c07a358f6767e59,2011-02-13 21:42:08,,
call,in,fa10-01-52,2011-02-13 20:42:22,,
call,in,356a192b7913b04c54574d18c28d46e6395428ab,2011-02-14 23:33:07,,
call,in,5797e6f9dfc90241a86fe6779b78bc6efb0c5aa2,2011-02-14 22:03:35,,
call,out,9b4b5784c6fff2acbb8409a6c522d771edb2f2e0,2011-02-14 22:00:55,,
call,in,fa10-01-52,2011-02-14 20:35:08,,
call,out,fa10-01-52,2011-02-14 19:42:42,,
call,out,fa10-01-52,2011-02-14 19:41:53,,
call,in,fa10-01-52,2011-02-14 19:41:21,,
call,out,9b4b5784c6fff2acbb8409a6c522d771edb2f2e0,2011-02-14 19:13:23,,
call,out,9b4b5784c6fff2acbb8409a6c522d771edb2f2e0,2011-02-14 17:56:54,,
call,in,356a192b7913b04c54574d18c28d46e6395428ab,2011-02-14 15:11:54,,
call,out,fa10-01-52,2011-02-14 15:10:36,,
call,out,fa10-01-52,2011-02-14 15:00:13,,
call,in,e058b8dbe3ac0c8ff1fa00420a625de1db697d33,2011-02-14 14:28:32,,
call,in,356a192b7913b04c54574d18c28d46e6395428ab,2011-02-15 11:57:33,,
call,in,163b690dcc3508ca23581f9cddb60a1804edbdab,2011-02-17 01:42:33,,
call,in,fa10-01-52,2011-02-16 18:39:13,,
call,in,fa10-01-52,2011-02-16 18:38:13,,
call,in,fa10-01-52,2011-02-16 18:16:50,,
call,in,356a192b7913b04c54574d18c28d46e6395428ab,2011-02-16 16:30:18,,
call,in,87885b451c54ce1bdfd33865af68d7258e43dec4,2011-02-16 16:12:37,,
call,out,fa10-01-52,2011-02-16 16:07:49,,
call,out,87885b451c54ce1bdfd33865af68d7258e43dec4,2011-02-16 16:03:53,,
call,in,87885b451c54ce1bdfd33865af68d7258e43dec4,2011-02-16 15:57:34,,
call,out,fa10-01-52,2011-02-15 17:23:31,,
call,in,fa10-01-52,2011-02-15 17:22:26,,
call,in,fa10-01-52,2011-02-15 17:22:07,,
call,in,fa10-01-52,2011-02-15 17:21:49,,
call,out,fa10-01-52,2011-02-15 12:38:54,,
call,in,24a8cafa1ef1b9f73fb96324f0158f28e7904ceb,2011-02-19 10:03:46,,
call,out,24a8cafa1ef1b9f73fb96324f0158f28e7904ceb,2011-02-19 09:55:38,,
call,in,fa10-01-52,2011-02-18 20:05:41,,
call,in,1e8fba88098b366a13a9743c1bc0dc2bbf101c7d,2011-02-18 19:45:17,,
call,out,901508d8abc99e3ac307b14f5951ad70dc987716,2011-02-18 19:32:29,,
call,in,fa10-01-52,2011-02-18 19:21:20,,
call,in,fa10-01-52,2011-02-18 18:58:33,,
call,out,7dbef9a089e3be085a9596711c6587f84ad9c145,2011-02-18 18:44:47,,
call,out,4316489e77389d810a012f842d58eb64d482db0d,2011-02-18 16:14:13,,
call,in,fa10-01-52,2011-02-18 15:58:59,,
call,in,5c0839622b3f7de9dd6fbde657b193c9c9f64acd,2011-02-18 10:00:24,,
call,out,5c0839622b3f7de9dd6fbde657b193c9c9f64acd,2011-02-18 09:59:19,,
call,out,5c0839622b3f7de9dd6fbde657b193c9c9f64acd,2011-02-18 09:57:39,,
call,out,fa10-01-04,2011-02-17 23:28:12,,
call,in,d2077cd68c6a29ebbbc7b6177e203ed157303ce8,2011-02-17 20:30:34,,
call,out,fa10-01-52,2011-02-17 18:42:45,,
call,in,fa10-01-52,2011-02-17 18:40:14,,
call,out,fa10-01-52,2011-02-17 18:40:12,,
call,out,fa10-01-52,2011-02-17 18:39:36,,
call,out,fa10-01-52,2011-02-17 18:13:18,,
call,out,3e3f535ad6825e573b785ac8b02f8cd59e35a6a9,2011-02-17 16:09:16,,
call,out,3e3f535ad6825e573b785ac8b02f8cd59e35a6a9,2011-02-17 16:08:53,,
call,out,3e3f535ad6825e573b785ac8b02f8cd59e35a6a9,2011-02-17 16:05:17,,
call,out,3e3f535ad6825e573b785ac8b02f8cd59e35a6a9,2011-02-17 16:05:06,,
call,in,356a192b7913b04c54574d18c28d46e6395428ab,2011-02-17 14:16:30,,
call,out,3e3f535ad6825e573b785ac8b02f8cd59e35a6a9,2011-02-17 10:08:08,,
call,out,9f734a32c5e0dc82484777d0bc1cb5aa17da900e,2011-02-17 09:59:37,,
call,out,9f734a32c5e0dc82484777d0bc1cb5aa17da900e,2011-02-17 09:58:52,,
call,out,fa10-01-52,2011-02-24 13:02:28,,
call,in,fa10-01-52,2011-02-23 19:14:23,,
call,out,fa10-01-52,2011-02-23 14:31:16,,
call,out,fa10-01-52,2011-02-23 14:27:12,,
call,out,fa10-01-52,2011-02-23 14:26:28,,
call,in,fa10-01-52,2011-02-23 13:09:02,,
call,in,fa10-01-52,2011-02-23 00:00:39,,
call,in,fa10-01-52,2011-02-22 19:36:43,,
call,in,fa10-01-52,2011-02-22 17:54:16,,
call,in,fa10-01-52,2011-02-21 19:34:27,,
call,in,356a192b7913b04c54574d18c28d46e6395428ab,2011-02-20 22:28:17,,
call,out,9b857ea23530ce9c4f90da20f2368854368c2f7d,2011-02-20 17:34:01,,
call,in,9b857ea23530ce9c4f90da20f2368854368c2f7d,2011-02-20 17:24:43,,
call,out,9b857ea23530ce9c4f90da20f2368854368c2f7d,2011-02-20 17:21:55,,
call,out,9b857ea23530ce9c4f90da20f2368854368c2f7d,2011-02-20 17:21:02,,
call,in,9b857ea23530ce9c4f90da20f2368854368c2f7d,2011-02-20 17:14:30,,
call,out,68d8bb5829daa59bcc01278e72d827906f0884f1,2011-02-20 13:38:28,,
call,in,81eddbaf0bfec05fbb49d7eff48d2cb3d12a8b23,2011-02-20 12:17:42,,
call,in,d2077cd68c6a29ebbbc7b6177e203ed157303ce8,2011-02-20 11:55:44,,
call,out,fa10-01-52,2011-02-19 18:11:18,,
call,out,fee98842ce4007bbf79cdeb8d38b6866e6ce07da,2011-02-24 16:03:51,,
call,out,fee98842ce4007bbf79cdeb8d38b6866e6ce07da,2011-02-24 15:58:03,,
call,out,fee98842ce4007bbf79cdeb8d38b6866e6ce07da,2011-02-24 14:37:14,,
call,out,fa10-01-52,2011-02-25 16:24:57,,
call,out,fa10-01-52,2011-02-25 15:19:31,,
call,out,fa10-01-52,2011-02-25 15:17:54,,
call,in,3ebe1d0ee2f82c46fb4a69eb6408000f6e9f6042,2011-02-25 14:21:32,,
call,in,356a192b7913b04c54574d18c28d46e6395428ab,2011-02-25 14:20:11,,
call,out,68d8bb5829daa59bcc01278e72d827906f0884f1,2011-02-25 11:43:41,,
call,out,f595e158b31f61e5039a8d425adedb5d60acd126,2011-02-25 11:33:20,,
call,out,68d8bb5829daa59bcc01278e72d827906f0884f1,2011-02-25 10:35:24,,
call,in,68d8bb5829daa59bcc01278e72d827906f0884f1,2011-02-25 10:28:48,,
call,out,68d8bb5829daa59bcc01278e72d827906f0884f1,2011-02-25 10:27:16,,
call,out,f595e158b31f61e5039a8d425adedb5d60acd126,2011-02-25 10:26:55,,
call,out,7d26bb29a22d1de4e697c3e43e9808d1e6e14a45,2011-02-25 10:26:41,,
call,out,eec7b859680b605288f8aa3eddd649a8160bb2a,2011-02-25 10:25:41,,
call,out,b0dc996f049a9ffc661a9beb85fac03c1bd94059,2011-02-25 10:25:05,,
call,in,fa10-01-52,2011-02-24 18:52:29,,
call,out,fa10-01-52,2011-02-24 18:49:00,,
call,out,fa10-01-52,2011-02-24 18:44:52,,
call,out,fa10-01-52,2011-02-24 18:44:03,,
call,in,fa10-01-52,2011-02-24 17:28:10,,
call,in,fa10-01-52,2011-02-25 17:23:29,,
call,out,e058b8dbe3ac0c8ff1fa00420a625de1db697d33,2011-02-25 17:13:04,,
call,out,9b857ea23530ce9c4f90da20f2368854368c2f7d,2011-02-25 17:03:21,,
call,out,fa10-01-52,2011-02-25 16:35:27,,
call,out,b933dc4cdd846641e2964b6eefb790df12e04c78,2011-02-25 17:34:17,,
call,out,fa10-01-52,2011-02-25 17:54:48,,
call,in,b933dc4cdd846641e2964b6eefb790df12e04c78,2011-02-25 17:43:03,,
call,out,4e870692f611e70b9c72c961ec1f534e6cd783bb,2011-02-26 15:26:49,,
call,out,4e870692f611e70b9c72c961ec1f534e6cd783bb,2011-02-26 15:25:21,,
call,out,9b857ea23530ce9c4f90da20f2368854368c2f7d,2011-02-26 12:51:05,,
call,out,20dc9e91d44ed253d2493115022463bd5c4f258d,2011-02-26 16:50:49,,
call,out,fa10-01-52,2011-02-27 18:00:26,,
call,in,a13ce907ff2d8b718b1f62e926d111e26b025312,2011-02-28 06:58:51,,
call,out,fa10-01-52,2011-02-27 22:57:14,,
call,in,fa10-01-52,2011-02-27 19:14:48,,
call,out,fa10-01-52,2011-02-28 17:09:32,,
call,in,356a192b7913b04c54574d18c28d46e6395428ab,2011-03-01 19:59:34,,
call,in,fa10-01-07,2011-03-01 17:57:10,,
call,out,fa10-01-07,2011-03-01 17:47:09,,
call,out,1cf47aafef214b6dcca1bd5be672876dd677cdd4,2011-03-02 11:37:51,,
call,in,b933dc4cdd846641e2964b6eefb790df12e04c78,2011-03-02 11:35:58,,
call,in,b933dc4cdd846641e2964b6eefb790df12e04c78,2011-03-02 11:53:56,,
call,out,b933dc4cdd846641e2964b6eefb790df12e04c78,2011-03-02 11:53:23,,
call,out,b933dc4cdd846641e2964b6eefb790df12e04c78,2011-03-02 11:53:12,,
call,in,58778779eee898584a63f137783d93f013e22797,2011-03-08 00:17:46,,
call,out,fa10-01-52,2011-03-07 16:49:11,,
call,in,5797e6f9dfc90241a86fe6779b78bc6efb0c5aa2,2011-03-06 23:10:47,,
call,in,5797e6f9dfc90241a86fe6779b78bc6efb0c5aa2,2011-03-06 22:22:45,,
call,in,fa10-01-52,2011-03-04 17:00:35,,
call,in,20dc9e91d44ed253d2493115022463bd5c4f258d,2011-03-04 16:41:16,,
call,out,fa10-01-04,2011-03-04 15:33:22,,
call,in,e8bc683d3ec75cb8d7ef44631aeca382afbaf158,2011-03-04 14:47:30,,
call,in,e8bc683d3ec75cb8d7ef44631aeca382afbaf158,2011-03-04 14:46:13,,
call,out,fa10-01-52,2011-03-04 13:31:42,,
call,out,4b45879fb0fc37da21b6c3d11ae67e7f159af788,2011-03-04 11:59:34,,
call,in,e8bc683d3ec75cb8d7ef44631aeca382afbaf158,2011-03-04 11:09:43,,
call,out,4b45879fb0fc37da21b6c3d11ae67e7f159af788,2011-03-04 10:35:01,,
call,out,fa10-01-04,2011-03-04 07:44:11,,
call,out,4b45879fb0fc37da21b6c3d11ae67e7f159af788,2011-03-04 07:43:57,,
call,out,fa10-01-52,2011-03-03 19:02:22,,
call,out,1cf47aafef214b6dcca1bd5be672876dd677cdd4,2011-03-03 18:12:19,,
call,out,1cf47aafef214b6dcca1bd5be672876dd677cdd4,2011-03-03 18:08:14,,
call,out,fa10-01-52,2011-03-03 16:01:56,,
call,out,fa10-01-52,2011-03-03 16:01:44,,
call,in,fa10-01-52,2011-03-02 21:52:55,,
call,in,fa10-01-52,2011-03-02 21:52:26,,
call,in,d2077cd68c6a29ebbbc7b6177e203ed157303ce8,2011-03-02 19:53:42,,
call,in,fa10-01-52,2011-03-02 18:56:55,,
call,out,fa10-01-52,2011-03-02 18:56:00,,
call,out,fa10-01-07,2011-03-02 18:39:20,,
call,out,fa10-01-52,2011-03-02 17:04:51,,
call,in,fa10-01-52,2011-03-09 19:40:14,,
call,out,fa10-01-52,2011-03-09 18:45:29,,
call,in,fa10-01-52,2011-03-09 18:44:37,,
call,in,fa10-01-52,2011-03-09 18:43:25,,
call,in,fa10-01-52,2011-03-09 16:34:35,,
call,in,fa10-01-52,2011-03-09 16:00:33,,
call,in,fa10-01-52,2011-03-09 15:57:40,,
call,in,fa10-01-52,2011-03-08 19:10:18,,
call,out,fa10-01-52,2011-03-08 19:02:57,,
call,in,356a192b7913b04c54574d18c28d46e6395428ab,2011-03-10 12:49:02,,
call,out,fa10-01-52,2011-03-11 06:33:17,,
call,in,5797e6f9dfc90241a86fe6779b78bc6efb0c5aa2,2011-03-10 22:58:38,,
call,out,1cf47aafef214b6dcca1bd5be672876dd677cdd4,2011-03-10 22:06:04,,
call,in,fa10-01-52,2011-03-10 21:29:48,,
call,out,fa10-01-52,2011-03-10 17:39:40,,
call,in,fa10-01-52,2011-03-10 17:38:26,,
call,in,fa10-01-52,2011-03-10 17:15:09,,
call,in,fa10-01-52,2011-03-10 15:56:48,,
call,out,25d095d45039b9473e13f7431c1e8d749469976f,2011-03-10 13:14:21,,
call,out,25d095d45039b9473e13f7431c1e8d749469976f,2011-03-26 15:55:26,,
call,out,fa10-01-52,2011-03-11 12:19:31,,
call,in,fa10-01-52,2011-03-26 16:08:51,,
call,out,fa10-01-04,2011-03-27 08:33:54,,
call,out,cf9d50b57e41dac6fa1093c1ebda865e3206182d,2011-03-27 08:32:19,,
call,out,4602cafb1d62a06efc7e83d6a52054918c30664e,2011-03-27 08:31:51,,
call,out,13222ffbddbf2fe1cc0d7c465b3a99a84f1a7f8a,2011-03-27 09:43:41,,
call,out,13222ffbddbf2fe1cc0d7c465b3a99a84f1a7f8a,2011-03-27 09:40:46,,
call,in,12403d568aa566aae95b6274806dcbfc348c9fd1,2011-03-27 21:14:29,,
call,in,fa10-01-52,2011-03-27 20:49:46,,
call,in,fa10-01-52,2011-03-27 14:06:14,,
call,out,fa10-01-04,2011-03-27 13:37:14,,
call,out,fa10-01-04,2011-03-27 13:35:41,,
call,out,1433d5521283d4748b8a755ae73c818b0e1f6189,2011-03-27 13:34:35,,
call,out,fa10-01-04,2011-03-27 13:33:27,,
call,out,7b68da0f9f8ebb031cb1657d04fa471c09745f38,2011-03-27 11:42:00,,
call,in,7b68da0f9f8ebb031cb1657d04fa471c09745f38,2011-03-27 11:26:36,,
call,in,13222ffbddbf2fe1cc0d7c465b3a99a84f1a7f8a,2011-03-27 10:15:26,,
call,out,13222ffbddbf2fe1cc0d7c465b3a99a84f1a7f8a,2011-03-27 10:12:36,,
call,out,51adc0ef7584934135fbcb88477be5f982cea1de,2011-03-27 10:01:25,,
call,in,13222ffbddbf2fe1cc0d7c465b3a99a84f1a7f8a,2011-03-27 10:00:39,,
call,out,13222ffbddbf2fe1cc0d7c465b3a99a84f1a7f8a,2011-03-27 09:57:30,,
call,out,cf9d50b57e41dac6fa1093c1ebda865e3206182d,2011-03-27 09:44:41,,
call,in,fa10-01-52,2011-03-29 13:09:19,,
call,in,fa10-01-52,2011-03-28 23:22:13,,
call,in,fa10-01-52,2011-03-28 19:13:50,,
call,in,fa10-01-52,2011-03-28 19:13:13,,
call,in,fa10-01-52,2011-03-28 19:04:17,,
call,out,fa10-01-52,2011-03-28 18:57:59,,
call,out,46da9df8c0cfebc5296ce753579332801d979d50,2011-03-28 18:35:46,,
call,out,46da9df8c0cfebc5296ce753579332801d979d50,2011-03-28 18:35:33,,
call,out,fa10-01-04,2011-03-28 18:34:41,,
call,out,4602cafb1d62a06efc7e83d6a52054918c30664e,2011-03-28 14:09:33,,
call,out,6694698b7a00ddc1a16d649f6bda2a2490add42f,2011-03-28 14:01:25,,
call,out,4602cafb1d62a06efc7e83d6a52054918c30664e,2011-03-28 12:15:04,,
call,out,12403d568aa566aae95b6274806dcbfc348c9fd1,2011-03-27 21:55:27,,
call,out,1cf47aafef214b6dcca1bd5be672876dd677cdd4,2011-04-03 11:14:13,,
call,out,1cf47aafef214b6dcca1bd5be672876dd677cdd4,2011-04-03 10:54:53,,
call,out,fa10-01-04,2011-04-03 09:17:06,,
call,out,fa10-01-04,2011-04-03 00:16:45,,
call,out,fa10-01-04,2011-04-03 00:15:30,,
call,out,1cf47aafef214b6dcca1bd5be672876dd677cdd4,2011-04-02 17:13:32,,
call,in,fa10-01-52,2011-04-02 15:01:56,,
call,in,20dc9e91d44ed253d2493115022463bd5c4f258d,2011-04-02 08:52:08,,
call,out,4b45879fb0fc37da21b6c3d11ae67e7f159af788,2011-04-01 17:41:09,,
call,out,fa10-01-52,2011-04-01 17:40:02,,
call,out,4b45879fb0fc37da21b6c3d11ae67e7f159af788,2011-04-01 08:13:43,,
call,out,9b857ea23530ce9c4f90da20f2368854368c2f7d,2011-04-01 08:04:38,,
call,in,ff83ad0eb3de5eff91ea156209e815c4324fa91,2011-04-01 04:05:08,,
call,in,ff83ad0eb3de5eff91ea156209e815c4324fa91,2011-04-01 04:03:54,,
call,in,910bfe1aa7126f9b35be9b38d29c707e79d094d8,2011-04-01 00:07:44,,
call,in,910bfe1aa7126f9b35be9b38d29c707e79d094d8,2011-03-31 23:57:21,,
call,in,9b857ea23530ce9c4f90da20f2368854368c2f7d,2011-03-31 23:53:41,,
call,in,ff83ad0eb3de5eff91ea156209e815c4324fa91,2011-03-31 22:07:35,,
call,out,4b45879fb0fc37da21b6c3d11ae67e7f159af788,2011-03-31 17:20:10,,
call,out,a203723b3cb73d10346698fc19e8afc55c6ad406,2011-03-31 17:19:08,,
call,out,fa10-01-52,2011-03-31 13:10:38,,
call,out,fa10-01-52,2011-03-31 12:51:08,,
call,out,fa10-01-52,2011-03-31 12:50:17,,
call,in,fa10-01-52,2011-03-31 12:48:54,,
call,out,fa10-01-52,2011-03-30 19:57:06,,
call,in,fa10-01-52,2011-03-30 19:11:36,,
call,in,356a192b7913b04c54574d18c28d46e6395428ab,2011-03-29 21:49:10,,
call,out,fc07697ce50aeb3af0ddda590abab2c499601e16,2011-04-06 09:48:56,,
call,in,fa10-01-52,2011-04-05 18:38:02,,
call,out,fa10-01-52,2011-04-04 18:44:34,,
call,out,1cf47aafef214b6dcca1bd5be672876dd677cdd4,2011-04-04 16:03:55,,
call,out,fa10-01-52,2011-04-04 16:02:54,,
call,out,1cf47aafef214b6dcca1bd5be672876dd677cdd4,2011-04-04 16:02:05,,
call,out,fa10-01-04,2011-04-06 11:27:08,,
call,out,abfcd66e1c6530d60207f1a3ed47a15daff4f029,2011-04-08 07:06:22,,
call,in,fa10-01-52,2011-04-07 19:22:55,,
call,out,fa10-01-52,2011-04-07 19:21:37,,
call,in,fa10-01-52,2011-04-07 19:05:28,,
call,in,fa10-01-52,2011-04-07 18:00:33,,
call,out,fa10-01-52,2011-04-07 17:48:21,,
call,in,20dc9e91d44ed253d2493115022463bd5c4f258d,2011-04-07 17:30:41,,
call,in,fa10-01-52,2011-04-06 19:13:41,,
call,out,fa10-01-52,2011-04-06 19:01:23,,
call,out,fa10-01-52,2011-04-06 18:58:32,,
call,out,fa10-01-04,2011-04-06 18:57:15,,
call,out,fa10-01-52,2011-04-06 17:28:44,,
call,out,b933dc4cdd846641e2964b6eefb790df12e04c78,2011-04-06 16:02:04,,
call,out,fc07697ce50aeb3af0ddda590abab2c499601e16,2011-04-06 11:45:08,,
call,out,fa10-01-52,2011-04-06 11:44:28,,
call,in,fa10-01-52,2011-04-06 11:33:21,,
call,out,9b857ea23530ce9c4f90da20f2368854368c2f7d,2011-04-09 10:56:45,,
call,in,9b857ea23530ce9c4f90da20f2368854368c2f7d,2011-04-09 10:56:00,,
call,out,fa10-01-52,2011-04-11 18:41:31,,
call,out,a0db91b8d2f91f6f2f406bd6cf553fdf0ab21ffa,2011-04-11 18:40:07,,
call,in,fa10-01-52,2011-04-11 18:38:03,,
call,out,fa10-01-52,2011-04-11 18:36:31,,
call,out,fa10-01-52,2011-04-11 18:36:03,,
call,out,fa10-01-52,2011-04-11 18:35:48,,
call,out,fa10-01-04,2011-04-11 18:27:44,,
call,out,fa10-01-04,2011-04-11 18:27:19,,
call,out,fa10-01-04,2011-04-11 18:26:11,,
call,out,fa10-01-52,2011-04-11 17:41:01,,
call,out,fa10-01-52,2011-04-11 17:30:11,,
call,in,fa10-01-52,2011-04-11 12:03:14,,
call,out,fa10-01-52,2011-04-11 09:58:16,,
call,in,fa10-01-52,2011-04-12 21:42:51,,
call,in,a0db91b8d2f91f6f2f406bd6cf553fdf0ab21ffa,2011-04-12 18:54:30,,
call,out,20dc9e91d44ed253d2493115022463bd5c4f258d,2011-04-12 18:06:41,,
call,in,fa10-01-52,2011-04-12 17:47:52,,
call,out,a0db91b8d2f91f6f2f406bd6cf553fdf0ab21ffa,2011-04-12 17:30:48,,
call,out,fa10-01-52,2011-04-12 17:29:52,,
call,out,fa10-01-52,2011-04-12 17:24:55,,
call,in,fa10-01-52,2011-04-13 13:42:00,,
call,out,fa10-01-52,2011-04-14 19:05:06,,
call,in,81eddbaf0bfec05fbb49d7eff48d2cb3d12a8b23,2011-04-13 22:48:47,,
call,in,dcff3a7b0ead7ea2b784d436e1dd68861c4188f0,2011-04-13 21:03:24,,
call,out,20dc9e91d44ed253d2493115022463bd5c4f258d,2011-04-13 19:32:34,,
call,out,8f16f0675e75168040576413a0a419af093bedf9,2011-04-13 18:50:12,,
call,out,fa10-01-52,2011-04-13 18:49:46,,
call,out,fa10-01-52,2011-04-13 17:35:42,,
call,out,b5b0ac0e74d54f398c125090c2649fde09e22cc3,2011-04-13 17:33:19,,
call,out,fa10-01-77,2011-04-16 19:05:57,,
call,out,fa10-01-77,2011-04-16 19:04:39,,
call,out,fa10-01-77,2011-04-16 19:04:06,,
call,out,24a8cafa1ef1b9f73fb96324f0158f28e7904ceb,2011-04-16 14:21:05,,
call,out,4f049ad7f3f8e212080c112bb460fc9c61108ce6,2011-04-16 14:20:56,,
call,out,797532c17ce30c0772952cd71381af41d28c53c9,2011-04-15 16:31:29,,
call,out,fa10-01-52,2011-04-15 11:21:15,,
call,out,fa10-01-52,2011-04-14 21:00:43,,
call,out,24a8cafa1ef1b9f73fb96324f0158f28e7904ceb,2011-04-20 17:38:12,,
call,out,9b857ea23530ce9c4f90da20f2368854368c2f7d,2011-04-20 17:29:32,,
call,out,a0db91b8d2f91f6f2f406bd6cf553fdf0ab21ffa,2011-04-20 11:57:47,,
call,out,a0db91b8d2f91f6f2f406bd6cf553fdf0ab21ffa,2011-04-20 11:31:29,,
call,out,4602cafb1d62a06efc7e83d6a52054918c30664e,2011-04-20 11:11:35,,
call,in,fa10-01-52,2011-04-19 18:40:34,,
call,in,fa10-01-52,2011-04-19 18:34:59,,
call,in,fa10-01-52,2011-04-19 16:57:09,,
call,out,e058b8dbe3ac0c8ff1fa00420a625de1db697d33,2011-04-19 14:43:24,,
call,out,b5b0ac0e74d54f398c125090c2649fde09e22cc3,2011-04-19 14:40:05,,
call,in,fa10-01-52,2011-04-18 22:37:50,,
call,in,87885b451c54ce1bdfd33865af68d7258e43dec4,2011-04-18 19:27:49,,
call,in,fd3dfafd0097c0f21204b9172b47be30e776483b,2011-04-18 17:20:46,,
call,out,b933dc4cdd846641e2964b6eefb790df12e04c78,2011-04-17 18:55:18,,
call,out,4b45879fb0fc37da21b6c3d11ae67e7f159af788,2011-04-17 18:53:53,,
call,out,8f16f0675e75168040576413a0a419af093bedf9,2011-04-20 18:23:46,,
call,out,224cdcb413c53ae91172f2712d63a6fdeac26c24,2011-04-21 21:49:11,,
call,out,fa10-01-52,2011-04-21 20:55:03,,
call,out,fa10-01-52,2011-04-21 18:13:27,,
call,in,2eca7a40ccf9b020ba61e88f9c4beb3d55cf25ed,2011-04-21 17:31:47,,
call,in,24a8cafa1ef1b9f73fb96324f0158f28e7904ceb,2011-04-21 13:40:24,,
call,out,20dc9e91d44ed253d2493115022463bd5c4f258d,2011-04-21 12:56:29,,
call,out,24a8cafa1ef1b9f73fb96324f0158f28e7904ceb,2011-04-21 11:54:43,,
call,out,24a8cafa1ef1b9f73fb96324f0158f28e7904ceb,2011-04-21 11:54:09,,
call,out,24a8cafa1ef1b9f73fb96324f0158f28e7904ceb,2011-04-21 11:53:41,,
call,out,fa10-01-52,2011-04-21 11:46:51,,
call,out,9b857ea23530ce9c4f90da20f2368854368c2f7d,2011-04-21 11:46:05,,
call,out,fa10-01-52,2011-04-21 11:45:28,,
call,out,224cdcb413c53ae91172f2712d63a6fdeac26c24,2011-04-21 11:42:39,,
call,out,9b857ea23530ce9c4f90da20f2368854368c2f7d,2011-04-20 22:21:55,,
call,out,8f16f0675e75168040576413a0a419af093bedf9,2011-04-20 19:01:30,,
call,in,9b857ea23530ce9c4f90da20f2368854368c2f7d,2011-04-20 19:00:33,,
call,out,9b857ea23530ce9c4f90da20f2368854368c2f7d,2011-04-20 18:49:39,,
call,out,8f16f0675e75168040576413a0a419af093bedf9,2011-04-25 11:57:49,,
call,out,b02ccd4ab0e3b14f1ec35e2c32bc14bc0ec597b6,2011-04-25 11:24:06,,
call,out,a41101890fe87bc441bc03678f972d2e44ff560f,2011-04-25 10:19:35,,
call,out,9b857ea23530ce9c4f90da20f2368854368c2f7d,2011-04-24 16:39:08,,
call,in,9b857ea23530ce9c4f90da20f2368854368c2f7d,2011-04-24 16:25:37,,
call,out,9b857ea23530ce9c4f90da20f2368854368c2f7d,2011-04-24 16:19:28,,
call,out,24a8cafa1ef1b9f73fb96324f0158f28e7904ceb,2011-04-23 14:46:20,,
call,out,fa10-01-52,2011-04-22 17:21:01,,
call,out,fa10-01-52,2011-04-22 12:03:01,,
call,in,fa10-01-52,2011-04-22 11:23:55,,
call,in,fa10-01-52,2011-04-22 10:02:15,,
call,in,c9ba46deb6f8adc101b1f138272a20e3d68da70c,2011-04-27 11:37:48,,
call,in,fa10-01-52,2011-04-26 22:23:43,,
call,out,fa10-01-52,2011-04-26 20:48:53,,
call,in,1cf47aafef214b6dcca1bd5be672876dd677cdd4,2011-04-26 19:23:10,,
call,out,fa10-01-52,2011-04-26 17:40:28,,
call,out,224cdcb413c53ae91172f2712d63a6fdeac26c24,2011-04-26 17:35:59,,
call,in,fa10-01-52,2011-04-26 17:10:36,,
call,in,fa10-01-52,2011-04-26 13:05:32,,
call,out,fa10-01-52,2011-04-26 11:50:36,,
call,out,fa10-01-52,2011-04-26 11:50:11,,
call,out,fa10-01-52,2011-04-26 11:24:27,,
call,out,8f16f0675e75168040576413a0a419af093bedf9,2011-04-25 20:09:32,,
call,in,fa10-01-52,2011-04-27 19:03:40,,
call,out,fa10-01-52,2011-04-27 18:57:51,,
call,out,24a8cafa1ef1b9f73fb96324f0158f28e7904ceb,2011-04-30 14:39:30,,
call,out,3fe5677c5de5b8bbdf568a17109ad78bf6703d68,2011-04-30 14:38:48,,
call,in,46da9df8c0cfebc5296ce753579332801d979d50,2011-04-30 12:16:28,,
call,out,24a8cafa1ef1b9f73fb96324f0158f28e7904ceb,2011-04-30 12:06:01,,
call,in,46da9df8c0cfebc5296ce753579332801d979d50,2011-04-30 12:03:33,,
call,out,46da9df8c0cfebc5296ce753579332801d979d50,2011-04-30 11:59:44,,
call,out,46da9df8c0cfebc5296ce753579332801d979d50,2011-04-30 11:58:19,,
call,out,3fe5677c5de5b8bbdf568a17109ad78bf6703d68,2011-04-30 11:58:07,,
call,out,46da9df8c0cfebc5296ce753579332801d979d50,2011-04-30 11:57:17,,
call,in,5949164003b073d7a82ef16781a7268d40f76467,2011-04-29 18:34:21,,
call,in,3fe5677c5de5b8bbdf568a17109ad78bf6703d68,2011-04-29 18:20:44,,
call,out,3fe5677c5de5b8bbdf568a17109ad78bf6703d68,2011-04-29 18:19:17,,
call,in,46e11d0a5a510aff99b59fb423a2bce4fcc5bc1a,2011-04-29 17:50:06,,
call,out,fa10-01-52,2011-04-29 16:05:23,,
call,in,3fe5677c5de5b8bbdf568a17109ad78bf6703d68,2011-04-29 15:50:16,,
call,out,3fe5677c5de5b8bbdf568a17109ad78bf6703d68,2011-04-29 14:24:59,,
call,in,4b45879fb0fc37da21b6c3d11ae67e7f159af788,2011-04-29 13:18:44,,
call,out,46da9df8c0cfebc5296ce753579332801d979d50,2011-04-29 12:39:02,,
call,in,46da9df8c0cfebc5296ce753579332801d979d50,2011-04-29 11:11:38,,
call,in,4b45879fb0fc37da21b6c3d11ae67e7f159af788,2011-04-28 17:52:09,,
call,out,4b45879fb0fc37da21b6c3d11ae67e7f159af788,2011-04-28 17:41:46,,
call,out,f3048b18da2c56ef54e2c052aa15a66f6ad7e96d,2011-04-27 22:46:38,,
call,out,3fe5677c5de5b8bbdf568a17109ad78bf6703d68,2011-04-27 20:44:02,,
call,out,3fe5677c5de5b8bbdf568a17109ad78bf6703d68,2011-04-27 20:34:50,,
call,out,3fe5677c5de5b8bbdf568a17109ad78bf6703d68,2011-04-27 20:34:07,,
call,in,3fe5677c5de5b8bbdf568a17109ad78bf6703d68,2011-04-27 20:27:17,,
call,out,3fe5677c5de5b8bbdf568a17109ad78bf6703d68,2011-04-27 19:48:03,,
call,out,fa10-01-52,2011-04-30 21:38:12,,
call,out,fa10-01-04,2011-04-30 21:37:11,,
call,out,fa10-01-04,2011-05-01 09:41:55,,
call,out,b5b0ac0e74d54f398c125090c2649fde09e22cc3,2011-05-03 18:13:20,,
call,out,b5b0ac0e74d54f398c125090c2649fde09e22cc3,2011-05-03 18:09:52,,
call,out,b5b0ac0e74d54f398c125090c2649fde09e22cc3,2011-05-03 18:09:15,,
call,in,fa10-01-52,2011-05-03 18:02:53,,
call,out,fa10-01-52,2011-05-02 17:57:23,,
call,in,fa10-01-52,2011-05-03 22:10:04,,
call,out,fa10-01-52,2011-05-05 11:28:53,,
call,in,fa10-01-52,2011-05-04 20:26:19,,
call,out,fa10-01-52,2011-05-04 19:11:11,,
call,out,fa10-01-52,2011-05-04 18:58:49,,
call,in,fa10-01-52,2011-05-04 18:45:28,,
call,out,a0db91b8d2f91f6f2f406bd6cf553fdf0ab21ffa,2011-05-04 11:31:31,,
call,out,b5b0ac0e74d54f398c125090c2649fde09e22cc3,2011-05-04 11:30:37,,
call,in,fa10-01-52,2011-05-05 17:55:37,,
call,out,fa10-01-52,2011-05-05 17:58:50,,
call,out,20dc9e91d44ed253d2493115022463bd5c4f258d,2011-05-06 08:55:14,,
call,in,fa10-01-52,2011-05-05 19:09:16,,
call,out,4b45879fb0fc37da21b6c3d11ae67e7f159af788,2011-05-05 18:56:24,,
call,out,fa10-01-52,2011-05-06 16:46:16,,
call,out,fa10-01-52,2011-05-06 15:05:52,,
call,out,bce744a901f6ab190c1a39f2feff81af0223ea46,2011-05-06 15:04:15,,
call,out,bce744a901f6ab190c1a39f2feff81af0223ea46,2011-05-06 15:02:43,,
call,out,5db23baccc287480826fe89843f8aaa28f9c1f76,2011-05-06 14:59:42,,
call,out,fa10-01-52,2011-05-06 14:56:28,,
call,out,60af1c611af2659f0089e247378753ad9446edb2,2011-05-06 14:55:30,,
call,in,fa10-01-52,2011-05-06 14:09:14,,
call,in,fa10-01-52,2011-05-06 14:07:58,,
call,out,fa10-01-52,2011-05-06 14:04:50,,
call,in,fa10-01-52,2011-05-06 14:00:43,,
call,out,12403d568aa566aae95b6274806dcbfc348c9fd1,2011-05-09 20:33:20,,
call,in,12403d568aa566aae95b6274806dcbfc348c9fd1,2011-05-09 20:12:32,,
call,in,fa10-01-52,2011-05-09 17:16:30,,
call,out,9b857ea23530ce9c4f90da20f2368854368c2f7d,2011-05-09 15:59:46,,
call,out,fa10-01-52,2011-05-09 13:45:26,,
call,out,9b857ea23530ce9c4f90da20f2368854368c2f7d,2011-05-09 12:57:37,,
call,in,fa10-01-52,2011-05-08 18:25:11,,
call,in,fa10-01-52,2011-05-08 17:31:16,,
call,in,fa10-01-52,2011-05-08 16:59:22,,
call,in,24a8cafa1ef1b9f73fb96324f0158f28e7904ceb,2011-05-07 22:53:28,,
call,out,24a8cafa1ef1b9f73fb96324f0158f28e7904ceb,2011-05-07 22:34:08,,
call,out,4f049ad7f3f8e212080c112bb460fc9c61108ce6,2011-05-07 22:33:19,,
call,out,3fe5677c5de5b8bbdf568a17109ad78bf6703d68,2011-05-07 22:29:46,,
call,out,13222ffbddbf2fe1cc0d7c465b3a99a84f1a7f8a,2011-05-07 22:12:29,,
call,out,13222ffbddbf2fe1cc0d7c465b3a99a84f1a7f8a,2011-05-07 22:11:54,,
call,in,13222ffbddbf2fe1cc0d7c465b3a99a84f1a7f8a,2011-05-07 22:10:25,,
call,out,fa10-01-04,2011-05-07 22:04:32,,
call,out,3fe5677c5de5b8bbdf568a17109ad78bf6703d68,2011-05-07 19:54:15,,
call,out,fa10-01-04,2011-05-07 19:40:13,,
call,in,46e11d0a5a510aff99b59fb423a2bce4fcc5bc1a,2011-05-07 17:47:38,,
call,out,46e11d0a5a510aff99b59fb423a2bce4fcc5bc1a,2011-05-07 17:12:18,,
call,out,fa10-01-52,2011-05-07 17:06:46,,
call,out,fa10-01-52,2011-05-07 16:38:08,,
call,out,fa10-01-52,2011-05-07 16:37:18,,
call,out,fa10-01-52,2011-05-07 16:30:59,,
call,in,46e11d0a5a510aff99b59fb423a2bce4fcc5bc1a,2011-05-07 14:00:18,,
call,in,46e11d0a5a510aff99b59fb423a2bce4fcc5bc1a,2011-05-07 13:56:11,,
call,in,46e11d0a5a510aff99b59fb423a2bce4fcc5bc1a,2011-05-07 13:32:04,,
call,out,46e11d0a5a510aff99b59fb423a2bce4fcc5bc1a,2011-05-07 11:51:56,,
call,out,4b45879fb0fc37da21b6c3d11ae67e7f159af788,2011-05-07 10:29:06,,
call,in,46e11d0a5a510aff99b59fb423a2bce4fcc5bc1a,2011-05-06 22:00:07,,
call,out,46e11d0a5a510aff99b59fb423a2bce4fcc5bc1a,2011-05-06 21:55:30,,
call,in,46e11d0a5a510aff99b59fb423a2bce4fcc5bc1a,2011-05-06 21:16:51,,
call,in,fa10-01-52,2011-05-06 19:51:03,,
call,in,fa10-01-52,2011-05-06 19:34:24,,
call,out,fa10-01-52,2011-05-06 19:21:19,,
call,out,3e965924ab4f0e8dc8109cef312736ffec1709d6,2011-05-06 19:10:58,,
call,out,fa10-01-52,2011-05-06 18:46:19,,
call,in,46e11d0a5a510aff99b59fb423a2bce4fcc5bc1a,2011-05-06 18:04:21,,
call,out,fa10-01-52,2011-05-09 22:49:44,,
call,out,fa10-01-52,2011-05-10 07:52:19,,
text,in,ec7f1f65067126f3b2bd1037de8a18d0db2ec84b,2010-10-06 09:33:14,,
text,in,f3048b18da2c56ef54e2c052aa15a66f6ad7e96d,2010-10-06 10:43:47,,
text,out,f3048b18da2c56ef54e2c052aa15a66f6ad7e96d,2010-10-06 10:51:32,,
text,in,fa10-01-52,2010-10-06 17:22:45,,
text,in,a9465a41303e31f6ede81a2cbb0bfba2422de6bf,2010-10-08 08:34:28,,
text,in,a0db91b8d2f91f6f2f406bd6cf553fdf0ab21ffa,2010-10-08 12:51:29,,
text,in,fc07697ce50aeb3af0ddda590abab2c499601e16,2010-10-08 22:54:37,,
text,in,a9465a41303e31f6ede81a2cbb0bfba2422de6bf,2010-10-09 08:12:29,,
text,in,fc07697ce50aeb3af0ddda590abab2c499601e16,2010-10-09 08:07:25,,
text,out,a9465a41303e31f6ede81a2cbb0bfba2422de6bf,2010-10-09 08:55:30,,
text,in,a9465a41303e31f6ede81a2cbb0bfba2422de6bf,2010-10-09 09:43:07,,
text,in,f3048b18da2c56ef54e2c052aa15a66f6ad7e96d,2010-10-13 21:31:35,,
text,in,f818a67a8312718f9b8ec3d13c8167ecf342037,2010-10-15 17:25:04,,
text,in,a0db91b8d2f91f6f2f406bd6cf553fdf0ab21ffa,2010-10-15 14:46:29,,
text,out,46e11d0a5a510aff99b59fb423a2bce4fcc5bc1a,2010-10-16 19:25:36,,
text,in,f3048b18da2c56ef54e2c052aa15a66f6ad7e96d,2010-10-18 19:21:52,,
text,in,f3048b18da2c56ef54e2c052aa15a66f6ad7e96d,2010-10-19 20:46:16,,
text,out,f3048b18da2c56ef54e2c052aa15a66f6ad7e96d,2010-10-19 20:44:37,,
text,in,f3048b18da2c56ef54e2c052aa15a66f6ad7e96d,2010-10-20 10:42:07,,
text,out,f3048b18da2c56ef54e2c052aa15a66f6ad7e96d,2010-10-20 10:39:54,,
text,out,fa10-01-52,2010-10-20 18:31:06,,
text,in,f3048b18da2c56ef54e2c052aa15a66f6ad7e96d,2010-10-21 15:42:34,,
text,in,f3048b18da2c56ef54e2c052aa15a66f6ad7e96d,2010-10-21 15:39:28,,
text,out,f3048b18da2c56ef54e2c052aa15a66f6ad7e96d,2010-10-21 15:41:41,,
text,in,f3048b18da2c56ef54e2c052aa15a66f6ad7e96d,2010-10-21 23:59:41,,
text,in,dfe1d60bf91e165f17e45901e85c13e370c058eb,2010-10-22 12:09:49,,
text,in,dfe1d60bf91e165f17e45901e85c13e370c058eb,2010-10-22 11:56:54,,
text,in,fa10-01-52,2010-10-25 20:28:02,,
text,out,bb5a3e26cb34804713c374e6773a9c1cd701d026,2010-10-27 20:11:04,,
text,in,24a8cafa1ef1b9f73fb96324f0158f28e7904ceb,2010-10-29 06:41:11,,
text,in,4b45879fb0fc37da21b6c3d11ae67e7f159af788,2010-10-29 11:14:15,,
text,in,fa10-01-52,2010-10-29 11:14:12,,
text,in,fa10-01-52,2010-10-29 15:53:50,,
text,in,fa10-01-52,2010-10-29 16:42:35,,
text,out,fa10-01-52,2010-10-29 17:00:07,,
text,in,fa10-01-52,2010-10-30 11:51:47,,
text,in,4b45879fb0fc37da21b6c3d11ae67e7f159af788,2010-10-30 11:52:15,,
text,in,fa10-01-52,2010-10-30 17:39:41,,
text,in,4b45879fb0fc37da21b6c3d11ae67e7f159af788,2010-10-30 17:30:12,,
text,in,fa10-01-52,2010-10-30 19:47:07,,
text,in,759b57a295a915c57c9b59ef118d832c28725b19,2010-11-01 08:20:31,,
text,in,4b45879fb0fc37da21b6c3d11ae67e7f159af788,2010-11-04 15:20:13,,
text,in,4b45879fb0fc37da21b6c3d11ae67e7f159af788,2010-11-04 15:02:55,,
text,out,4b45879fb0fc37da21b6c3d11ae67e7f159af788,2010-11-04 15:09:13,,
text,in,4b45879fb0fc37da21b6c3d11ae67e7f159af788,2010-11-05 10:36:38,,
text,in,4b45879fb0fc37da21b6c3d11ae67e7f159af788,2010-11-05 10:30:24,,
text,out,4b45879fb0fc37da21b6c3d11ae67e7f159af788,2010-11-05 10:36:13,,
text,in,dfe1d60bf91e165f17e45901e85c13e370c058eb,2010-11-05 19:35:44,,
text,in,dfe1d60bf91e165f17e45901e85c13e370c058eb,2010-11-05 19:16:48,,
text,in,4b45879fb0fc37da21b6c3d11ae67e7f159af788,2010-11-05 15:00:06,,
text,out,dfe1d60bf91e165f17e45901e85c13e370c058eb,2010-11-05 19:29:52,,
text,in,fa10-01-52,2010-11-07 11:46:13,,
text,in,dfe1d60bf91e165f17e45901e85c13e370c058eb,2010-11-11 15:41:32,,
text,in,5949164003b073d7a82ef16781a7268d40f76467,2010-11-13 20:11:02,,
text,in,5949164003b073d7a82ef16781a7268d40f76467,2010-11-13 22:23:17,,
text,out,5949164003b073d7a82ef16781a7268d40f76467,2010-11-13 22:20:20,,
text,in,dfe1d60bf91e165f17e45901e85c13e370c058eb,2010-11-14 16:29:28,,
text,in,fa10-01-52,2010-11-16 16:39:19,,
text,in,f3048b18da2c56ef54e2c052aa15a66f6ad7e96d,2010-11-17 14:45:57,,
text,out,f3048b18da2c56ef54e2c052aa15a66f6ad7e96d,2010-11-17 15:30:21,,
text,in,fa10-01-52,2010-11-17 18:26:51,,
text,in,f3048b18da2c56ef54e2c052aa15a66f6ad7e96d,2010-11-17 16:05:05,,
text,out,f3048b18da2c56ef54e2c052aa15a66f6ad7e96d,2010-11-17 16:18:10,,
text,out,fa10-01-52,2010-11-18 18:03:51,,
text,in,fa10-01-52,2010-11-18 18:14:58,,
text,out,fa10-01-52,2010-11-18 18:14:37,,
text,in,3d9e10c9039e616a9cf614c5a245a87479986fb6,2010-11-19 15:04:01,,
text,out,3d9e10c9039e616a9cf614c5a245a87479986fb6,2010-11-19 15:05:00,,
text,in,fa10-01-52,2010-11-21 00:31:39,,
text,in,fa10-01-52,2010-11-24 14:27:17,,
text,in,fa10-01-52,2010-11-24 13:16:35,,
text,in,4b45879fb0fc37da21b6c3d11ae67e7f159af788,2010-12-01 01:52:06,,
text,in,fa10-01-52,2010-12-01 17:39:25,,
text,in,f3048b18da2c56ef54e2c052aa15a66f6ad7e96d,2010-12-02 13:51:06,,
text,in,f3048b18da2c56ef54e2c052aa15a66f6ad7e96d,2010-12-02 12:54:15,,
text,in,f3048b18da2c56ef54e2c052aa15a66f6ad7e96d,2010-12-02 11:35:28,,
text,out,f3048b18da2c56ef54e2c052aa15a66f6ad7e96d,2010-12-02 14:21:59,,
text,out,f3048b18da2c56ef54e2c052aa15a66f6ad7e96d,2010-12-02 13:05:12,,
text,out,f3048b18da2c56ef54e2c052aa15a66f6ad7e96d,2010-12-02 12:33:18,,
text,in,4b45879fb0fc37da21b6c3d11ae67e7f159af788,2010-12-03 09:35:44,,
text,in,f3048b18da2c56ef54e2c052aa15a66f6ad7e96d,2010-12-05 19:57:26,,
text,out,f3048b18da2c56ef54e2c052aa15a66f6ad7e96d,2010-12-05 19:52:53,,
text,in,4b45879fb0fc37da21b6c3d11ae67e7f159af788,2010-12-15 15:14:47,,
text,in,4b45879fb0fc37da21b6c3d11ae67e7f159af788,2010-12-15 15:08:31,,
text,in,4b45879fb0fc37da21b6c3d11ae67e7f159af788,2010-12-15 15:08:31,,
text,out,4b45879fb0fc37da21b6c3d11ae67e7f159af788,2010-12-15 15:13:35,,
text,in,fa10-01-52,2010-12-20 17:47:32,,
text,in,a1cc3f00d9a03deb7d2ee9e3c40c667ad33226fc,2010-12-25 06:18:36,,
text,in,f3048b18da2c56ef54e2c052aa15a66f6ad7e96d,2010-12-24 12:12:04,,
text,out,f3048b18da2c56ef54e2c052aa15a66f6ad7e96d,2010-12-24 13:08:35,,
text,in,c9ba46deb6f8adc101b1f138272a20e3d68da70c,2011-02-02 09:52:20,,
text,in,c9ba46deb6f8adc101b1f138272a20e3d68da70c,2011-02-02 09:52:20,,
text,in,c9ba46deb6f8adc101b1f138272a20e3d68da70c,2011-02-02 09:47:40,,
text,in,c9ba46deb6f8adc101b1f138272a20e3d68da70c,2011-02-02 09:47:40,,
text,in,c9ba46deb6f8adc101b1f138272a20e3d68da70c,2011-02-02 09:47:32,,
text,in,c9ba46deb6f8adc101b1f138272a20e3d68da70c,2011-02-02 09:47:27,,
text,in,c9ba46deb6f8adc101b1f138272a20e3d68da70c,2011-02-02 09:47:27,,
text,in,c9ba46deb6f8adc101b1f138272a20e3d68da70c,2011-02-02 09:47:23,,
text,in,c9ba46deb6f8adc101b1f138272a20e3d68da70c,2011-02-02 09:47:23,,
text,in,51eac6b471a284d3341d8c0c63d0f1a286262a18,2011-02-01 08:19:36,,
text,in,60946a43bfbb0d04add17f09b47a0d1ec9fe34bb,2011-02-02 23:58:04,,
text,out,60946a43bfbb0d04add17f09b47a0d1ec9fe34bb,2011-02-03 07:41:18,,
text,in,3e65b93b3eded0a28be00a2dd97085a4b5de1377,2011-02-14 08:21:12,,
text,in,fa10-01-07,2011-02-13 16:39:20,,
text,out,fa10-01-07,2011-02-13 16:55:26,,
text,in,d2077cd68c6a29ebbbc7b6177e203ed157303ce8,2011-02-18 11:31:04,,
text,in,fa10-01-52,2011-02-25 15:57:57,,
text,in,20dc9e91d44ed253d2493115022463bd5c4f258d,2011-02-26 15:31:18,,
text,in,20dc9e91d44ed253d2493115022463bd5c4f258d,2011-02-26 14:15:35,,
text,in,20dc9e91d44ed253d2493115022463bd5c4f258d,2011-02-26 13:19:28,,
text,in,3e65b93b3eded0a28be00a2dd97085a4b5de1377,2011-02-25 19:24:41,,
text,in,fa10-01-52,2011-02-25 17:53:28,,
text,out,20dc9e91d44ed253d2493115022463bd5c4f258d,2011-02-26 14:24:55,,
text,out,20dc9e91d44ed253d2493115022463bd5c4f258d,2011-02-26 14:09:50,,
text,in,3e65b93b3eded0a28be00a2dd97085a4b5de1377,2011-02-27 09:23:46,,
text,in,4b45879fb0fc37da21b6c3d11ae67e7f159af788,2011-02-27 23:41:15,,
text,out,4b45879fb0fc37da21b6c3d11ae67e7f159af788,2011-02-27 22:56:20,,
text,in,51eac6b471a284d3341d8c0c63d0f1a286262a18,2011-02-28 17:34:41,,
text,in,1a40d293f4496501a5a5ebcb947664bc4a71c4b4,2011-03-01 19:18:55,,
text,in,fa10-01-07,2011-03-01 17:34:38,,
text,out,1a40d293f4496501a5a5ebcb947664bc4a71c4b4,2011-03-01 21:01:21,,
text,in,51eac6b471a284d3341d8c0c63d0f1a286262a18,2011-03-04 14:45:05,,
text,in,fc07697ce50aeb3af0ddda590abab2c499601e16,2011-04-06 09:36:14,,
text,in,fc07697ce50aeb3af0ddda590abab2c499601e16,2011-04-06 09:36:02,,
text,in,910bfe1aa7126f9b35be9b38d29c707e79d094d8,2011-04-04 08:01:23,,
text,out,910bfe1aa7126f9b35be9b38d29c707e79d094d8,2011-04-04 12:17:32,,
text,in,20dc9e91d44ed253d2493115022463bd5c4f258d,2011-04-12 00:21:18,,
text,in,a0db91b8d2f91f6f2f406bd6cf553fdf0ab21ffa,2011-04-11 18:08:48,,
text,in,a0db91b8d2f91f6f2f406bd6cf553fdf0ab21ffa,2011-04-11 17:45:36,,
text,out,a0db91b8d2f91f6f2f406bd6cf553fdf0ab21ffa,2011-04-11 18:00:10,,
text,in,24a8cafa1ef1b9f73fb96324f0158f28e7904ceb,2011-04-20 17:29:46,,
text,in,24a8cafa1ef1b9f73fb96324f0158f28e7904ceb,2011-04-20 17:05:23,,
text,in,24a8cafa1ef1b9f73fb96324f0158f28e7904ceb,2011-04-20 16:21:59,,
text,out,24a8cafa1ef1b9f73fb96324f0158f28e7904ceb,2011-04-20 17:04:49,,
text,in,c9ba46deb6f8adc101b1f138272a20e3d68da70c,2011-04-27 10:52:46,,
text,in,c9ba46deb6f8adc101b1f138272a20e3d68da70c,2011-04-27 10:48:34,,
text,out,c9ba46deb6f8adc101b1f138272a20e3d68da70c,2011-04-27 10:50:07,,
text,in,24a8cafa1ef1b9f73fb96324f0158f28e7904ceb,2011-04-30 10:39:59,,
text,in,46da9df8c0cfebc5296ce753579332801d979d50,2011-04-30 17:54:32,,
text,in,46da9df8c0cfebc5296ce753579332801d979d50,2011-04-30 17:54:32,,
text,out,b906e9986bae7a4affc0b9f48fd27f72b8fa3287,2011-05-03 17:34:48,,
text,in,20dc9e91d44ed253d2493115022463bd5c4f258d,2011-05-06 02:10:53,,
text,in,24a8cafa1ef1b9f73fb96324f0158f28e7904ceb,2011-05-06 17:30:48,,
text,in,3e65b93b3eded0a28be00a2dd97085a4b5de1377,2011-05-08 08:47:48,,
text,out,24a8cafa1ef1b9f73fb96324f0158f28e7904ceb,2011-05-06 18:03:25,,