interaction,direction,correspondent_id,datetime,call_duration,antenna_id
call,out,ade7c2cf97f75d009975f4d720d1fa6c19f4897,2010-10-12 23:07:07,,
call,out,3ec79dd07531df32e47a1c7ae417e811a40ddc92,2010-10-12 23:13:40,,
call,out,3ec79dd07531df32e47a1c7ae417e811a40ddc92,2010-10-12 23:10:45,,
call,out,3ec79dd07531df32e47a1c7ae417e811a40ddc92,2010-10-12 23:07:37,,
call,out,1fa4dcdc41d6d0b01f773dce39e20ba60cbdc114,2010-10-13 01:01:53,,
call,in,a280f8304874d7345af572494cb933b8fa79e10b,2010-10-13 08:43:56,,
call,in,a280f8304874d7345af572494cb933b8fa79e10b,2010-10-13 08:44:56,,
call,in,a280f8304874d7345af572494cb933b8fa79e10b,2010-10-13 08:47:25,,
call,in,a280f8304874d7345af572494cb933b8fa79e10b,2010-10-13 08:45:37,,
call,in,a280f8304874d7345af572494cb933b8fa79e10b,2010-10-13 08:48:46,,
call,in,a280f8304874d7345af572494cb933b8fa79e10b,2010-10-13 08:50:49,,
call,out,fa10-01-13,2010-10-13 09:08:17,,
call,in,a280f8304874d7345af572494cb933b8fa79e10b,2010-10-13 09:11:39,,
call,in,afa812f18773bf48f787dbb3a8c8196dc689071,2010-10-13 17:53:07,,
call,out,fa10-01-13,2010-10-13 18:02:26,,
call,in,afa812f18773bf48f787dbb3a8c8196dc689071,2010-10-13 18:14:58,,
call,in,afa812f18773bf48f787dbb3a8c8196dc689071,2010-10-13 20:39:37,,
call,out,afa812f18773bf48f787dbb3a8c8196dc689071,2010-10-13 20:54:05,,
call,in,afa812f18773bf48f787dbb3a8c8196dc689071,2010-10-14 12:16:14,,
call,out,1fa4dcdc41d6d0b01f773dce39e20ba60cbdc114,2010-10-14 19:17:41,,
call,out,fa10-01-13,2010-10-18 13:00:44,,
call,out,113c4375691a830e3dad6941a8965d1dda550e3,2010-10-19 11:12:32,,
call,out,620ebd5358f3399b763a1eb8bfade0b5b3740f0,2010-10-19 13:33:01,,
call,out,a280f8304874d7345af572494cb933b8fa79e10b,2010-10-19 13:50:42,,
call,in,a280f8304874d7345af572494cb933b8fa79e10b,2010-10-21 16:44:41,,
call,out,a280f8304874d7345af572494cb933b8fa79e10b,2010-10-21 16:44:07,,
call,out,6cd5d9c90d9dfc7a59d535cd60d588d1fa167afa,2010-10-21 15:46:36,,
call,in,620ebd5358f3399b763a1eb8bfade0b5b3740f0,2010-10-21 14:41:03,,
call,out,620ebd5358f3399b763a1eb8bfade0b5b3740f0,2010-10-21 13:01:08,,
call,out,a280f8304874d7345af572494cb933b8fa79e10b,2010-10-21 12:55:32,,
call,in,620ebd5358f3399b763a1eb8bfade0b5b3740f0,2010-10-21 12:43:07,,
call,out,a280f8304874d7345af572494cb933b8fa79e10b,2010-10-21 12:42:38,,
call,out,620ebd5358f3399b763a1eb8bfade0b5b3740f0,2010-10-21 12:41:58,,
call,out,a280f8304874d7345af572494cb933b8fa79e10b,2010-10-21 12:40:47,,
call,in,620ebd5358f3399b763a1eb8bfade0b5b3740f0,2010-10-21 12:35:40,,
call,out,620ebd5358f3399b763a1eb8bfade0b5b3740f0,2010-10-21 12:30:08,,
call,out,a280f8304874d7345af572494cb933b8fa79e10b,2010-10-21 11:50:18,,
call,in,620ebd5358f3399b763a1eb8bfade0b5b3740f0,2010-10-21 01:20:42,,
call,out,6cd5d9c90d9dfc7a59d535cd60d588d1fa167afa,2010-10-20 20:24:48,,
call,out,6cd5d9c90d9dfc7a59d535cd60d588d1fa167afa,2010-10-20 19:24:09,,
call,out,e0da079a2acceb3b7e7e00419d01d7655eaf4edf,2010-10-22 15:58:47,,
call,out,113c4375691a830e3dad6941a8965d1dda550e3,2010-10-22 18:55:08,,
call,in,1dcb26f4b38be9563606a2e2a373228052467406,2010-10-24 02:09:25,,
call,out,620ebd5358f3399b763a1eb8bfade0b5b3740f0,2010-10-25 20:53:42,,
call,out,620ebd5358f3399b763a1eb8bfade0b5b3740f0,2010-10-26 14:28:52,,
call,out,afa812f18773bf48f787dbb3a8c8196dc689071,2010-10-26 14:28:41,,
call,out,e0da079a2acceb3b7e7e00419d01d7655eaf4edf,2010-10-26 14:29:24,,
call,in,df55080170cd4e447ee7696159c66ad1cf408805,2010-10-26 14:38:59,,
call,out,e0da079a2acceb3b7e7e00419d01d7655eaf4edf,2010-10-27 17:29:27,,
call,out,620ebd5358f3399b763a1eb8bfade0b5b3740f0,2010-10-27 17:28:48,,
call,out,a280f8304874d7345af572494cb933b8fa79e10b,2010-10-28 00:25:31,,
call,in,620ebd5358f3399b763a1eb8bfade0b5b3740f0,2010-10-28 12:41:10,,
call,in,620ebd5358f3399b763a1eb8bfade0b5b3740f0,2010-10-28 12:42:01,,
call,out,fa10-01-13,2010-10-28 13:08:29,,
call,out,e0da079a2acceb3b7e7e00419d01d7655eaf4edf,2010-10-28 19:33:51,,
call,in,24a7371b185e8b39cc40ced658b1e16ea9e9d3ed,2010-10-31 12:07:02,,
call,out,99e678bc368693a30a90d3056814ea0766a80217,2010-10-31 17:00:53,,
call,out,113c4375691a830e3dad6941a8965d1dda550e3,2010-11-02 12:45:14,,
call,in,43ebca6f6af6c1d32b17f698f040cf6e7510ca18,2010-11-02 23:01:01,,
call,in,63d2b0926ec1af0851f75a4a89efc407e91e0b0f,2010-11-02 22:34:54,,
call,out,113c4375691a830e3dad6941a8965d1dda550e3,2010-11-02 16:32:10,,
call,out,620ebd5358f3399b763a1eb8bfade0b5b3740f0,2010-11-02 14:35:52,,
call,out,620ebd5358f3399b763a1eb8bfade0b5b3740f0,2010-11-02 14:33:25,,
call,out,c7780786051104754e9d7d401bb25d05caac63c7,2010-11-02 14:29:09,,
call,out,e0da079a2acceb3b7e7e00419d01d7655eaf4edf,2010-11-03 17:49:21,,
call,out,1fa4dcdc41d6d0b01f773dce39e20ba60cbdc114,2010-11-03 19:28:34,,
call,in,620ebd5358f3399b763a1eb8bfade0b5b3740f0,2010-11-04 08:41:58,,
call,out,113c4375691a830e3dad6941a8965d1dda550e3,2010-11-04 21:51:11,,
call,out,113c4375691a830e3dad6941a8965d1dda550e3,2010-11-04 21:33:53,,
call,out,fa10-01-13,2010-11-04 21:12:39,,
call,out,113c4375691a830e3dad6941a8965d1dda550e3,2010-11-04 16:24:02,,
call,out,e0da079a2acceb3b7e7e00419d01d7655eaf4edf,2010-11-04 16:04:12,,
call,in,e0da079a2acceb3b7e7e00419d01d7655eaf4edf,2010-11-04 14:52:14,,
call,out,620ebd5358f3399b763a1eb8bfade0b5b3740f0,2010-11-04 14:51:21,,
call,out,620ebd5358f3399b763a1eb8bfade0b5b3740f0,2010-11-04 14:48:50,,
call,out,113c4375691a830e3dad6941a8965d1dda550e3,2010-11-04 14:45:59,,
call,out,113c4375691a830e3dad6941a8965d1dda550e3,2010-11-04 14:40:48,,
call,in,620ebd5358f3399b763a1eb8bfade0b5b3740f0,2010-11-04 12:39:47,,
call,out,113c4375691a830e3dad6941a8965d1dda550e3,2010-11-04 11:29:18,,
call,in,113c4375691a830e3dad6941a8965d1dda550e3,2010-11-05 10:30:35,,
call,out,113c4375691a830e3dad6941a8965d1dda550e3,2010-11-06 20:58:05,,
call,in,113c4375691a830e3dad6941a8965d1dda550e3,2010-11-06 19:10:32,,
call,in,9bd2148744795d5f5a90dd41c2d2cf15fbf8e2ce,2010-11-06 18:30:31,,
call,out,9bd2148744795d5f5a90dd41c2d2cf15fbf8e2ce,2010-11-06 17:54:58,,
call,out,9bd2148744795d5f5a90dd41c2d2cf15fbf8e2ce,2010-11-06 17:33:03,,
call,out,3f75bff9f2ccb0468dbf6d91b0d59ff80d523bdc,2010-11-07 19:21:40,,
call,out,e0da079a2acceb3b7e7e00419d01d7655eaf4edf,2010-11-07 16:53:55,,
call,out,e0da079a2acceb3b7e7e00419d01d7655eaf4edf,2010-11-07 15:37:22,,
call,in,e0da079a2acceb3b7e7e00419d01d7655eaf4edf,2010-11-07 13:29:26,,
call,out,620ebd5358f3399b763a1eb8bfade0b5b3740f0,2010-11-07 13:27:53,,
call,in,a280f8304874d7345af572494cb933b8fa79e10b,2010-11-08 11:23:10,,
call,in,620ebd5358f3399b763a1eb8bfade0b5b3740f0,2010-11-09 18:38:32,,
call,in,7657194a27557b3ae476495be04cd6fb3d92537b,2010-11-09 16:45:06,,
call,in,620ebd5358f3399b763a1eb8bfade0b5b3740f0,2010-11-09 14:34:12,,
call,in,620ebd5358f3399b763a1eb8bfade0b5b3740f0,2010-11-09 14:28:08,,
call,in,620ebd5358f3399b763a1eb8bfade0b5b3740f0,2010-11-09 14:25:31,,
call,out,113c4375691a830e3dad6941a8965d1dda550e3,2010-11-09 11:31:45,,
call,out,ae5ed0c64c34806cb38dc3cbf3cadda3fda277e6,2010-11-10 14:09:09,,
call,out,ae5ed0c64c34806cb38dc3cbf3cadda3fda277e6,2010-11-10 14:08:43,,
call,out,620ebd5358f3399b763a1eb8bfade0b5b3740f0,2010-11-11 15:27:42,,
call,in,620ebd5358f3399b763a1eb8bfade0b5b3740f0,2010-11-11 13:42:55,,
call,out,7657194a27557b3ae476495be04cd6fb3d92537b,2010-11-11 13:29:58,,
call,out,620ebd5358f3399b763a1eb8bfade0b5b3740f0,2010-11-11 13:29:25,,
call,in,3bdda77e4420fde9fbd21dfdf6147a1138413e06,2010-11-11 22:59:53,,
call,out,3bdda77e4420fde9fbd21dfdf6147a1138413e06,2010-11-11 23:15:36,,
call,in,3bdda77e4420fde9fbd21dfdf6147a1138413e06,2010-11-11 23:08:34,,
call,out,3bdda77e4420fde9fbd21dfdf6147a1138413e06,2010-11-11 23:08:32,,
call,out,fa10-01-13,2010-11-12 19:21:29,,
call,out,3bdda77e4420fde9fbd21dfdf6147a1138413e06,2010-11-12 23:38:20,,
call,in,3bdda77e4420fde9fbd21dfdf6147a1138413e06,2010-11-12 22:21:55,,
call,out,461df90d1063622e264975dc10bb5f22a78c5ea0,2010-11-12 20:04:04,,
call,out,fa10-01-13,2010-11-12 20:02:15,,
call,in,356a192b7913b04c54574d18c28d46e6395428ab,2010-11-13 15:56:10,,
call,in,620ebd5358f3399b763a1eb8bfade0b5b3740f0,2010-11-13 18:34:20,,
call,in,106c7397fc37c2afc66c183c9fd07a4c4d79dddf,2010-11-13 20:52:19,,
call,out,b62acc94fb47ba0145f91370660ad163b2b2a082,2010-11-13 20:33:29,,
call,out,c66902d6960aa3bc5e0c3dd134c47a9787c74acb,2010-11-13 20:33:18,,
call,out,ee9e9e2173d03fc024bafa4df794f9862a5206ac,2010-11-14 11:14:18,,
call,out,461df90d1063622e264975dc10bb5f22a78c5ea0,2010-11-15 09:23:11,,
call,in,df55080170cd4e447ee7696159c66ad1cf408805,2010-11-15 10:44:50,,
call,out,461df90d1063622e264975dc10bb5f22a78c5ea0,2010-11-15 10:06:51,,
call,out,ae5ed0c64c34806cb38dc3cbf3cadda3fda277e6,2010-11-15 10:06:21,,
call,out,113c4375691a830e3dad6941a8965d1dda550e3,2010-11-15 10:04:36,,
call,out,7657194a27557b3ae476495be04cd6fb3d92537b,2010-11-15 10:04:00,,
call,out,a280f8304874d7345af572494cb933b8fa79e10b,2010-11-15 10:02:57,,
call,out,113c4375691a830e3dad6941a8965d1dda550e3,2010-11-15 10:01:15,,
call,out,620ebd5358f3399b763a1eb8bfade0b5b3740f0,2010-11-15 14:06:43,,
call,out,fa10-01-13,2010-11-15 13:33:59,,
call,out,620ebd5358f3399b763a1eb8bfade0b5b3740f0,2010-11-15 12:56:12,,
call,out,620ebd5358f3399b763a1eb8bfade0b5b3740f0,2010-11-15 12:51:22,,
call,out,fa10-01-13,2010-11-15 12:50:12,,
call,in,a280f8304874d7345af572494cb933b8fa79e10b,2010-11-15 11:30:19,,
call,in,9701202732f3e23dc626cadb25fa1771a9c1fe3,2010-11-15 23:25:09,,
call,in,21943faf3abe9e6dc96cf2c18d826b23d4c966c7,2010-11-15 23:24:48,,
call,in,e37afcad13c55b3dd4a0f189ff8c4f232734f0a2,2010-11-15 22:24:14,,
call,in,b07bd9849cc738b5596d46197af0e8d8f55002db,2010-11-15 22:02:49,,
call,in,113c4375691a830e3dad6941a8965d1dda550e3,2010-11-16 10:21:42,,
call,out,113c4375691a830e3dad6941a8965d1dda550e3,2010-11-16 10:20:15,,
call,out,113c4375691a830e3dad6941a8965d1dda550e3,2010-11-16 10:20:05,,
call,out,620ebd5358f3399b763a1eb8bfade0b5b3740f0,2010-11-16 10:03:32,,
call,out,df55080170cd4e447ee7696159c66ad1cf408805,2010-11-16 09:59:05,,
call,out,620ebd5358f3399b763a1eb8bfade0b5b3740f0,2010-11-16 09:42:43,,
call,in,620ebd5358f3399b763a1eb8bfade0b5b3740f0,2010-11-16 09:41:10,,
call,out,620ebd5358f3399b763a1eb8bfade0b5b3740f0,2010-11-16 09:38:08,,
call,out,59d0ccab166d2a7464129b75e3ae428cd788829d,2010-11-16 15:27:47,,
call,in,620ebd5358f3399b763a1eb8bfade0b5b3740f0,2010-11-16 14:31:09,,
call,out,620ebd5358f3399b763a1eb8bfade0b5b3740f0,2010-11-16 12:59:34,,
call,out,113c4375691a830e3dad6941a8965d1dda550e3,2010-11-16 11:27:26,,
call,in,df55080170cd4e447ee7696159c66ad1cf408805,2010-11-16 11:26:03,,
call,in,620ebd5358f3399b763a1eb8bfade0b5b3740f0,2010-11-16 11:14:57,,
call,out,620ebd5358f3399b763a1eb8bfade0b5b3740f0,2010-11-16 11:13:39,,
call,in,620ebd5358f3399b763a1eb8bfade0b5b3740f0,2010-11-16 11:13:19,,
call,out,620ebd5358f3399b763a1eb8bfade0b5b3740f0,2010-11-16 11:13:12,,
call,out,620ebd5358f3399b763a1eb8bfade0b5b3740f0,2010-11-16 11:12:33,,
call,in,461df90d1063622e264975dc10bb5f22a78c5ea0,2010-11-16 17:03:28,,
call,in,620ebd5358f3399b763a1eb8bfade0b5b3740f0,2010-11-16 17:30:51,,
call,out,113c4375691a830e3dad6941a8965d1dda550e3,2010-11-17 16:34:20,,
call,out,6250b52bcd84939b6d502283204faf582988039c,2010-11-17 15:41:10,,
call,out,620ebd5358f3399b763a1eb8bfade0b5b3740f0,2010-11-17 11:05:22,,
call,out,620ebd5358f3399b763a1eb8bfade0b5b3740f0,2010-11-17 10:46:02,,
call,in,4bc9cfca108b9ad4d47181f34fa0d3be1ea266f9,2010-11-17 23:20:59,,
call,in,5d40c38e2f50a530afee86a148d02970049efb48,2010-11-17 22:53:24,,
call,in,29ea9325695493621bc907fc0308e6cda83b2c48,2010-11-17 22:12:42,,
call,out,e0da079a2acceb3b7e7e00419d01d7655eaf4edf,2010-11-17 20:50:27,,
call,in,e0da079a2acceb3b7e7e00419d01d7655eaf4edf,2010-11-17 20:41:14,,
call,out,6cd5d9c90d9dfc7a59d535cd60d588d1fa167afa,2010-11-18 17:02:00,,
call,out,99e678bc368693a30a90d3056814ea0766a80217,2010-11-18 16:30:19,,
call,out,620ebd5358f3399b763a1eb8bfade0b5b3740f0,2010-11-18 14:18:50,,
call,in,a280f8304874d7345af572494cb933b8fa79e10b,2010-11-18 10:19:55,,
call,in,6cd5d9c90d9dfc7a59d535cd60d588d1fa167afa,2010-11-18 21:45:46,,
call,out,620ebd5358f3399b763a1eb8bfade0b5b3740f0,2010-11-18 19:31:20,,
call,out,e0da079a2acceb3b7e7e00419d01d7655eaf4edf,2010-11-19 13:07:31,,
call,out,620ebd5358f3399b763a1eb8bfade0b5b3740f0,2010-11-19 13:06:31,,
call,in,113c4375691a830e3dad6941a8965d1dda550e3,2010-11-19 12:13:45,,
call,out,113c4375691a830e3dad6941a8965d1dda550e3,2010-11-19 12:10:43,,
call,out,113c4375691a830e3dad6941a8965d1dda550e3,2010-11-19 12:03:50,,
call,out,fa10-01-13,2010-11-19 11:26:27,,
call,out,620ebd5358f3399b763a1eb8bfade0b5b3740f0,2010-11-19 11:25:39,,
call,out,9b8ce038956d598be2e1f23594dc5ff246354f04,2010-11-19 11:21:18,,
call,out,fa10-01-13,2010-11-19 11:19:33,,
call,out,620ebd5358f3399b763a1eb8bfade0b5b3740f0,2010-11-19 10:32:47,,
call,out,fa10-01-13,2010-11-20 21:31:49,,
call,out,113c4375691a830e3dad6941a8965d1dda550e3,2010-11-21 08:27:53,,
call,out,620ebd5358f3399b763a1eb8bfade0b5b3740f0,2010-11-21 17:08:05,,
call,out,1fa4dcdc41d6d0b01f773dce39e20ba60cbdc114,2010-11-21 16:40:54,,
call,out,620ebd5358f3399b763a1eb8bfade0b5b3740f0,2010-11-21 16:39:24,,
call,out,1fa4dcdc41d6d0b01f773dce39e20ba60cbdc114,2010-11-21 16:38:36,,
call,out,620ebd5358f3399b763a1eb8bfade0b5b3740f0,2010-11-21 16:38:05,,
call,in,df55080170cd4e447ee7696159c66ad1cf408805,2010-11-21 16:11:40,,
call,in,b376aa2b1b32c174856c525b027dc500e7228c75,2010-11-21 15:26:58,,
call,out,e0da079a2acceb3b7e7e00419d01d7655eaf4edf,2010-11-21 15:11:02,,
call,in,e0da079a2acceb3b7e7e00419d01d7655eaf4edf,2010-11-21 15:10:34,,
call,in,e0da079a2acceb3b7e7e00419d01d7655eaf4edf,2010-11-22 13:45:05,,
call,in,a280f8304874d7345af572494cb933b8fa79e10b,2010-11-22 09:31:52,,
call,out,9b8ce038956d598be2e1f23594dc5ff246354f04,2010-11-22 09:24:08,,
call,out,9b8ce038956d598be2e1f23594dc5ff246354f04,2010-11-22 08:53:46,,
call,in,e0da079a2acceb3b7e7e00419d01d7655eaf4edf,2010-11-23 17:36:19,,
call,out,620ebd5358f3399b763a1eb8bfade0b5b3740f0,2010-11-23 17:59:10,,
call,in,620ebd5358f3399b763a1eb8bfade0b5b3740f0,2010-11-23 17:49:53,,
call,in,620ebd5358f3399b763a1eb8bfade0b5b3740f0,2010-11-24 14:35:09,,
call,out,620ebd5358f3399b763a1eb8bfade0b5b3740f0,2010-11-24 12:20:50,,
call,out,620ebd5358f3399b763a1eb8bfade0b5b3740f0,2010-11-24 12:19:04,,
call,out,fa10-01-13,2010-11-25 09:44:54,,
call,out,e0da079a2acceb3b7e7e00419d01d7655eaf4edf,2010-11-26 16:09:33,,
call,out,620ebd5358f3399b763a1eb8bfade0b5b3740f0,2010-11-26 16:09:11,,
call,out,620ebd5358f3399b763a1eb8bfade0b5b3740f0,2010-11-26 16:08:48,,
call,in,37c7f842f7b140b950557887ee51577c447dbd46,2010-11-28 20:32:20,,
call,out,37c7f842f7b140b950557887ee51577c447dbd46,2010-11-28 20:32:11,,
call,in,37c7f842f7b140b950557887ee51577c447dbd46,2010-11-28 20:26:43,,
call,in,37c7f842f7b140b950557887ee51577c447dbd46,2010-11-28 20:10:20,,
call,out,aad44a2f3470eb5f6c8240be341b878dd90dd5e2,2010-11-28 21:50:02,,
call,out,7248e909aba71d7e7e5e8c1187806efe758eaf90,2010-11-28 21:47:09,,
call,in,5183f754f48e51b94c97d3623722c50b4f3a1359,2010-11-28 21:12:43,,
call,in,5183f754f48e51b94c97d3623722c50b4f3a1359,2010-11-28 20:58:07,,
call,out,5183f754f48e51b94c97d3623722c50b4f3a1359,2010-11-28 20:57:42,,
call,out,5183f754f48e51b94c97d3623722c50b4f3a1359,2010-11-28 20:57:14,,
call,out,113c4375691a830e3dad6941a8965d1dda550e3,2010-11-29 16:09:18,,
call,out,113c4375691a830e3dad6941a8965d1dda550e3,2010-11-29 16:08:02,,
call,in,5183f754f48e51b94c97d3623722c50b4f3a1359,2010-11-29 13:57:46,,
call,in,5183f754f48e51b94c97d3623722c50b4f3a1359,2010-11-29 10:46:47,,
call,in,113c4375691a830e3dad6941a8965d1dda550e3,2010-11-29 21:28:04,,
call,in,113c4375691a830e3dad6941a8965d1dda550e3,2010-11-29 21:24:34,,
call,out,a280f8304874d7345af572494cb933b8fa79e10b,2010-11-30 12:57:06,,
call,out,90c8b6e7226a48759be4bbac647eddb1e45a8abd,2010-11-30 12:47:19,,
call,out,a280f8304874d7345af572494cb933b8fa79e10b,2010-11-30 12:27:01,,
call,out,620ebd5358f3399b763a1eb8bfade0b5b3740f0,2010-11-30 18:17:04,,
call,out,e0da079a2acceb3b7e7e00419d01d7655eaf4edf,2010-11-30 17:31:50,,
call,out,620ebd5358f3399b763a1eb8bfade0b5b3740f0,2010-11-30 17:06:11,,
call,out,8ccac6538627d57cbbe91bf72dd21871d7a9cab7,2010-11-30 16:13:41,,
call,out,8ccac6538627d57cbbe91bf72dd21871d7a9cab7,2010-11-30 16:12:50,,
call,out,fa10-01-13,2010-11-30 16:12:06,,
call,out,8ccac6538627d57cbbe91bf72dd21871d7a9cab7,2010-11-30 16:11:54,,
call,out,620ebd5358f3399b763a1eb8bfade0b5b3740f0,2010-11-30 15:13:09,,
call,out,113c4375691a830e3dad6941a8965d1dda550e3,2010-11-30 15:09:50,,
call,out,620ebd5358f3399b763a1eb8bfade0b5b3740f0,2010-11-30 14:48:58,,
call,in,db0788d2d8aa4ef2e18526d38fb24c4211aeecbf,2010-12-01 08:19:51,,
call,out,1fa4dcdc41d6d0b01f773dce39e20ba60cbdc114,2010-12-01 18:36:58,,
call,out,620ebd5358f3399b763a1eb8bfade0b5b3740f0,2010-12-01 18:36:38,,
call,in,620ebd5358f3399b763a1eb8bfade0b5b3740f0,2010-12-01 18:15:19,,
call,out,58fa08845714fd645148fd0d0dc4eda396091ea3,2010-12-01 17:00:59,,
call,in,58fa08845714fd645148fd0d0dc4eda396091ea3,2010-12-01 16:58:31,,
call,out,620ebd5358f3399b763a1eb8bfade0b5b3740f0,2010-12-01 16:49:16,,
call,in,58fa08845714fd645148fd0d0dc4eda396091ea3,2010-12-01 15:22:52,,
call,in,e7fc59ec2249dab6e5796638a02f5892c60d7178,2010-12-01 13:31:50,,
call,out,620ebd5358f3399b763a1eb8bfade0b5b3740f0,2010-12-01 12:21:46,,
call,out,620ebd5358f3399b763a1eb8bfade0b5b3740f0,2010-12-01 12:19:32,,
call,out,620ebd5358f3399b763a1eb8bfade0b5b3740f0,2010-12-01 12:18:26,,
call,out,fa10-01-13,2010-12-01 09:10:47,,
call,out,90c8b6e7226a48759be4bbac647eddb1e45a8abd,2010-12-02 11:24:23,,
call,out,fa10-01-13,2010-12-02 11:24:06,,
call,in,d45e52f37ee68401f036696e9b173f254c8289f0,2010-12-02 21:59:03,,
call,in,f4f7145d3430aaf4b845a8e2ef16dae57093f165,2010-12-02 21:58:38,,
call,out,620ebd5358f3399b763a1eb8bfade0b5b3740f0,2010-12-02 19:14:10,,
call,in,620ebd5358f3399b763a1eb8bfade0b5b3740f0,2010-12-02 14:29:51,,
call,out,620ebd5358f3399b763a1eb8bfade0b5b3740f0,2010-12-02 12:46:17,,
call,out,620ebd5358f3399b763a1eb8bfade0b5b3740f0,2010-12-02 12:45:29,,
call,in,620ebd5358f3399b763a1eb8bfade0b5b3740f0,2010-12-02 12:41:55,,
call,out,90c8b6e7226a48759be4bbac647eddb1e45a8abd,2010-12-03 09:40:59,,
call,in,6bb18210c58542362c518b9304db79d231c33443,2010-12-04 22:23:07,,
call,in,a280f8304874d7345af572494cb933b8fa79e10b,2010-12-06 11:37:42,,
call,in,da4b9237bacccdf19c0760cab7aec4a8359010b0,2010-12-06 09:36:56,,
call,out,113c4375691a830e3dad6941a8965d1dda550e3,2010-12-09 10:32:59,,
call,out,620ebd5358f3399b763a1eb8bfade0b5b3740f0,2010-12-09 10:25:56,,
call,out,e0da079a2acceb3b7e7e00419d01d7655eaf4edf,2010-12-09 10:25:31,,
call,out,620ebd5358f3399b763a1eb8bfade0b5b3740f0,2010-12-09 10:25:09,,
call,out,113c4375691a830e3dad6941a8965d1dda550e3,2010-12-09 10:23:37,,
call,out,113c4375691a830e3dad6941a8965d1dda550e3,2010-12-09 10:23:18,,
call,out,113c4375691a830e3dad6941a8965d1dda550e3,2010-12-09 10:23:01,,
call,in,b376aa2b1b32c174856c525b027dc500e7228c75,2010-12-09 16:21:49,,
call,out,e0da079a2acceb3b7e7e00419d01d7655eaf4edf,2010-12-09 14:55:31,,
call,out,df55080170cd4e447ee7696159c66ad1cf408805,2010-12-09 14:27:57,,
call,out,620ebd5358f3399b763a1eb8bfade0b5b3740f0,2010-12-09 14:27:34,,
call,out,620ebd5358f3399b763a1eb8bfade0b5b3740f0,2010-12-09 13:22:24,,
call,in,a280f8304874d7345af572494cb933b8fa79e10b,2010-12-09 12:19:28,,
call,out,e0da079a2acceb3b7e7e00419d01d7655eaf4edf,2010-12-09 11:59:38,,
call,out,620ebd5358f3399b763a1eb8bfade0b5b3740f0,2010-12-09 11:59:23,,
call,out,113c4375691a830e3dad6941a8965d1dda550e3,2010-12-10 14:28:32,,
call,in,99e678bc368693a30a90d3056814ea0766a80217,2010-12-10 14:27:12,,
call,out,e73c8a785935f21115f87adce89723a77510980,2010-12-10 14:00:39,,
call,in,859dbfd91d715985cc4fca318b4e7a85c90b9cc4,2010-12-10 13:52:03,,
call,in,df55080170cd4e447ee7696159c66ad1cf408805,2010-12-10 13:37:59,,
call,in,ec31dff3029e0fae9d44b448c435121d7500acb9,2010-12-10 09:27:30,,
call,out,113c4375691a830e3dad6941a8965d1dda550e3,2010-12-10 09:26:46,,
call,in,620ebd5358f3399b763a1eb8bfade0b5b3740f0,2010-12-10 09:17:32,,
call,out,620ebd5358f3399b763a1eb8bfade0b5b3740f0,2010-12-10 09:14:26,,
call,out,620ebd5358f3399b763a1eb8bfade0b5b3740f0,2010-12-10 09:13:28,,
call,in,620ebd5358f3399b763a1eb8bfade0b5b3740f0,2010-12-10 08:57:46,,
call,out,620ebd5358f3399b763a1eb8bfade0b5b3740f0,2010-12-10 08:36:09,,
call,in,620ebd5358f3399b763a1eb8bfade0b5b3740f0,2010-12-10 08:26:16,,
call,in,620ebd5358f3399b763a1eb8bfade0b5b3740f0,2010-12-10 15:45:33,,
call,out,99e678bc368693a30a90d3056814ea0766a80217,2010-12-10 15:18:08,,
call,in,99e678bc368693a30a90d3056814ea0766a80217,2010-12-10 15:05:37,,
call,in,113c4375691a830e3dad6941a8965d1dda550e3,2010-12-11 13:38:46,,
call,out,df55080170cd4e447ee7696159c66ad1cf408805,2010-12-11 20:06:50,,
call,out,df55080170cd4e447ee7696159c66ad1cf408805,2010-12-11 19:19:27,,
call,in,620ebd5358f3399b763a1eb8bfade0b5b3740f0,2010-12-11 15:36:10,,
call,in,113c4375691a830e3dad6941a8965d1dda550e3,2010-12-12 10:53:17,,
call,out,df55080170cd4e447ee7696159c66ad1cf408805,2010-12-12 16:58:31,,
call,out,113c4375691a830e3dad6941a8965d1dda550e3,2010-12-13 10:16:53,,
call,out,1fa4dcdc41d6d0b01f773dce39e20ba60cbdc114,2010-12-13 17:44:09,,
call,out,620ebd5358f3399b763a1eb8bfade0b5b3740f0,2010-12-13 17:43:11,,
call,out,620ebd5358f3399b763a1eb8bfade0b5b3740f0,2010-12-13 17:42:20,,
call,out,620ebd5358f3399b763a1eb8bfade0b5b3740f0,2010-12-13 17:42:08,,
call,in,620ebd5358f3399b763a1eb8bfade0b5b3740f0,2010-12-13 17:37:16,,
call,in,b376aa2b1b32c174856c525b027dc500e7228c75,2010-12-13 13:13:00,,
call,out,b376aa2b1b32c174856c525b027dc500e7228c75,2010-12-13 13:02:37,,
call,out,b376aa2b1b32c174856c525b027dc500e7228c75,2010-12-13 13:02:07,,
call,in,b376aa2b1b32c174856c525b027dc500e7228c75,2010-12-13 12:55:23,,
call,in,a280f8304874d7345af572494cb933b8fa79e10b,2010-12-13 12:52:03,,
call,in,620ebd5358f3399b763a1eb8bfade0b5b3740f0,2010-12-13 12:09:38,,
call,out,620ebd5358f3399b763a1eb8bfade0b5b3740f0,2010-12-13 12:09:36,,
call,out,df55080170cd4e447ee7696159c66ad1cf408805,2010-12-13 12:09:04,,
call,in,620ebd5358f3399b763a1eb8bfade0b5b3740f0,2010-12-13 12:07:31,,
call,in,df55080170cd4e447ee7696159c66ad1cf408805,2010-12-13 12:04:47,,
call,in,a280f8304874d7345af572494cb933b8fa79e10b,2010-12-13 12:04:16,,
call,out,df55080170cd4e447ee7696159c66ad1cf408805,2010-12-13 12:01:07,,
call,in,a280f8304874d7345af572494cb933b8fa79e10b,2010-12-13 11:55:54,,
call,out,620ebd5358f3399b763a1eb8bfade0b5b3740f0,2010-12-14 11:35:18,,
call,in,e0da079a2acceb3b7e7e00419d01d7655eaf4edf,2010-12-14 14:47:52,,
call,in,620ebd5358f3399b763a1eb8bfade0b5b3740f0,2010-12-14 11:59:50,,
call,out,620ebd5358f3399b763a1eb8bfade0b5b3740f0,2010-12-14 11:59:07,,
call,out,620ebd5358f3399b763a1eb8bfade0b5b3740f0,2010-12-14 11:57:57,,
call,in,620ebd5358f3399b763a1eb8bfade0b5b3740f0,2010-12-14 17:19:50,,
call,in,620ebd5358f3399b763a1eb8bfade0b5b3740f0,2010-12-14 17:18:24,,
call,out,620ebd5358f3399b763a1eb8bfade0b5b3740f0,2010-12-15 17:50:27,,
call,out,620ebd5358f3399b763a1eb8bfade0b5b3740f0,2010-12-15 17:49:52,,
call,out,6cd5d9c90d9dfc7a59d535cd60d588d1fa167afa,2010-12-15 16:18:04,,
call,in,e0da079a2acceb3b7e7e00419d01d7655eaf4edf,2010-12-15 11:58:12,,
call,out,620ebd5358f3399b763a1eb8bfade0b5b3740f0,2010-12-15 11:45:29,,
call,out,620ebd5358f3399b763a1eb8bfade0b5b3740f0,2010-12-15 11:44:24,,
call,out,620ebd5358f3399b763a1eb8bfade0b5b3740f0,2010-12-15 11:43:38,,
call,out,e0da079a2acceb3b7e7e00419d01d7655eaf4edf,2010-12-15 11:43:32,,
call,in,6cd5d9c90d9dfc7a59d535cd60d588d1fa167afa,2010-12-15 19:20:56,,
call,in,620ebd5358f3399b763a1eb8bfade0b5b3740f0,2010-12-15 18:40:13,,
call,out,66567989c4887bb52feaa17fbd4c6c3bbc1d8d01,2010-12-15 18:32:47,,
call,out,620ebd5358f3399b763a1eb8bfade0b5b3740f0,2010-12-15 18:21:05,,
call,out,620ebd5358f3399b763a1eb8bfade0b5b3740f0,2010-12-15 18:14:20,,
call,in,66567989c4887bb52feaa17fbd4c6c3bbc1d8d01,2010-12-15 18:07:58,,
call,out,e0da079a2acceb3b7e7e00419d01d7655eaf4edf,2010-12-16 10:27:57,,
call,in,e0da079a2acceb3b7e7e00419d01d7655eaf4edf,2010-12-16 10:27:31,,
call,out,620ebd5358f3399b763a1eb8bfade0b5b3740f0,2010-12-16 19:29:24,,
call,in,6cd5d9c90d9dfc7a59d535cd60d588d1fa167afa,2010-12-16 16:10:27,,
call,in,113c4375691a830e3dad6941a8965d1dda550e3,2010-12-16 16:08:51,,
call,in,6cd5d9c90d9dfc7a59d535cd60d588d1fa167afa,2010-12-16 15:32:40,,
call,in,6cd5d9c90d9dfc7a59d535cd60d588d1fa167afa,2010-12-16 15:29:45,,
call,out,6cd5d9c90d9dfc7a59d535cd60d588d1fa167afa,2010-12-16 15:29:06,,
call,out,a280f8304874d7345af572494cb933b8fa79e10b,2010-12-16 12:49:55,,
call,in,6cd5d9c90d9dfc7a59d535cd60d588d1fa167afa,2010-12-16 12:49:05,,
call,in,a280f8304874d7345af572494cb933b8fa79e10b,2010-12-16 12:45:25,,
call,in,6cd5d9c90d9dfc7a59d535cd60d588d1fa167afa,2010-12-16 12:30:24,,
call,out,6cd5d9c90d9dfc7a59d535cd60d588d1fa167afa,2010-12-16 12:28:55,,
call,out,df55080170cd4e447ee7696159c66ad1cf408805,2010-12-16 11:33:28,,
call,out,113c4375691a830e3dad6941a8965d1dda550e3,2010-12-16 11:28:21,,
call,in,e0da079a2acceb3b7e7e00419d01d7655eaf4edf,2010-12-16 10:53:32,,
call,out,620ebd5358f3399b763a1eb8bfade0b5b3740f0,2010-12-17 11:01:01,,
call,out,620ebd5358f3399b763a1eb8bfade0b5b3740f0,2010-12-17 17:08:32,,
call,out,113c4375691a830e3dad6941a8965d1dda550e3,2010-12-17 16:43:39,,
call,in,a280f8304874d7345af572494cb933b8fa79e10b,2010-12-17 16:39:30,,
call,in,620ebd5358f3399b763a1eb8bfade0b5b3740f0,2010-12-17 13:03:20,,
call,out,620ebd5358f3399b763a1eb8bfade0b5b3740f0,2010-12-17 12:47:58,,
call,out,620ebd5358f3399b763a1eb8bfade0b5b3740f0,2010-12-17 12:41:39,,
call,out,113c4375691a830e3dad6941a8965d1dda550e3,2010-12-18 21:26:11,,
call,out,113c4375691a830e3dad6941a8965d1dda550e3,2010-12-18 21:25:51,,
call,out,620ebd5358f3399b763a1eb8bfade0b5b3740f0,2010-12-18 15:24:11,,
call,out,df55080170cd4e447ee7696159c66ad1cf408805,2010-12-18 23:26:24,,
call,in,113c4375691a830e3dad6941a8965d1dda550e3,2010-12-18 21:39:35,,
call,out,113c4375691a830e3dad6941a8965d1dda550e3,2010-12-18 21:38:51,,
call,in,113c4375691a830e3dad6941a8965d1dda550e3,2010-12-18 21:38:20,,
call,out,620ebd5358f3399b763a1eb8bfade0b5b3740f0,2010-12-19 17:33:14,,
call,out,620ebd5358f3399b763a1eb8bfade0b5b3740f0,2010-12-19 17:13:57,,
call,out,df55080170cd4e447ee7696159c66ad1cf408805,2010-12-19 17:04:17,,
call,out,df55080170cd4e447ee7696159c66ad1cf408805,2010-12-19 12:49:26,,
call,out,df55080170cd4e447ee7696159c66ad1cf408805,2010-12-19 12:07:39,,
call,out,df55080170cd4e447ee7696159c66ad1cf408805,2010-12-19 11:55:16,,
call,out,a280f8304874d7345af572494cb933b8fa79e10b,2010-12-19 11:54:19,,
call,in,c9991faa08cc973c27a0ff2b06013ab866d0a5cc,2010-12-19 23:17:18,,
call,in,113c4375691a830e3dad6941a8965d1dda550e3,2010-12-20 09:50:44,,
call,out,9ab4373d12f7a21fe6f240d69c4506e167a8d159,2010-12-20 09:39:47,,
call,in,620ebd5358f3399b763a1eb8bfade0b5b3740f0,2010-12-20 18:38:46,,
call,out,2668094256d2df500712b2fc1a1f615d7c206ef6,2010-12-20 16:17:01,,
call,out,2668094256d2df500712b2fc1a1f615d7c206ef6,2010-12-20 16:15:32,,
call,out,2668094256d2df500712b2fc1a1f615d7c206ef6,2010-12-20 14:05:51,,
call,out,9ab4373d12f7a21fe6f240d69c4506e167a8d159,2010-12-20 14:01:54,,
call,out,9ab4373d12f7a21fe6f240d69c4506e167a8d159,2010-12-20 13:01:27,,
call,out,5e1944a3a8d3dded45c89164977e6a7c89adfc89,2010-12-21 07:38:12,,
call,out,2668094256d2df500712b2fc1a1f615d7c206ef6,2010-12-21 11:58:01,,
call,out,620ebd5358f3399b763a1eb8bfade0b5b3740f0,2010-12-21 11:52:14,,
call,out,df55080170cd4e447ee7696159c66ad1cf408805,2010-12-21 10:10:07,,
call,in,620ebd5358f3399b763a1eb8bfade0b5b3740f0,2010-12-21 23:02:49,,
call,out,3240f7bc1dbf31e2d8a075f63caece14c0deba77,2010-12-21 21:47:05,,
call,out,b376aa2b1b32c174856c525b027dc500e7228c75,2010-12-21 20:38:54,,
call,out,620ebd5358f3399b763a1eb8bfade0b5b3740f0,2010-12-21 16:34:14,,
call,out,fa10-01-13,2010-12-21 13:19:22,,
call,out,4c49ef4443d967645170c237ddc3e60f7f2eece1,2010-12-21 13:17:08,,
call,in,620ebd5358f3399b763a1eb8bfade0b5b3740f0,2010-12-22 17:48:46,,
call,in,113c4375691a830e3dad6941a8965d1dda550e3,2010-12-22 14:40:18,,
call,out,113c4375691a830e3dad6941a8965d1dda550e3,2010-12-22 14:39:25,,
call,out,fa10-01-13,2010-12-22 14:38:33,,
call,out,620ebd5358f3399b763a1eb8bfade0b5b3740f0,2010-12-22 13:44:44,,
call,out,620ebd5358f3399b763a1eb8bfade0b5b3740f0,2010-12-22 13:39:34,,
call,out,fa10-01-13,2010-12-23 03:19:30,,
call,in,113c4375691a830e3dad6941a8965d1dda550e3,2010-12-23 14:16:33,,
call,out,620ebd5358f3399b763a1eb8bfade0b5b3740f0,2010-12-23 13:31:22,,
call,out,113c4375691a830e3dad6941a8965d1dda550e3,2010-12-23 12:26:10,,
call,out,216847883245539b19832e9df1277a9994ff65b3,2010-12-25 10:28:00,,
call,out,de09b9243c1c2bbc0b831d46ea696d11f323ac95,2010-12-25 10:25:07,,
call,out,5183f754f48e51b94c97d3623722c50b4f3a1359,2010-12-27 12:26:21,,
call,in,5183f754f48e51b94c97d3623722c50b4f3a1359,2010-12-27 12:24:24,,
call,out,fa10-01-13,2010-12-28 14:28:22,,
call,out,e0da079a2acceb3b7e7e00419d01d7655eaf4edf,2010-12-28 12:57:07,,
call,out,e0da079a2acceb3b7e7e00419d01d7655eaf4edf,2010-12-28 12:43:38,,
call,out,620ebd5358f3399b763a1eb8bfade0b5b3740f0,2010-12-28 12:42:30,,
call,out,620ebd5358f3399b763a1eb8bfade0b5b3740f0,2010-12-28 12:41:53,,
call,out,620ebd5358f3399b763a1eb8bfade0b5b3740f0,2010-12-28 12:34:25,,
call,out,620ebd5358f3399b763a1eb8bfade0b5b3740f0,2010-12-28 12:33:47,,
call,in,620ebd5358f3399b763a1eb8bfade0b5b3740f0,2010-12-28 16:55:11,,
call,out,620ebd5358f3399b763a1eb8bfade0b5b3740f0,2010-12-28 14:36:26,,
call,out,f9cefb3b54a0423a4c502d21205f263447f82847,2010-12-28 14:33:11,,
call,out,1979b10b5b665be76e45b5923d01decdb2516695,2010-12-29 09:29:54,,
call,in,113c4375691a830e3dad6941a8965d1dda550e3,2010-12-29 20:05:39,,
call,out,fa10-01-13,2010-12-29 14:41:53,,
call,out,6190fdbe1b4ccb42c2dd46429bc84e540407edb5,2010-12-29 14:34:32,,
call,out,fa10-01-13,2010-12-29 14:32:16,,
call,out,f57cf63e4aa267e68e22a2389b47b6a5de1f2c9d,2010-12-30 15:12:50,,
call,out,6190fdbe1b4ccb42c2dd46429bc84e540407edb5,2010-12-30 15:11:44,,
call,out,620ebd5358f3399b763a1eb8bfade0b5b3740f0,2010-12-30 13:49:30,,
call,out,fa10-01-13,2010-12-30 13:05:58,,
call,out,2668094256d2df500712b2fc1a1f615d7c206ef6,2010-12-30 12:55:23,,
call,out,fa10-01-13,2010-12-30 12:54:02,,
call,in,c8166250d175cfecf6aaa67a1679f18d5823f128,2010-12-30 21:55:53,,
call,out,fa10-01-13,2010-12-30 21:42:43,,
call,out,fa10-01-13,2010-12-31 14:47:10,,
call,out,c8166250d175cfecf6aaa67a1679f18d5823f128,2010-12-31 11:51:43,,
call,out,620ebd5358f3399b763a1eb8bfade0b5b3740f0,2011-01-01 15:32:47,,
call,out,fa10-01-13,2011-01-02 12:04:49,,
call,out,fa10-01-13,2011-01-02 12:03:55,,
call,out,f717fbfa17e937945d172cd9d41928e9b3ba07e3,2011-01-03 12:37:54,,
call,out,a280f8304874d7345af572494cb933b8fa79e10b,2011-01-03 11:58:16,,
call,out,f717fbfa17e937945d172cd9d41928e9b3ba07e3,2011-01-03 11:56:58,,
call,in,620ebd5358f3399b763a1eb8bfade0b5b3740f0,2011-01-03 11:48:51,,
call,in,c32ba9cac133e4c21b8a2dc3f64d930296bd9bb0,2011-01-03 10:55:51,,
call,in,4bbc19d3bb4a49b40afcc9a7be959fd6948f220d,2011-01-03 10:17:32,,
call,in,4bbc19d3bb4a49b40afcc9a7be959fd6948f220d,2011-01-03 09:56:38,,
call,out,fa10-01-13,2011-01-03 23:01:26,,
call,out,d36ce642c71ab7076d0883e64add6023c603cc0a,2011-01-03 20:47:41,,
call,out,d36ce642c71ab7076d0883e64add6023c603cc0a,2011-01-03 20:47:26,,
call,out,fa10-01-13,2011-01-03 20:45:03,,
call,in,b42122288fb9ac4b6457f183ba086bc2fa7cbd7d,2011-01-03 17:07:48,,
call,out,6190fdbe1b4ccb42c2dd46429bc84e540407edb5,2011-01-03 16:29:27,,
call,out,fa10-01-13,2011-01-03 16:28:29,,
call,out,620ebd5358f3399b763a1eb8bfade0b5b3740f0,2011-01-03 16:00:17,,
call,in,4c49ef4443d967645170c237ddc3e60f7f2eece1,2011-01-03 15:57:05,,
call,out,a6f296724e9553e133c4f4d38ff6d656cf6d1826,2011-01-03 15:21:23,,
call,out,fa10-01-13,2011-01-03 15:20:57,,
call,out,f717fbfa17e937945d172cd9d41928e9b3ba07e3,2011-01-03 15:15:57,,
call,out,f717fbfa17e937945d172cd9d41928e9b3ba07e3,2011-01-03 15:15:02,,
call,out,f9cefb3b54a0423a4c502d21205f263447f82847,2011-01-03 15:06:48,,
call,in,620ebd5358f3399b763a1eb8bfade0b5b3740f0,2011-01-04 10:52:51,,
call,in,d68fa7b74bd87444d9a84f1fbd294d4f41fe776e,2011-01-04 09:57:48,,
call,out,620ebd5358f3399b763a1eb8bfade0b5b3740f0,2011-01-04 18:48:40,,
call,out,620ebd5358f3399b763a1eb8bfade0b5b3740f0,2011-01-04 12:07:43,,
call,in,e7fc59ec2249dab6e5796638a02f5892c60d7178,2011-01-04 11:33:43,,
call,out,620ebd5358f3399b763a1eb8bfade0b5b3740f0,2011-01-05 09:54:44,,
call,out,f0327d3ed47f2ff2b93c58b1c5fd1ebb8f30aba5,2011-01-05 09:07:51,,
call,out,620ebd5358f3399b763a1eb8bfade0b5b3740f0,2011-01-05 08:36:06,,
call,out,3240f7bc1dbf31e2d8a075f63caece14c0deba77,2011-01-05 15:50:36,,
call,out,3240f7bc1dbf31e2d8a075f63caece14c0deba77,2011-01-05 15:28:27,,
call,out,fa10-01-13,2011-01-05 12:20:22,,
call,in,1979b10b5b665be76e45b5923d01decdb2516695,2011-01-05 11:28:36,,
call,in,620ebd5358f3399b763a1eb8bfade0b5b3740f0,2011-01-05 10:57:07,,
call,in,65ffbcd59b186b1b08ef14cfee3fe47064cd16f5,2011-01-05 23:29:31,,
call,in,31ae9f4d135d90e58e1cab890141e450bfbe4345,2011-01-06 09:42:53,,
call,in,8c7607983e1a29ba5774ac79858e623853873891,2011-01-06 09:33:39,,
call,in,620ebd5358f3399b763a1eb8bfade0b5b3740f0,2011-01-06 13:21:31,,
call,out,620ebd5358f3399b763a1eb8bfade0b5b3740f0,2011-01-06 13:10:48,,
call,out,620ebd5358f3399b763a1eb8bfade0b5b3740f0,2011-01-06 12:01:43,,
call,out,620ebd5358f3399b763a1eb8bfade0b5b3740f0,2011-01-07 12:21:21,,
call,out,620ebd5358f3399b763a1eb8bfade0b5b3740f0,2011-01-07 12:19:23,,
call,out,620ebd5358f3399b763a1eb8bfade0b5b3740f0,2011-01-07 12:05:03,,
call,out,f9cefb3b54a0423a4c502d21205f263447f82847,2011-01-07 11:10:29,,
call,out,fa10-01-13,2011-01-07 11:05:40,,
call,out,4ff7298caf397e99cdb3ad220e7bef3426a9b92f,2011-01-07 11:02:35,,
call,out,fa10-01-13,2011-01-07 11:01:08,,
call,out,620ebd5358f3399b763a1eb8bfade0b5b3740f0,2011-01-07 10:44:05,,
call,out,fa10-01-13,2011-01-07 09:39:37,,
call,out,fa10-01-13,2011-01-07 14:13:34,,
call,out,dcc446b28e5cb548618c63d46cabb588ce793b5e,2011-01-07 20:26:24,,
call,out,ebd4681f8e85b4264e6f8c3f076fcffb5814c57b,2011-01-07 20:25:00,,
call,out,fa10-01-13,2011-01-07 20:23:08,,
call,in,356a192b7913b04c54574d18c28d46e6395428ab,2011-01-07 20:21:40,,
call,in,113c4375691a830e3dad6941a8965d1dda550e3,2011-01-08 17:33:19,,
call,out,113c4375691a830e3dad6941a8965d1dda550e3,2011-01-08 16:13:04,,
call,out,113c4375691a830e3dad6941a8965d1dda550e3,2011-01-08 15:03:40,,
call,in,620ebd5358f3399b763a1eb8bfade0b5b3740f0,2011-01-08 14:52:40,,
call,out,620ebd5358f3399b763a1eb8bfade0b5b3740f0,2011-01-08 14:38:50,,
call,out,620ebd5358f3399b763a1eb8bfade0b5b3740f0,2011-01-08 12:58:04,,
call,out,113c4375691a830e3dad6941a8965d1dda550e3,2011-01-08 12:56:51,,
call,out,fa10-01-13,2011-01-08 10:49:25,,
call,out,113c4375691a830e3dad6941a8965d1dda550e3,2011-01-08 10:49:09,,
call,out,f717fbfa17e937945d172cd9d41928e9b3ba07e3,2011-01-09 14:45:53,,
call,out,6cd5d9c90d9dfc7a59d535cd60d588d1fa167afa,2011-01-09 14:44:18,,
call,out,876e12c44758e5b03f668c0f857721feae10079d,2011-01-09 14:17:27,,
call,out,3f75bff9f2ccb0468dbf6d91b0d59ff80d523bdc,2011-01-09 14:14:50,,
call,in,620ebd5358f3399b763a1eb8bfade0b5b3740f0,2011-01-10 18:30:24,,
call,out,620ebd5358f3399b763a1eb8bfade0b5b3740f0,2011-01-10 18:21:01,,
call,in,113c4375691a830e3dad6941a8965d1dda550e3,2011-01-10 18:05:14,,
call,out,620ebd5358f3399b763a1eb8bfade0b5b3740f0,2011-01-10 18:00:53,,
call,out,620ebd5358f3399b763a1eb8bfade0b5b3740f0,2011-01-10 17:35:02,,
call,out,113c4375691a830e3dad6941a8965d1dda550e3,2011-01-10 17:05:00,,
call,out,620ebd5358f3399b763a1eb8bfade0b5b3740f0,2011-01-10 17:04:01,,
call,out,113c4375691a830e3dad6941a8965d1dda550e3,2011-01-10 16:55:25,,
call,out,113c4375691a830e3dad6941a8965d1dda550e3,2011-01-10 16:50:51,,
call,in,56cfb28b0dbe9b4dfe2c0b97397a90640fcaf299,2011-01-10 15:49:03,,
call,out,56cfb28b0dbe9b4dfe2c0b97397a90640fcaf299,2011-01-10 12:45:44,,
call,in,ebd4681f8e85b4264e6f8c3f076fcffb5814c57b,2011-01-10 09:00:23,,
call,in,56cfb28b0dbe9b4dfe2c0b97397a90640fcaf299,2011-01-11 08:11:30,,
call,in,dd065ab4adfcd0ade2bc5451f70473e3cef08678,2011-01-10 21:28:17,,
call,in,b5e1252e1a80bfc62d474bf07e17413ba8548081,2011-01-10 21:27:44,,
call,out,e0da079a2acceb3b7e7e00419d01d7655eaf4edf,2011-01-11 12:18:25,,
call,in,e0da079a2acceb3b7e7e00419d01d7655eaf4edf,2011-01-11 12:18:09,,
call,out,620ebd5358f3399b763a1eb8bfade0b5b3740f0,2011-01-11 12:17:50,,
call,out,620ebd5358f3399b763a1eb8bfade0b5b3740f0,2011-01-11 12:10:35,,
call,out,620ebd5358f3399b763a1eb8bfade0b5b3740f0,2011-01-11 12:09:48,,
call,out,fa10-01-13,2011-01-11 17:33:09,,
call,in,9f0a4f88d5f4fa7930276321619309294342d2e2,2011-01-11 13:21:50,,
call,in,e7fc59ec2249dab6e5796638a02f5892c60d7178,2011-01-11 13:02:39,,
call,in,620ebd5358f3399b763a1eb8bfade0b5b3740f0,2011-01-11 18:12:14,,
call,out,620ebd5358f3399b763a1eb8bfade0b5b3740f0,2011-01-12 18:00:05,,
call,out,620ebd5358f3399b763a1eb8bfade0b5b3740f0,2011-01-13 17:01:32,,
call,in,17a09ad5ac3511f41a6148926df1b24c8e7cda4f,2011-01-13 14:04:51,,
call,out,17a09ad5ac3511f41a6148926df1b24c8e7cda4f,2011-01-13 13:36:06,,
call,in,e0da079a2acceb3b7e7e00419d01d7655eaf4edf,2011-01-13 13:14:36,,
call,out,4c49ef4443d967645170c237ddc3e60f7f2eece1,2011-01-13 13:09:05,,
call,out,113c4375691a830e3dad6941a8965d1dda550e3,2011-01-13 12:42:50,,
call,in,4c49ef4443d967645170c237ddc3e60f7f2eece1,2011-01-13 12:41:44,,
call,out,113c4375691a830e3dad6941a8965d1dda550e3,2011-01-13 12:39:32,,
call,out,620ebd5358f3399b763a1eb8bfade0b5b3740f0,2011-01-13 12:37:20,,
call,out,17a09ad5ac3511f41a6148926df1b24c8e7cda4f,2011-01-13 12:18:23,,
call,in,7a85bd180d31c968e6dc5989ac4de434918dd41,2011-01-13 12:04:58,,
call,out,620ebd5358f3399b763a1eb8bfade0b5b3740f0,2011-01-13 17:33:33,,
call,in,620ebd5358f3399b763a1eb8bfade0b5b3740f0,2011-01-13 17:27:42,,
call,out,620ebd5358f3399b763a1eb8bfade0b5b3740f0,2011-01-14 15:38:30,,
call,out,e0da079a2acceb3b7e7e00419d01d7655eaf4edf,2011-01-14 15:37:56,,
call,out,3b04716031937e131ec365fde1e4785bfb9e90b0,2011-01-14 15:37:14,,
call,out,fa10-01-13,2011-01-14 15:35:51,,
call,in,b376aa2b1b32c174856c525b027dc500e7228c75,2011-01-14 15:13:07,,
call,out,1357a6091c8c4b25f452b7642916951bb676f4d0,2011-01-14 14:37:19,,
call,out,fa10-01-13,2011-01-14 14:36:51,,
call,in,1357a6091c8c4b25f452b7642916951bb676f4d0,2011-01-14 14:35:20,,
call,out,99e678bc368693a30a90d3056814ea0766a80217,2011-01-14 13:17:53,,
call,in,e0da079a2acceb3b7e7e00419d01d7655eaf4edf,2011-01-14 13:15:32,,
call,out,99e678bc368693a30a90d3056814ea0766a80217,2011-01-14 10:39:09,,
call,out,4c49ef4443d967645170c237ddc3e60f7f2eece1,2011-01-14 10:33:51,,
call,out,4c49ef4443d967645170c237ddc3e60f7f2eece1,2011-01-14 10:33:34,,
call,in,99e678bc368693a30a90d3056814ea0766a80217,2011-01-14 09:30:10,,
call,out,99e678bc368693a30a90d3056814ea0766a80217,2011-01-14 09:20:19,,
call,in,f9cefb3b54a0423a4c502d21205f263447f82847,2011-01-14 09:16:11,,
call,out,99e678bc368693a30a90d3056814ea0766a80217,2011-01-14 09:14:33,,
call,in,620ebd5358f3399b763a1eb8bfade0b5b3740f0,2011-01-14 08:46:18,,
call,out,620ebd5358f3399b763a1eb8bfade0b5b3740f0,2011-01-14 08:24:47,,
call,out,99e678bc368693a30a90d3056814ea0766a80217,2011-01-14 18:05:52,,
call,out,99e678bc368693a30a90d3056814ea0766a80217,2011-01-14 18:04:14,,
call,out,6cd5d9c90d9dfc7a59d535cd60d588d1fa167afa,2011-01-15 10:47:57,,
call,out,6cd5d9c90d9dfc7a59d535cd60d588d1fa167afa,2011-01-15 15:35:14,,
call,out,6cd5d9c90d9dfc7a59d535cd60d588d1fa167afa,2011-01-15 14:27:40,,
call,out,6cd5d9c90d9dfc7a59d535cd60d588d1fa167afa,2011-01-15 14:18:45,,
call,in,3bdda77e4420fde9fbd21dfdf6147a1138413e06,2011-01-17 10:54:49,,
call,in,1979b10b5b665be76e45b5923d01decdb2516695,2011-01-17 09:58:25,,
call,out,620ebd5358f3399b763a1eb8bfade0b5b3740f0,2011-01-18 09:13:41,,
call,out,fa10-01-13,2011-01-18 14:18:23,,
call,out,7138128df3516a59c0979f5020e679f801b57504,2011-01-18 10:22:48,,
call,in,18312b5f49398ab23941bed561b043ebe34094d8,2011-01-18 23:06:03,,
call,in,113c4375691a830e3dad6941a8965d1dda550e3,2011-01-18 20:00:36,,
call,out,113c4375691a830e3dad6941a8965d1dda550e3,2011-01-18 18:53:40,,
call,out,620ebd5358f3399b763a1eb8bfade0b5b3740f0,2011-01-18 17:51:16,,
call,out,e4f650d6f284ce95f82fc1cca0f09c070db9f036,2011-01-18 16:42:32,,
call,out,e4f650d6f284ce95f82fc1cca0f09c070db9f036,2011-01-18 16:40:27,,
call,out,e4f650d6f284ce95f82fc1cca0f09c070db9f036,2011-01-18 16:39:47,,
call,in,461df90d1063622e264975dc10bb5f22a78c5ea0,2011-01-18 16:20:22,,
call,out,620ebd5358f3399b763a1eb8bfade0b5b3740f0,2011-01-19 12:01:20,,
call,in,113c4375691a830e3dad6941a8965d1dda550e3,2011-01-19 16:54:51,,
call,in,b5437594fb68e0ab32bb11cb66dfd82c8c10602a,2011-01-19 16:09:47,,
call,out,f9cefb3b54a0423a4c502d21205f263447f82847,2011-01-19 15:30:44,,
call,in,e0da079a2acceb3b7e7e00419d01d7655eaf4edf,2011-01-19 15:28:14,,
call,out,620ebd5358f3399b763a1eb8bfade0b5b3740f0,2011-01-19 15:27:00,,
call,in,620ebd5358f3399b763a1eb8bfade0b5b3740f0,2011-01-19 15:18:10,,
call,in,b5437594fb68e0ab32bb11cb66dfd82c8c10602a,2011-01-19 15:06:13,,
call,out,b5437594fb68e0ab32bb11cb66dfd82c8c10602a,2011-01-19 15:06:11,,
call,in,b5437594fb68e0ab32bb11cb66dfd82c8c10602a,2011-01-19 15:05:01,,
call,in,78e2fd8e44da5ba0e89756f27412b75a4136d663,2011-01-19 13:32:26,,
call,in,da4b9237bacccdf19c0760cab7aec4a8359010b0,2011-01-19 12:53:10,,
call,in,e0da079a2acceb3b7e7e00419d01d7655eaf4edf,2011-01-19 12:20:09,,
call,out,620ebd5358f3399b763a1eb8bfade0b5b3740f0,2011-01-20 11:48:31,,
call,out,620ebd5358f3399b763a1eb8bfade0b5b3740f0,2011-01-20 11:32:16,,
call,in,b42122288fb9ac4b6457f183ba086bc2fa7cbd7d,2011-01-20 11:22:27,,
call,in,191d50946f91d0e7f36d2b954c967c6f7f46a2bf,2011-01-20 11:14:16,,
call,out,620ebd5358f3399b763a1eb8bfade0b5b3740f0,2011-01-20 16:20:32,,
call,out,620ebd5358f3399b763a1eb8bfade0b5b3740f0,2011-01-20 15:44:40,,
call,out,e0da079a2acceb3b7e7e00419d01d7655eaf4edf,2011-01-20 15:44:11,,
call,in,e0da079a2acceb3b7e7e00419d01d7655eaf4edf,2011-01-20 14:33:32,,
call,in,fa10-01-56,2011-01-20 12:25:57,,
call,in,e0da079a2acceb3b7e7e00419d01d7655eaf4edf,2011-01-20 12:25:24,,
call,out,fa10-01-13,2011-01-20 12:25:05,,
call,out,620ebd5358f3399b763a1eb8bfade0b5b3740f0,2011-01-20 12:20:08,,
call,in,b47a35836d47780a537677c369c15e61313c5073,2011-01-21 11:24:51,,
call,in,e9075c4acaa8660540b1dd64d7270f4ed5be5328,2011-01-21 10:31:01,,
call,in,e9075c4acaa8660540b1dd64d7270f4ed5be5328,2011-01-21 10:09:50,,
call,in,9e283ab567b860553f32d9592d846e7c74050e1,2011-01-21 20:32:36,,
call,in,1357a6091c8c4b25f452b7642916951bb676f4d0,2011-01-24 15:46:19,,
call,in,d68fa7b74bd87444d9a84f1fbd294d4f41fe776e,2011-01-24 14:32:16,,
call,out,afa72819486f6a7d96f45c1002644bf36b8474e2,2011-01-24 22:03:01,,
call,out,afa72819486f6a7d96f45c1002644bf36b8474e2,2011-01-24 22:02:40,,
call,out,620ebd5358f3399b763a1eb8bfade0b5b3740f0,2011-01-25 13:18:24,,
call,out,620ebd5358f3399b763a1eb8bfade0b5b3740f0,2011-01-25 12:55:06,,
call,out,620ebd5358f3399b763a1eb8bfade0b5b3740f0,2011-01-25 12:47:06,,
call,out,620ebd5358f3399b763a1eb8bfade0b5b3740f0,2011-01-25 12:18:04,,
call,out,620ebd5358f3399b763a1eb8bfade0b5b3740f0,2011-01-25 12:14:20,,
call,out,620ebd5358f3399b763a1eb8bfade0b5b3740f0,2011-01-25 12:11:27,,
call,out,113c4375691a830e3dad6941a8965d1dda550e3,2011-01-25 12:07:49,,
call,out,fa10-01-13,2011-01-25 12:07:04,,
call,out,afa72819486f6a7d96f45c1002644bf36b8474e2,2011-01-25 09:35:23,,
call,out,620ebd5358f3399b763a1eb8bfade0b5b3740f0,2011-01-25 17:35:23,,
call,out,fa10-01-13,2011-01-25 17:34:44,,
call,out,620ebd5358f3399b763a1eb8bfade0b5b3740f0,2011-01-25 13:46:44,,
call,out,620ebd5358f3399b763a1eb8bfade0b5b3740f0,2011-01-25 13:45:21,,
call,in,79db09c72277ba452199cc4ed179e978b33d4218,2011-01-25 22:35:08,,
call,in,afa72819486f6a7d96f45c1002644bf36b8474e2,2011-01-25 21:22:36,,
call,out,afa72819486f6a7d96f45c1002644bf36b8474e2,2011-01-25 20:20:47,,
call,in,620ebd5358f3399b763a1eb8bfade0b5b3740f0,2011-01-26 16:15:26,,
call,out,620ebd5358f3399b763a1eb8bfade0b5b3740f0,2011-01-26 16:09:25,,
call,out,620ebd5358f3399b763a1eb8bfade0b5b3740f0,2011-01-26 11:00:49,,
call,out,620ebd5358f3399b763a1eb8bfade0b5b3740f0,2011-01-26 10:55:01,,
call,in,620ebd5358f3399b763a1eb8bfade0b5b3740f0,2011-01-26 10:51:14,,
call,in,79db09c72277ba452199cc4ed179e978b33d4218,2011-01-26 09:55:58,,
call,out,620ebd5358f3399b763a1eb8bfade0b5b3740f0,2011-01-26 09:32:05,,
call,in,2137da5556449537835412b2ee977b56dcdadd6b,2011-01-27 07:40:47,,
call,out,620ebd5358f3399b763a1eb8bfade0b5b3740f0,2011-01-27 14:56:10,,
call,out,e9075c4acaa8660540b1dd64d7270f4ed5be5328,2011-01-27 14:48:35,,
call,out,e9075c4acaa8660540b1dd64d7270f4ed5be5328,2011-01-27 14:38:41,,
call,out,fa10-01-13,2011-01-27 14:33:54,,
call,out,f9cefb3b54a0423a4c502d21205f263447f82847,2011-01-27 14:25:56,,
call,out,afa72819486f6a7d96f45c1002644bf36b8474e2,2011-01-27 14:19:04,,
call,in,620ebd5358f3399b763a1eb8bfade0b5b3740f0,2011-01-27 14:11:36,,
call,out,620ebd5358f3399b763a1eb8bfade0b5b3740f0,2011-01-27 14:03:58,,
call,out,af2f4f4a4726df0e23eecb54ecc8913f15e9ce73,2011-01-27 13:20:51,,
call,out,af2f4f4a4726df0e23eecb54ecc8913f15e9ce73,2011-01-27 12:59:36,,
call,in,620ebd5358f3399b763a1eb8bfade0b5b3740f0,2011-01-27 12:31:41,,
call,in,620ebd5358f3399b763a1eb8bfade0b5b3740f0,2011-01-27 12:03:50,,
call,out,620ebd5358f3399b763a1eb8bfade0b5b3740f0,2011-01-27 12:01:51,,
call,out,afa72819486f6a7d96f45c1002644bf36b8474e2,2011-01-27 11:54:51,,
call,out,55fe9511cb94732c14d389ee0aec48f4d1bdea2,2011-01-27 11:51:10,,
call,in,620ebd5358f3399b763a1eb8bfade0b5b3740f0,2011-01-27 15:37:48,,
call,out,620ebd5358f3399b763a1eb8bfade0b5b3740f0,2011-01-27 15:36:48,,
call,out,113c4375691a830e3dad6941a8965d1dda550e3,2011-01-27 15:25:03,,
call,out,6da2e46d6d8b8c958ef8a10bd0d8173c804f66e3,2011-01-28 15:08:41,,
call,out,fa10-01-13,2011-01-28 15:00:18,,
call,in,620ebd5358f3399b763a1eb8bfade0b5b3740f0,2011-01-28 14:53:34,,
call,out,620ebd5358f3399b763a1eb8bfade0b5b3740f0,2011-01-28 14:53:07,,
call,out,620ebd5358f3399b763a1eb8bfade0b5b3740f0,2011-01-28 14:51:22,,
call,in,1357a6091c8c4b25f452b7642916951bb676f4d0,2011-01-28 11:22:53,,
call,out,6da2e46d6d8b8c958ef8a10bd0d8173c804f66e3,2011-01-30 17:59:29,,
call,out,fa10-01-13,2011-01-30 17:20:34,,
call,in,a00ff86038e62ab63ac2f7e774fef5dcd5b7fc43,2011-01-30 19:54:48,,
call,out,620ebd5358f3399b763a1eb8bfade0b5b3740f0,2011-01-31 15:23:53,,
call,out,620ebd5358f3399b763a1eb8bfade0b5b3740f0,2011-01-31 15:17:15,,
call,in,620ebd5358f3399b763a1eb8bfade0b5b3740f0,2011-01-31 15:14:09,,
call,in,e0da079a2acceb3b7e7e00419d01d7655eaf4edf,2011-01-31 14:53:24,,
call,out,620ebd5358f3399b763a1eb8bfade0b5b3740f0,2011-01-31 13:29:46,,
call,out,620ebd5358f3399b763a1eb8bfade0b5b3740f0,2011-01-31 13:29:08,,
call,out,620ebd5358f3399b763a1eb8bfade0b5b3740f0,2011-01-31 11:13:01,,
call,in,6da2e46d6d8b8c958ef8a10bd0d8173c804f66e3,2011-01-31 10:44:34,,
call,out,6da2e46d6d8b8c958ef8a10bd0d8173c804f66e3,2011-01-31 10:44:25,,
call,in,79db09c72277ba452199cc4ed179e978b33d4218,2011-01-31 10:43:38,,
call,out,b42122288fb9ac4b6457f183ba086bc2fa7cbd7d,2011-01-31 10:43:09,,
call,out,b42122288fb9ac4b6457f183ba086bc2fa7cbd7d,2011-01-31 09:48:11,,
call,out,fa10-01-13,2011-01-31 09:43:36,,
call,in,a00ff86038e62ab63ac2f7e774fef5dcd5b7fc43,2011-01-31 20:07:47,,
call,in,620ebd5358f3399b763a1eb8bfade0b5b3740f0,2011-01-31 16:43:30,,
call,out,620ebd5358f3399b763a1eb8bfade0b5b3740f0,2011-02-01 14:38:53,,
call,in,620ebd5358f3399b763a1eb8bfade0b5b3740f0,2011-02-01 14:38:20,,
call,out,6da2e46d6d8b8c958ef8a10bd0d8173c804f66e3,2011-02-01 14:35:57,,
call,out,620ebd5358f3399b763a1eb8bfade0b5b3740f0,2011-02-01 14:03:51,,
call,out,fa10-01-13,2011-02-01 14:02:26,,
call,out,79db09c72277ba452199cc4ed179e978b33d4218,2011-02-01 12:02:22,,
call,out,620ebd5358f3399b763a1eb8bfade0b5b3740f0,2011-02-01 12:00:46,,
call,in,6da2e46d6d8b8c958ef8a10bd0d8173c804f66e3,2011-02-01 08:53:08,,
call,out,79db09c72277ba452199cc4ed179e978b33d4218,2011-02-01 18:27:44,,
call,out,620ebd5358f3399b763a1eb8bfade0b5b3740f0,2011-02-01 18:11:46,,
call,in,2148e4f225a64f0b66e6188d6e339f9228948ed9,2011-02-01 20:36:21,,
call,in,a377f8a5437d1a546f073175f0a0988a54b9aa03,2011-02-01 20:17:30,,
call,in,5de1de55da9b46eec9d69508d259569302f27c3a,2011-02-01 19:42:36,,
call,out,f717fbfa17e937945d172cd9d41928e9b3ba07e3,2011-02-01 19:01:14,,
call,in,f717fbfa17e937945d172cd9d41928e9b3ba07e3,2011-02-02 09:11:35,,
call,out,2a57f16d39fd83f86aa43d374a732990df7b0bae,2011-02-02 18:08:25,,
call,out,e0da079a2acceb3b7e7e00419d01d7655eaf4edf,2011-02-02 15:48:12,,
call,out,fa10-01-13,2011-02-02 15:47:12,,
call,in,620ebd5358f3399b763a1eb8bfade0b5b3740f0,2011-02-03 16:31:32,,
call,out,620ebd5358f3399b763a1eb8bfade0b5b3740f0,2011-02-03 16:26:12,,
call,out,620ebd5358f3399b763a1eb8bfade0b5b3740f0,2011-02-03 16:25:58,,
call,out,f9cefb3b54a0423a4c502d21205f263447f82847,2011-02-03 16:14:56,,
call,out,620ebd5358f3399b763a1eb8bfade0b5b3740f0,2011-02-03 13:34:01,,
call,out,529676c30d9e6b285e71b9bfda858a8c03acece9,2011-02-03 11:48:05,,
call,in,529676c30d9e6b285e71b9bfda858a8c03acece9,2011-02-03 11:47:53,,
call,out,4fa8d225f392b92654b3bd50b685bc2c13d5d4fb,2011-02-03 11:46:55,,
call,in,961cd35ee04c3c7d61658086c08f164a02015a18,2011-02-03 11:46:02,,
call,out,4fa8d225f392b92654b3bd50b685bc2c13d5d4fb,2011-02-03 11:46:00,,
call,out,620ebd5358f3399b763a1eb8bfade0b5b3740f0,2011-02-03 09:54:49,,
call,out,fa10-01-13,2011-02-04 11:29:30,,
call,in,620ebd5358f3399b763a1eb8bfade0b5b3740f0,2011-02-04 17:20:58,,
call,out,620ebd5358f3399b763a1eb8bfade0b5b3740f0,2011-02-04 17:19:49,,
call,out,a377f8a5437d1a546f073175f0a0988a54b9aa03,2011-02-04 23:15:20,,
call,in,113c4375691a830e3dad6941a8965d1dda550e3,2011-02-04 21:26:38,,
call,out,113c4375691a830e3dad6941a8965d1dda550e3,2011-02-04 21:25:26,,
call,out,fa10-01-13,2011-02-04 21:23:11,,
call,out,5928127c8b6f13ec52c83d36dd01068ab14e8d73,2011-02-07 22:14:36,,
call,out,113c4375691a830e3dad6941a8965d1dda550e3,2011-02-07 19:31:57,,
call,out,113c4375691a830e3dad6941a8965d1dda550e3,2011-02-07 19:30:31,,
call,in,620ebd5358f3399b763a1eb8bfade0b5b3740f0,2011-02-07 18:12:46,,
call,in,620ebd5358f3399b763a1eb8bfade0b5b3740f0,2011-02-07 15:33:10,,
call,out,f9cefb3b54a0423a4c502d21205f263447f82847,2011-02-07 15:26:37,,
call,out,f9cefb3b54a0423a4c502d21205f263447f82847,2011-02-07 15:25:57,,
call,out,f9cefb3b54a0423a4c502d21205f263447f82847,2011-02-07 15:25:41,,
call,out,bdf148772f8bc70bc9648734b9d0466fe5af2654,2011-02-07 15:22:17,,
call,out,bdf148772f8bc70bc9648734b9d0466fe5af2654,2011-02-08 13:03:32,,
call,out,bdf148772f8bc70bc9648734b9d0466fe5af2654,2011-02-08 13:01:27,,
call,out,620ebd5358f3399b763a1eb8bfade0b5b3740f0,2011-02-08 11:29:09,,
call,out,620ebd5358f3399b763a1eb8bfade0b5b3740f0,2011-02-08 11:28:13,,
call,out,620ebd5358f3399b763a1eb8bfade0b5b3740f0,2011-02-08 11:27:34,,
call,in,ad4c3a53ca7e51472932f27aa0d0608f13ceb18c,2011-02-08 10:22:12,,
call,in,ad4c3a53ca7e51472932f27aa0d0608f13ceb18c,2011-02-08 10:20:41,,
call,out,e7fc59ec2249dab6e5796638a02f5892c60d7178,2011-02-08 09:51:09,,
call,out,620ebd5358f3399b763a1eb8bfade0b5b3740f0,2011-02-08 09:49:41,,
call,in,56cfb28b0dbe9b4dfe2c0b97397a90640fcaf299,2011-02-08 09:37:56,,
call,out,b48f3f202b8fc17f824e59cabf2c7a0f7ca5a551,2011-02-08 09:17:02,,
call,out,fa10-01-13,2011-02-08 09:16:06,,
call,out,d78cb025db82cf3b82282ce3b3b192f3c2415e99,2011-02-08 09:15:21,,
call,out,fa10-01-13,2011-02-08 09:14:19,,
call,out,fa10-01-13,2011-02-08 09:11:00,,
call,out,620ebd5358f3399b763a1eb8bfade0b5b3740f0,2011-02-08 16:38:32,,
call,in,620ebd5358f3399b763a1eb8bfade0b5b3740f0,2011-02-08 16:38:11,,
call,out,620ebd5358f3399b763a1eb8bfade0b5b3740f0,2011-02-08 16:38:09,,
call,in,620ebd5358f3399b763a1eb8bfade0b5b3740f0,2011-02-08 16:37:46,,
call,in,b0d06425b1b1a82d8c354bfeb0166d40f403c99d,2011-02-08 16:32:39,,
call,in,d78cb025db82cf3b82282ce3b3b192f3c2415e99,2011-02-08 15:58:06,,
call,out,620ebd5358f3399b763a1eb8bfade0b5b3740f0,2011-02-09 09:35:04,,
call,out,99e678bc368693a30a90d3056814ea0766a80217,2011-02-09 18:51:09,,
call,in,79db09c72277ba452199cc4ed179e978b33d4218,2011-02-09 18:38:42,,
call,out,e0da079a2acceb3b7e7e00419d01d7655eaf4edf,2011-02-09 16:43:59,,
call,out,e0da079a2acceb3b7e7e00419d01d7655eaf4edf,2011-02-09 16:36:01,,
call,in,620ebd5358f3399b763a1eb8bfade0b5b3740f0,2011-02-09 10:45:42,,
call,in,79db09c72277ba452199cc4ed179e978b33d4218,2011-02-09 10:36:39,,
call,in,620ebd5358f3399b763a1eb8bfade0b5b3740f0,2011-02-09 10:34:00,,
call,in,620ebd5358f3399b763a1eb8bfade0b5b3740f0,2011-02-09 10:14:53,,
call,in,620ebd5358f3399b763a1eb8bfade0b5b3740f0,2011-02-09 10:10:32,,
call,out,620ebd5358f3399b763a1eb8bfade0b5b3740f0,2011-02-09 10:08:23,,
call,in,79db09c72277ba452199cc4ed179e978b33d4218,2011-02-09 22:45:19,,
call,out,79db09c72277ba452199cc4ed179e978b33d4218,2011-02-09 19:27:22,,
call,in,e0da079a2acceb3b7e7e00419d01d7655eaf4edf,2011-02-10 10:45:42,,
call,out,620ebd5358f3399b763a1eb8bfade0b5b3740f0,2011-02-10 10:23:07,,
call,out,f0769ed765fc5bd87f5e09404bdb3076bf929187,2011-02-10 10:21:09,,
call,in,afa72819486f6a7d96f45c1002644bf36b8474e2,2011-02-10 09:39:17,,
call,out,afa72819486f6a7d96f45c1002644bf36b8474e2,2011-02-10 09:35:49,,
call,in,fe0a2c4b7d842e6330250d3b8f98041faf258bce,2011-02-10 09:24:12,,
call,out,fe0a2c4b7d842e6330250d3b8f98041faf258bce,2011-02-10 09:22:42,,
call,out,afa72819486f6a7d96f45c1002644bf36b8474e2,2011-02-10 09:21:53,,
call,in,fe0a2c4b7d842e6330250d3b8f98041faf258bce,2011-02-10 09:03:11,,
call,out,e9075c4acaa8660540b1dd64d7270f4ed5be5328,2011-02-10 08:49:59,,
call,out,fe0a2c4b7d842e6330250d3b8f98041faf258bce,2011-02-10 08:48:18,,
call,out,b04790e12b1de915559171a0edebf65a8e565f75,2011-02-10 08:47:53,,
call,out,fe0a2c4b7d842e6330250d3b8f98041faf258bce,2011-02-10 08:46:52,,
call,out,620ebd5358f3399b763a1eb8bfade0b5b3740f0,2011-02-10 08:20:23,,
call,in,287af10ee4ffa25c7100d69b3fe3d5538d52fc48,2011-02-10 20:36:52,,
call,in,113c4375691a830e3dad6941a8965d1dda550e3,2011-02-10 19:25:32,,
call,out,287af10ee4ffa25c7100d69b3fe3d5538d52fc48,2011-02-10 19:19:46,,
call,out,1fd197bfb0cee99258d7c4e6d1568c5781b67896,2011-02-10 15:07:55,,
call,out,113c4375691a830e3dad6941a8965d1dda550e3,2011-02-10 12:39:32,,
call,out,113c4375691a830e3dad6941a8965d1dda550e3,2011-02-11 11:35:32,,
call,in,868365df2f1deb96f918640673478c47f88bd223,2011-02-11 20:49:35,0,
call,in,963739324d4316bb390ff8f0cf263e674c94eb5,2011-02-11 20:49:03,11,
call,in,868365df2f1deb96f918640673478c47f88bd223,2011-02-11 20:48:33,36,
call,in,4fa8d225f392b92654b3bd50b685bc2c13d5d4fb,2011-02-12 14:25:22,52,
call,in,6da2e46d6d8b8c958ef8a10bd0d8173c804f66e3,2011-02-12 21:29:42,245,
call,in,4fa8d225f392b92654b3bd50b685bc2c13d5d4fb,2011-02-12 15:52:33,1540,
call,out,4fa8d225f392b92654b3bd50b685bc2c13d5d4fb,2011-02-12 15:51:04,36,
call,in,620ebd5358f3399b763a1eb8bfade0b5b3740f0,2011-02-13 16:59:59,6,
call,in,620ebd5358f3399b763a1eb8bfade0b5b3740f0,2011-02-13 16:27:47,113,
call,out,c7780786051104754e9d7d401bb25d05caac63c7,2011-02-14 14:38:52,50,
call,in,5e480845dab59c36ba1e278a2d7c38e4ab04476a,2011-02-14 22:14:50,747,
call,in,33a0238f269e9c539a3f66e834f7f6ea056a7d28,2011-02-14 21:17:20,349,
call,out,99e678bc368693a30a90d3056814ea0766a80217,2011-02-14 18:25:11,24,
call,out,99e678bc368693a30a90d3056814ea0766a80217,2011-02-14 18:24:19,33,
call,out,c7780786051104754e9d7d401bb25d05caac63c7,2011-02-14 16:45:39,68,
call,in,5876690d3387a336bc8cbb035062d41b0a4a4e9f,2011-02-15 21:42:45,1282,
call,out,5e480845dab59c36ba1e278a2d7c38e4ab04476a,2011-02-15 14:54:28,146,
call,in,356a192b7913b04c54574d18c28d46e6395428ab,2011-02-15 14:19:09,260,
call,out,620ebd5358f3399b763a1eb8bfade0b5b3740f0,2011-02-15 14:16:13,450,
call,out,620ebd5358f3399b763a1eb8bfade0b5b3740f0,2011-02-16 10:59:04,7,
call,in,620ebd5358f3399b763a1eb8bfade0b5b3740f0,2011-02-16 10:58:50,0,
call,out,620ebd5358f3399b763a1eb8bfade0b5b3740f0,2011-02-16 10:29:16,254,
call,in,25cdb57758ac53c6f96be8b3af82c81f28579df5,2011-02-17 23:40:56,1800,
call,out,620ebd5358f3399b763a1eb8bfade0b5b3740f0,2011-02-17 17:56:19,78,
call,in,e0da079a2acceb3b7e7e00419d01d7655eaf4edf,2011-02-17 16:59:46,215,
call,out,620ebd5358f3399b763a1eb8bfade0b5b3740f0,2011-02-17 16:59:44,218,
call,out,620ebd5358f3399b763a1eb8bfade0b5b3740f0,2011-02-17 16:59:06,18,
call,out,113c4375691a830e3dad6941a8965d1dda550e3,2011-02-18 11:32:40,23,
call,out,113c4375691a830e3dad6941a8965d1dda550e3,2011-02-18 11:31:56,27,
call,out,dfa87d7d27c82277dc8400e91a58e563762fb698,2011-02-18 17:05:25,173,
call,out,df55080170cd4e447ee7696159c66ad1cf408805,2011-02-18 16:10:55,65,
call,out,620ebd5358f3399b763a1eb8bfade0b5b3740f0,2011-02-18 16:08:47,119,
call,out,dfa87d7d27c82277dc8400e91a58e563762fb698,2011-02-18 16:07:46,51,
call,in,df55080170cd4e447ee7696159c66ad1cf408805,2011-02-18 16:06:17,72,
call,out,dfa87d7d27c82277dc8400e91a58e563762fb698,2011-02-18 15:56:25,42,
call,in,356a192b7913b04c54574d18c28d46e6395428ab,2011-02-19 22:00:56,78,
call,in,356a192b7913b04c54574d18c28d46e6395428ab,2011-02-19 22:00:35,0,
call,in,da4b9237bacccdf19c0760cab7aec4a8359010b0,2011-02-19 21:33:53,162,
call,out,5773d8ad2b052be71ef0fb83ee7893249e82157e,2011-02-20 14:02:57,646,
call,out,fa10-01-13,2011-02-21 21:16:18,35,
call,out,4fa8d225f392b92654b3bd50b685bc2c13d5d4fb,2011-02-21 16:11:33,4,
call,in,caa41666a20ae36285c15df4b6042de7f090ca5f,2011-02-21 16:10:08,47,
call,out,caa41666a20ae36285c15df4b6042de7f090ca5f,2011-02-21 16:08:52,59,
call,in,4fa8d225f392b92654b3bd50b685bc2c13d5d4fb,2011-02-21 21:37:32,829,
call,out,e07c485e77ceb963ffa60905f71f84c48061a299,2011-02-22 17:03:10,44,
call,out,620ebd5358f3399b763a1eb8bfade0b5b3740f0,2011-02-22 16:48:03,72,
call,out,620ebd5358f3399b763a1eb8bfade0b5b3740f0,2011-02-22 11:47:31,26,
call,out,432563c53d5fa96515f78a8cb9c28fdceef19b84,2011-02-22 10:29:00,36,
call,out,432563c53d5fa96515f78a8cb9c28fdceef19b84,2011-02-22 10:28:03,48,
call,out,e07c485e77ceb963ffa60905f71f84c48061a299,2011-02-22 09:27:38,0,
call,out,fbfd0ef8054c011a5bdcc279b51fc183f11b4592,2011-02-22 22:14:32,17,
call,out,fbfd0ef8054c011a5bdcc279b51fc183f11b4592,2011-02-22 22:13:34,12,
call,in,e07c485e77ceb963ffa60905f71f84c48061a299,2011-02-22 17:35:59,127,
call,out,113c4375691a830e3dad6941a8965d1dda550e3,2011-02-23 16:01:44,26,
call,in,620ebd5358f3399b763a1eb8bfade0b5b3740f0,2011-02-24 13:23:12,11,
call,in,1357a6091c8c4b25f452b7642916951bb676f4d0,2011-02-24 13:02:19,114,
call,out,5876690d3387a336bc8cbb035062d41b0a4a4e9f,2011-02-24 21:46:57,178,
call,out,8aa5f7c68a6f9c06aa631434be8143f97e7ce314,2011-02-24 21:45:41,38,
call,out,620ebd5358f3399b763a1eb8bfade0b5b3740f0,2011-02-25 11:25:19,152,
call,out,fbfd0ef8054c011a5bdcc279b51fc183f11b4592,2011-02-25 11:03:09,7,
call,out,620ebd5358f3399b763a1eb8bfade0b5b3740f0,2011-02-25 11:02:15,27,
call,out,6da2e46d6d8b8c958ef8a10bd0d8173c804f66e3,2011-02-25 22:01:12,52,
call,in,5e480845dab59c36ba1e278a2d7c38e4ab04476a,2011-02-25 18:04:06,1403,
call,out,5e480845dab59c36ba1e278a2d7c38e4ab04476a,2011-02-25 18:03:56,1415,
call,in,5e480845dab59c36ba1e278a2d7c38e4ab04476a,2011-02-25 18:02:29,72,
call,in,5e480845dab59c36ba1e278a2d7c38e4ab04476a,2011-02-25 17:18:59,2544,
call,in,3b04716031937e131ec365fde1e4785bfb9e90b0,2011-02-25 15:44:36,152,
call,in,5876690d3387a336bc8cbb035062d41b0a4a4e9f,2011-02-26 21:48:40,1346,
call,in,5876690d3387a336bc8cbb035062d41b0a4a4e9f,2011-02-26 18:06:37,107,
call,out,5183f754f48e51b94c97d3623722c50b4f3a1359,2011-02-26 17:49:49,431,
call,out,5183f754f48e51b94c97d3623722c50b4f3a1359,2011-02-26 17:49:20,10,
call,out,caa41666a20ae36285c15df4b6042de7f090ca5f,2011-02-26 16:01:36,37,
call,out,fa10-01-13,2011-02-26 16:00:27,51,
call,out,620ebd5358f3399b763a1eb8bfade0b5b3740f0,2011-02-27 18:09:23,31,
call,out,620ebd5358f3399b763a1eb8bfade0b5b3740f0,2011-02-27 19:32:07,353,
call,in,b410fc990cebd8a0dc27bdf9b643ed6cc37c3ea5,2011-02-28 09:31:05,73,
call,in,e7fc59ec2249dab6e5796638a02f5892c60d7178,2011-02-28 10:12:45,320,
call,in,e7fc59ec2249dab6e5796638a02f5892c60d7178,2011-02-28 09:50:54,233,
call,in,620ebd5358f3399b763a1eb8bfade0b5b3740f0,2011-03-01 03:18:27,35,
call,out,620ebd5358f3399b763a1eb8bfade0b5b3740f0,2011-02-28 23:13:12,116,
call,out,caa41666a20ae36285c15df4b6042de7f090ca5f,2011-02-28 22:43:43,35,
call,out,caa41666a20ae36285c15df4b6042de7f090ca5f,2011-02-28 22:42:36,36,
call,out,620ebd5358f3399b763a1eb8bfade0b5b3740f0,2011-02-28 22:08:00,713,
call,in,8f77020da4a0c2fb8d2e272045ccd39dafdb53fb,2011-03-02 18:55:20,222,
call,out,2585bf6085215db01c508919623b188966631124,2011-03-02 17:30:22,98,
call,out,fa10-01-13,2011-03-02 17:26:35,82,
call,in,e0da079a2acceb3b7e7e00419d01d7655eaf4edf,2011-03-02 16:44:26,185,
call,out,620ebd5358f3399b763a1eb8bfade0b5b3740f0,2011-03-02 16:43:35,41,
call,out,620ebd5358f3399b763a1eb8bfade0b5b3740f0,2011-03-03 17:55:50,40,
call,out,620ebd5358f3399b763a1eb8bfade0b5b3740f0,2011-03-03 16:42:27,35,
call,out,620ebd5358f3399b763a1eb8bfade0b5b3740f0,2011-03-03 16:12:23,38,
call,out,620ebd5358f3399b763a1eb8bfade0b5b3740f0,2011-03-03 14:27:01,50,
call,out,620ebd5358f3399b763a1eb8bfade0b5b3740f0,2011-03-03 11:14:18,38,
call,in,3520ec4871f22d3e893c82a28ab0d2344fc07930,2011-03-03 22:04:41,520,
call,out,74d95d1926ee09f1d097f6cad9188c6f47adcaab,2011-03-04 00:38:58,466,
call,out,74d95d1926ee09f1d097f6cad9188c6f47adcaab,2011-03-04 00:33:42,296,
call,out,b376aa2b1b32c174856c525b027dc500e7228c75,2011-03-04 18:42:11,57,
call,out,3520ec4871f22d3e893c82a28ab0d2344fc07930,2011-03-04 14:38:23,0,
call,out,620ebd5358f3399b763a1eb8bfade0b5b3740f0,2011-03-04 14:36:53,84,
call,in,f717fbfa17e937945d172cd9d41928e9b3ba07e3,2011-03-04 10:42:17,22,
call,in,caa41666a20ae36285c15df4b6042de7f090ca5f,2011-03-05 10:00:59,43,
call,out,620ebd5358f3399b763a1eb8bfade0b5b3740f0,2011-03-05 12:54:59,74,
call,out,620ebd5358f3399b763a1eb8bfade0b5b3740f0,2011-03-05 14:04:56,41,
call,out,620ebd5358f3399b763a1eb8bfade0b5b3740f0,2011-03-05 13:39:24,89,
call,out,620ebd5358f3399b763a1eb8bfade0b5b3740f0,2011-03-07 20:02:21,9,
call,in,620ebd5358f3399b763a1eb8bfade0b5b3740f0,2011-03-07 19:56:51,24,
call,out,e0da079a2acceb3b7e7e00419d01d7655eaf4edf,2011-03-07 16:40:36,81,
call,out,620ebd5358f3399b763a1eb8bfade0b5b3740f0,2011-03-07 16:40:08,9,
call,in,657fa3dbeda4e4f83ba2e4188704073955f45a98,2011-03-09 10:56:43,262,
call,out,f9cefb3b54a0423a4c502d21205f263447f82847,2011-03-10 10:51:48,20,
call,out,584ec5a26fcf2e12bc1104d9b443c7a63bfb0408,2011-03-10 21:01:24,17,
call,in,5e480845dab59c36ba1e278a2d7c38e4ab04476a,2011-03-11 13:35:46,857,
call,out,e0da079a2acceb3b7e7e00419d01d7655eaf4edf,2011-03-12 16:14:18,23,
call,out,e0da079a2acceb3b7e7e00419d01d7655eaf4edf,2011-03-13 21:14:15,21,
call,out,86deccecb8f83e1fcbf9b500efa9366c2dd5eff9,2011-03-13 20:56:16,9,
call,out,18e33528632e77d067633ebb01c3520ac82140f0,2011-03-14 14:12:33,0,
call,out,25c800632f15ef990ed873d5053bebe0af36c145,2011-03-14 15:10:47,406,
call,in,da4b9237bacccdf19c0760cab7aec4a8359010b0,2011-03-15 23:49:50,3555,
call,out,18e33528632e77d067633ebb01c3520ac82140f0,2011-03-15 14:45:44,17,
call,in,3590a7c282bb69831bd64190b95e866fd5b68367,2011-03-17 09:33:10,126,
call,in,d0716fb43daac03b2b5e3c87fe59a1df10e55140,2011-03-17 18:47:20,97,
call,out,e0da079a2acceb3b7e7e00419d01d7655eaf4edf,2011-03-17 15:11:08,81,
call,out,e0da079a2acceb3b7e7e00419d01d7655eaf4edf,2011-03-17 14:48:20,423,
call,in,356a192b7913b04c54574d18c28d46e6395428ab,2011-03-18 08:55:48,110,
call,in,7ba48a9ac8bd2656fc7d0b92425294c8874eeb69,2011-03-17 22:32:41,35,
call,out,e0da079a2acceb3b7e7e00419d01d7655eaf4edf,2011-03-18 16:35:18,149,
call,out,e0da079a2acceb3b7e7e00419d01d7655eaf4edf,2011-03-18 15:14:38,20,
call,in,adaf920d3c4f8805e06791fe94e1cc7acafec8b8,2011-03-19 17:54:30,0,
call,out,f9c73e239a42fa5cd1d146f796971519cd7cccb5,2011-03-19 16:49:02,51,
call,in,25c7fdbb5729fc6cfdaaf63c2713ffe4f8840474,2011-03-19 22:18:25,130,
call,in,c497e7355d7435d6014d48708cb0e2717beb0c7f,2011-03-19 21:59:18,15,
call,in,92cbdfd802cf711368ea618aacf1d8be78591a6c,2011-03-19 21:57:47,58,
call,in,b5437594fb68e0ab32bb11cb66dfd82c8c10602a,2011-03-21 10:07:34,206,
call,in,d68fa7b74bd87444d9a84f1fbd294d4f41fe776e,2011-03-21 10:02:56,207,
call,out,620ebd5358f3399b763a1eb8bfade0b5b3740f0,2011-03-21 19:25:09,135,
call,out,620ebd5358f3399b763a1eb8bfade0b5b3740f0,2011-03-21 16:51:17,83,
call,out,620ebd5358f3399b763a1eb8bfade0b5b3740f0,2011-03-21 14:36:08,179,
call,in,620ebd5358f3399b763a1eb8bfade0b5b3740f0,2011-03-21 12:48:04,160,
call,out,620ebd5358f3399b763a1eb8bfade0b5b3740f0,2011-03-21 12:09:11,41,
call,out,113c4375691a830e3dad6941a8965d1dda550e3,2011-03-23 14:51:43,29,
call,out,620ebd5358f3399b763a1eb8bfade0b5b3740f0,2011-03-23 16:31:50,42,
call,in,784749336ce9ec3e47887df477b697ddb0b4c46c,2011-03-23 16:03:29,964,
call,out,fa10-01-13,2011-03-24 16:53:11,46,
call,out,620ebd5358f3399b763a1eb8bfade0b5b3740f0,2011-03-24 16:52:32,29,
call,in,657fa3dbeda4e4f83ba2e4188704073955f45a98,2011-03-25 12:24:15,189,
call,in,84aef0f86f06ea9e063d591a9e29c8a592337676,2011-03-25 10:44:40,72,
call,out,fa10-01-13,2011-03-25 20:02:56,0,
call,in,84aef0f86f06ea9e063d591a9e29c8a592337676,2011-03-25 16:02:28,825,
call,out,620ebd5358f3399b763a1eb8bfade0b5b3740f0,2011-03-26 12:34:17,61,
call,in,b376aa2b1b32c174856c525b027dc500e7228c75,2011-03-28 15:37:57,670,
call,out,fa10-01-13,2011-03-28 10:45:22,44,
call,out,620ebd5358f3399b763a1eb8bfade0b5b3740f0,2011-03-28 19:22:27,39,
call,out,113c4375691a830e3dad6941a8965d1dda550e3,2011-03-29 09:10:01,99,
call,in,356a192b7913b04c54574d18c28d46e6395428ab,2011-03-29 22:13:14,619,
call,in,620ebd5358f3399b763a1eb8bfade0b5b3740f0,2011-03-29 17:44:05,397,
call,out,84aef0f86f06ea9e063d591a9e29c8a592337676,2011-03-29 17:28:37,204,
call,out,fa10-01-13,2011-03-29 17:26:44,0,
call,out,fa10-01-13,2011-03-29 17:25:31,60,
call,out,620ebd5358f3399b763a1eb8bfade0b5b3740f0,2011-03-29 17:24:55,27,
call,in,113c4375691a830e3dad6941a8965d1dda550e3,2011-03-29 15:29:41,898,
call,out,113c4375691a830e3dad6941a8965d1dda550e3,2011-03-29 15:21:15,52,
call,in,c4d7c4745fc5fa9cbe76b072923e79a73ad0a7e,2011-03-30 11:48:16,107,
call,out,620ebd5358f3399b763a1eb8bfade0b5b3740f0,2011-03-30 16:07:39,32,
call,in,84aef0f86f06ea9e063d591a9e29c8a592337676,2011-03-30 14:38:14,201,
call,in,84aef0f86f06ea9e063d591a9e29c8a592337676,2011-03-30 14:25:21,90,
call,out,84aef0f86f06ea9e063d591a9e29c8a592337676,2011-03-30 14:02:56,67,
call,out,fa10-01-13,2011-03-30 14:01:36,68,
call,out,fa10-01-13,2011-03-30 13:10:57,40,
call,out,84aef0f86f06ea9e063d591a9e29c8a592337676,2011-03-30 16:24:05,35,
call,out,589c6056ef21d546a0f22b2104db84dc267573a3,2011-03-30 16:20:43,87,
call,out,589c6056ef21d546a0f22b2104db84dc267573a3,2011-03-30 16:19:41,53,
call,out,589c6056ef21d546a0f22b2104db84dc267573a3,2011-03-30 16:18:41,50,
call,out,589c6056ef21d546a0f22b2104db84dc267573a3,2011-03-30 16:17:04,85,
call,out,589c6056ef21d546a0f22b2104db84dc267573a3,2011-03-30 16:16:31,22,
call,out,620ebd5358f3399b763a1eb8bfade0b5b3740f0,2011-03-31 09:59:35,11,
call,out,589c6056ef21d546a0f22b2104db84dc267573a3,2011-03-31 09:56:29,176,
call,out,e0da079a2acceb3b7e7e00419d01d7655eaf4edf,2011-03-31 10:45:28,177,
call,in,e7fc59ec2249dab6e5796638a02f5892c60d7178,2011-03-31 10:44:24,44,
call,out,e0da079a2acceb3b7e7e00419d01d7655eaf4edf,2011-03-31 10:43:21,113,
call,out,620ebd5358f3399b763a1eb8bfade0b5b3740f0,2011-03-31 10:42:22,26,
call,out,620ebd5358f3399b763a1eb8bfade0b5b3740f0,2011-03-31 10:41:47,18,
call,in,620ebd5358f3399b763a1eb8bfade0b5b3740f0,2011-03-31 14:57:26,20,
call,out,620ebd5358f3399b763a1eb8bfade0b5b3740f0,2011-03-31 14:48:40,50,
call,in,c8fb2d904a06b0aefe4e6bab6d4f1fa10c56b941,2011-04-01 09:52:42,421,
call,out,620ebd5358f3399b763a1eb8bfade0b5b3740f0,2011-04-04 09:31:51,6,
call,out,3b04716031937e131ec365fde1e4785bfb9e90b0,2011-04-04 09:31:26,5,
call,out,620ebd5358f3399b763a1eb8bfade0b5b3740f0,2011-04-04 19:21:59,52,
call,out,620ebd5358f3399b763a1eb8bfade0b5b3740f0,2011-04-05 16:54:02,224,
call,out,4a4971dadcad0a7f1004abb60cc38c528578972c,2011-04-05 16:51:15,120,
call,out,f2a93e2eab8b1864c25cb8d954d3c1c98ff775e0,2011-04-05 16:03:45,63,
call,out,4a4971dadcad0a7f1004abb60cc38c528578972c,2011-04-05 16:00:42,161,
call,out,620ebd5358f3399b763a1eb8bfade0b5b3740f0,2011-04-05 12:56:01,90,
call,out,620ebd5358f3399b763a1eb8bfade0b5b3740f0,2011-04-06 17:03:10,19,
call,in,620ebd5358f3399b763a1eb8bfade0b5b3740f0,2011-04-06 15:57:15,322,
call,out,620ebd5358f3399b763a1eb8bfade0b5b3740f0,2011-04-06 15:56:19,30,
call,out,620ebd5358f3399b763a1eb8bfade0b5b3740f0,2011-04-06 15:53:30,153,
call,in,da4b9237bacccdf19c0760cab7aec4a8359010b0,2011-04-06 14:02:18,83,
call,out,6805a92caf70bbc45379462f45839d381cb48363,2011-04-06 13:12:12,163,
call,in,620ebd5358f3399b763a1eb8bfade0b5b3740f0,2011-04-07 09:06:33,15,
call,out,620ebd5358f3399b763a1eb8bfade0b5b3740f0,2011-04-07 08:23:59,38,
call,out,620ebd5358f3399b763a1eb8bfade0b5b3740f0,2011-04-07 17:10:42,61,
call,out,620ebd5358f3399b763a1eb8bfade0b5b3740f0,2011-04-07 17:01:32,44,
call,out,620ebd5358f3399b763a1eb8bfade0b5b3740f0,2011-04-07 17:00:59,27,
call,out,620ebd5358f3399b763a1eb8bfade0b5b3740f0,2011-04-07 16:52:58,26,
call,out,620ebd5358f3399b763a1eb8bfade0b5b3740f0,2011-04-07 15:47:15,118,
call,out,e0da079a2acceb3b7e7e00419d01d7655eaf4edf,2011-04-08 16:55:06,14,
call,in,e0da079a2acceb3b7e7e00419d01d7655eaf4edf,2011-04-08 16:28:54,332,
call,out,620ebd5358f3399b763a1eb8bfade0b5b3740f0,2011-04-08 16:28:01,36,
call,out,6805a92caf70bbc45379462f45839d381cb48363,2011-04-08 16:12:41,11,
call,out,6805a92caf70bbc45379462f45839d381cb48363,2011-04-08 16:03:38,69,
call,out,fa10-01-13,2011-04-09 21:33:40,31,
call,out,fa10-01-13,2011-04-09 21:33:33,1,
call,out,620ebd5358f3399b763a1eb8bfade0b5b3740f0,2011-04-09 21:33:29,3,
call,out,19ba9550b45087cbc9a5f8abb373fa597d0d51c1,2011-04-10 19:22:26,127,
call,out,b956f13807f4ae3063c6d2b5e102d9fb82e79354,2011-04-10 18:56:22,64,
call,out,460da347d29a434ef69a83869c4d9fe536e59a8d,2011-04-10 18:52:39,110,
call,out,460da347d29a434ef69a83869c4d9fe536e59a8d,2011-04-10 18:50:38,110,
call,out,620ebd5358f3399b763a1eb8bfade0b5b3740f0,2011-04-11 09:18:54,29,
call,in,620ebd5358f3399b763a1eb8bfade0b5b3740f0,2011-04-11 15:30:37,75,
call,out,620ebd5358f3399b763a1eb8bfade0b5b3740f0,2011-04-11 15:28:59,41,
call,out,620ebd5358f3399b763a1eb8bfade0b5b3740f0,2011-04-11 20:58:51,27,
call,out,620ebd5358f3399b763a1eb8bfade0b5b3740f0,2011-04-11 20:18:10,45,
call,out,caa41666a20ae36285c15df4b6042de7f090ca5f,2011-04-12 15:18:54,37,
call,out,caa41666a20ae36285c15df4b6042de7f090ca5f,2011-04-12 15:18:28,8,
call,in,e0da079a2acceb3b7e7e00419d01d7655eaf4edf,2011-04-12 15:12:42,335,
call,out,620ebd5358f3399b763a1eb8bfade0b5b3740f0,2011-04-12 15:11:59,27,
call,out,620ebd5358f3399b763a1eb8bfade0b5b3740f0,2011-04-12 15:11:19,26,
call,out,caa41666a20ae36285c15df4b6042de7f090ca5f,2011-04-12 14:37:24,30,
call,out,caa41666a20ae36285c15df4b6042de7f090ca5f,2011-04-12 14:33:01,54,
call,in,caa41666a20ae36285c15df4b6042de7f090ca5f,2011-04-12 17:47:26,82,
call,out,caa41666a20ae36285c15df4b6042de7f090ca5f,2011-04-12 17:37:46,143,
call,out,caa41666a20ae36285c15df4b6042de7f090ca5f,2011-04-12 17:35:54,102,
call,out,caa41666a20ae36285c15df4b6042de7f090ca5f,2011-04-12 17:35:34,6,
call,out,e0da079a2acceb3b7e7e00419d01d7655eaf4edf,2011-04-12 16:51:28,21,
call,in,620ebd5358f3399b763a1eb8bfade0b5b3740f0,2011-04-13 14:48:04,147,
call,out,caa41666a20ae36285c15df4b6042de7f090ca5f,2011-04-13 16:27:02,26,
call,out,620ebd5358f3399b763a1eb8bfade0b5b3740f0,2011-04-13 20:02:00,17,
call,out,620ebd5358f3399b763a1eb8bfade0b5b3740f0,2011-04-13 20:01:31,19,
call,out,620ebd5358f3399b763a1eb8bfade0b5b3740f0,2011-04-13 18:55:11,76,
call,in,620ebd5358f3399b763a1eb8bfade0b5b3740f0,2011-04-14 15:40:57,126,
call,out,620ebd5358f3399b763a1eb8bfade0b5b3740f0,2011-04-15 12:05:40,41,
call,out,620ebd5358f3399b763a1eb8bfade0b5b3740f0,2011-04-15 16:49:06,413,
call,in,620ebd5358f3399b763a1eb8bfade0b5b3740f0,2011-04-15 13:21:27,56,
call,out,620ebd5358f3399b763a1eb8bfade0b5b3740f0,2011-04-16 16:45:55,1,
call,out,57db0378cd52895c78e545e0d7357293da275c16,2011-04-18 13:54:50,466,
call,out,620ebd5358f3399b763a1eb8bfade0b5b3740f0,2011-04-18 13:51:09,0,
call,out,fa10-01-13,2011-04-18 13:48:47,64,
call,out,fa10-01-13,2011-04-18 13:46:41,110,
call,out,876e12c44758e5b03f668c0f857721feae10079d,2011-04-18 21:47:54,1894,
call,out,fa10-01-13,2011-04-18 21:46:48,43,
call,in,e0da079a2acceb3b7e7e00419d01d7655eaf4edf,2011-04-18 16:20:02,321,
call,out,afa72819486f6a7d96f45c1002644bf36b8474e2,2011-04-18 16:06:26,653,
call,out,afa72819486f6a7d96f45c1002644bf36b8474e2,2011-04-18 16:06:11,9,
call,out,876e12c44758e5b03f668c0f857721feae10079d,2011-04-18 16:05:12,34,
call,in,876e12c44758e5b03f668c0f857721feae10079d,2011-04-19 20:27:56,281,
call,out,876e12c44758e5b03f668c0f857721feae10079d,2011-04-19 20:26:34,54,
call,out,620ebd5358f3399b763a1eb8bfade0b5b3740f0,2011-04-19 17:38:08,67,
call,out,e0da079a2acceb3b7e7e00419d01d7655eaf4edf,2011-04-19 17:25:30,16,
call,in,afa72819486f6a7d96f45c1002644bf36b8474e2,2011-04-20 11:41:15,239,
call,in,620ebd5358f3399b763a1eb8bfade0b5b3740f0,2011-04-20 22:08:53,0,
call,out,620ebd5358f3399b763a1eb8bfade0b5b3740f0,2011-04-20 21:16:51,18,
call,out,620ebd5358f3399b763a1eb8bfade0b5b3740f0,2011-04-20 21:05:14,49,
call,in,620ebd5358f3399b763a1eb8bfade0b5b3740f0,2011-04-21 07:52:13,17,
call,out,f970c1359433af567d01cc43c38d9535a479a022,2011-04-21 21:16:40,2191,
call,in,246578d5b9ec0283ee391d08609c76eee218aa41,2011-04-21 21:15:27,25,
call,in,246578d5b9ec0283ee391d08609c76eee218aa41,2011-04-21 21:13:35,44,
call,out,fa10-01-13,2011-04-21 17:53:54,42,
call,out,620ebd5358f3399b763a1eb8bfade0b5b3740f0,2011-04-21 17:22:58,37,
call,out,fa10-01-13,2011-04-21 15:19:07,4,
call,out,620ebd5358f3399b763a1eb8bfade0b5b3740f0,2011-04-21 15:04:53,62,
call,out,fa10-01-13,2011-04-21 14:55:23,25,
call,out,fa10-01-13,2011-04-21 14:43:59,35,
call,out,620ebd5358f3399b763a1eb8bfade0b5b3740f0,2011-04-21 14:42:10,92,
call,out,246578d5b9ec0283ee391d08609c76eee218aa41,2011-04-22 08:52:13,33,
call,out,246578d5b9ec0283ee391d08609c76eee218aa41,2011-04-22 08:50:50,22,
call,in,b42122288fb9ac4b6457f183ba086bc2fa7cbd7d,2011-04-22 08:41:33,79,
call,in,b376aa2b1b32c174856c525b027dc500e7228c75,2011-04-22 12:46:18,67,
call,in,287af10ee4ffa25c7100d69b3fe3d5538d52fc48,2011-04-22 10:55:00,457,
call,out,620ebd5358f3399b763a1eb8bfade0b5b3740f0,2011-04-22 19:30:21,20,
call,out,620ebd5358f3399b763a1eb8bfade0b5b3740f0,2011-04-22 19:29:33,21,
call,out,b376aa2b1b32c174856c525b027dc500e7228c75,2011-04-22 18:59:54,104,
call,out,620ebd5358f3399b763a1eb8bfade0b5b3740f0,2011-04-22 18:58:56,43,
call,out,620ebd5358f3399b763a1eb8bfade0b5b3740f0,2011-04-22 18:57:23,40,
call,in,a721420feff2421434c9f76ac8b2ebd728b6faea,2011-04-22 15:17:54,115,
call,out,1fa4dcdc41d6d0b01f773dce39e20ba60cbdc114,2011-04-24 12:01:32,46,
call,out,620ebd5358f3399b763a1eb8bfade0b5b3740f0,2011-04-25 08:15:42,158,
call,in,ab60a12f8c12d111af118467ac9f0b3c0f9d2a46,2011-04-25 12:29:17,131,
call,out,ab60a12f8c12d111af118467ac9f0b3c0f9d2a46,2011-04-25 12:29:16,0,
call,in,ca5cc6ecdbc2837e79875dd6a39babb53576a89d,2011-04-25 12:24:56,243,
call,out,620ebd5358f3399b763a1eb8bfade0b5b3740f0,2011-04-25 12:36:04,15,
call,out,3240f7bc1dbf31e2d8a075f63caece14c0deba77,2011-04-25 19:34:41,307,
call,out,3240f7bc1dbf31e2d8a075f63caece14c0deba77,2011-04-25 19:30:04,64,
call,out,620ebd5358f3399b763a1eb8bfade0b5b3740f0,2011-04-25 19:28:21,95,
call,out,e0da079a2acceb3b7e7e00419d01d7655eaf4edf,2011-04-25 19:27:23,34,
call,out,ca5cc6ecdbc2837e79875dd6a39babb53576a89d,2011-04-25 15:29:50,18,
call,in,620ebd5358f3399b763a1eb8bfade0b5b3740f0,2011-04-25 20:02:40,7,
call,in,2b7059e4acfe4190301e1acf8372e65c224c5e7e,2011-04-26 15:48:16,170,
call,in,deff2ef118c4b5c47c9da377f733c840a0613a40,2011-04-26 11:51:14,386,
call,in,815e39d7e62e501d0e8d1c8193437a5292e81770,2011-04-26 20:32:22,1204,
call,in,620ebd5358f3399b763a1eb8bfade0b5b3740f0,2011-04-26 16:02:06,8,
call,out,620ebd5358f3399b763a1eb8bfade0b5b3740f0,2011-04-26 15:59:16,148,
call,in,620ebd5358f3399b763a1eb8bfade0b5b3740f0,2011-04-26 15:56:07,48,
call,out,1fa4dcdc41d6d0b01f773dce39e20ba60cbdc114,2011-04-27 11:17:13,36,
call,out,620ebd5358f3399b763a1eb8bfade0b5b3740f0,2011-04-28 14:53:29,67,
call,out,620ebd5358f3399b763a1eb8bfade0b5b3740f0,2011-04-28 20:04:21,22,
call,out,620ebd5358f3399b763a1eb8bfade0b5b3740f0,2011-04-28 19:42:41,33,
call,out,620ebd5358f3399b763a1eb8bfade0b5b3740f0,2011-04-28 18:04:32,27,
call,out,620ebd5358f3399b763a1eb8bfade0b5b3740f0,2011-04-28 17:58:56,26,
call,in,2b7059e4acfe4190301e1acf8372e65c224c5e7e,2011-04-29 13:52:37,104,
call,out,e0da079a2acceb3b7e7e00419d01d7655eaf4edf,2011-04-29 16:56:44,2,
call,out,2b7059e4acfe4190301e1acf8372e65c224c5e7e,2011-04-29 16:45:54,642,
call,out,fa10-01-13,2011-04-29 16:43:39,87,
call,out,fa10-01-13,2011-04-29 16:43:25,0,
call,in,afa72819486f6a7d96f45c1002644bf36b8474e2,2011-04-30 17:06:58,447,
call,out,764afa8c9d7192cc00d09c2f14a6b71a658bd906,2011-04-30 13:33:25,128,
call,out,620ebd5358f3399b763a1eb8bfade0b5b3740f0,2011-04-30 13:32:39,31,
call,out,1fa4dcdc41d6d0b01f773dce39e20ba60cbdc114,2011-05-02 20:10:58,0,
call,out,620ebd5358f3399b763a1eb8bfade0b5b3740f0,2011-05-02 20:10:16,0,
call,out,620ebd5358f3399b763a1eb8bfade0b5b3740f0,2011-05-02 20:09:38,0,
call,out,4af6ee50abcfb019cc6e0bb72b554212bc0d6e60,2011-05-02 19:58:47,60,
call,in,620ebd5358f3399b763a1eb8bfade0b5b3740f0,2011-05-02 15:10:35,104,
call,in,620ebd5358f3399b763a1eb8bfade0b5b3740f0,2011-05-02 14:31:09,43,
call,out,620ebd5358f3399b763a1eb8bfade0b5b3740f0,2011-05-02 21:32:38,140,
call,out,620ebd5358f3399b763a1eb8bfade0b5b3740f0,2011-05-03 17:25:12,215,
call,in,e7fc59ec2249dab6e5796638a02f5892c60d7178,2011-05-03 13:17:51,65,
call,out,620ebd5358f3399b763a1eb8bfade0b5b3740f0,2011-05-03 12:25:42,56,
call,in,620ebd5358f3399b763a1eb8bfade0b5b3740f0,2011-05-03 12:24:46,13,
call,out,1fa4dcdc41d6d0b01f773dce39e20ba60cbdc114,2011-05-04 15:24:43,26,
call,out,620ebd5358f3399b763a1eb8bfade0b5b3740f0,2011-05-04 15:05:48,89,
call,out,fa10-01-13,2011-05-04 10:33:11,60,
call,in,e7fc59ec2249dab6e5796638a02f5892c60d7178,2011-05-04 10:31:58,0,
call,in,9729bd9d9d8b6395ce3aea27ce17892bbc139e0b,2011-05-05 12:19:18,24,
call,out,59d0ccab166d2a7464129b75e3ae428cd788829d,2011-05-05 18:33:51,62,
call,in,caa41666a20ae36285c15df4b6042de7f090ca5f,2011-05-05 20:19:29,0,
call,out,620ebd5358f3399b763a1eb8bfade0b5b3740f0,2011-05-05 19:07:43,279,
call,out,620ebd5358f3399b763a1eb8bfade0b5b3740f0,2011-05-06 11:58:05,163,
call,in,620ebd5358f3399b763a1eb8bfade0b5b3740f0,2011-05-06 15:06:38,16,
call,out,caa41666a20ae36285c15df4b6042de7f090ca5f,2011-05-07 10:04:22,66,
call,out,caa41666a20ae36285c15df4b6042de7f090ca5f,2011-05-07 09:40:35,37,
call,in,620ebd5358f3399b763a1eb8bfade0b5b3740f0,2011-05-07 19:02:47,18,
call,out,620ebd5358f3399b763a1eb8bfade0b5b3740f0,2011-05-07 19:00:17,53,
call,out,caa41666a20ae36285c15df4b6042de7f090ca5f,2011-05-07 18:42:45,57,
call,in,caa41666a20ae36285c15df4b6042de7f090ca5f,2011-05-07 17:54:05,129,
call,out,620ebd5358f3399b763a1eb8bfade0b5b3740f0,2011-05-07 19:34:42,12,
call,out,246578d5b9ec0283ee391d08609c76eee218aa41,2011-05-08 12:01:32,157,
call,out,caa41666a20ae36285c15df4b6042de7f090ca5f,2011-05-08 21:22:55,775,
call,in,1ce3c84aa48f3ba742c707ff2e23362e3a5be18,2011-05-09 09:55:47,232,
call,out,caa41666a20ae36285c15df4b6042de7f090ca5f,2011-05-09 21:43:27,187,
call,in,caa41666a20ae36285c15df4b6042de7f090ca5f,2011-05-09 10:28:49,77,
call,in,ab60a12f8c12d111af118467ac9f0b3c0f9d2a46,2011-05-10 10:16:46,80,
call,out,a77f70eafe0421811e9fc295d31a0fe1e34177cf,2011-05-10 10:56:53,1315,
call,out,620ebd5358f3399b763a1eb8bfade0b5b3740f0,2011-05-10 13:28:17,41,
call,out,620ebd5358f3399b763a1eb8bfade0b5b3740f0,2011-05-11 13:39:03,96,
call,in,620ebd5358f3399b763a1eb8bfade0b5b3740f0,2011-05-11 13:38:39,2,
call,out,620ebd5358f3399b763a1eb8bfade0b5b3740f0,2011-05-11 13:37:25,40,
call,out,e0da079a2acceb3b7e7e00419d01d7655eaf4edf,2011-05-11 13:37:04,15,
call,in,657fa3dbeda4e4f83ba2e4188704073955f45a98,2011-05-11 11:00:12,129,
call,out,e0da079a2acceb3b7e7e00419d01d7655eaf4edf,2011-05-11 10:04:03,15,
call,out,620ebd5358f3399b763a1eb8bfade0b5b3740f0,2011-05-11 10:03:22,30,
call,in,3240f7bc1dbf31e2d8a075f63caece14c0deba77,2011-05-12 13:30:23,0,
call,out,fa10-01-13,2011-05-12 18:28:58,67,
call,out,f22d74c1a781d7649708136db73c600e585f52d5,2011-05-12 18:28:37,16,
call,out,fa10-01-13,2011-05-12 16:41:21,42,
call,out,fa10-01-13,2011-05-12 16:41:10,2,
call,out,e0da079a2acceb3b7e7e00419d01d7655eaf4edf,2011-05-12 14:45:14,15,
call,out,3240f7bc1dbf31e2d8a075f63caece14c0deba77,2011-05-12 14:43:45,77,
call,out,113c4375691a830e3dad6941a8965d1dda550e3,2011-05-12 14:19:07,50,
call,in,113c4375691a830e3dad6941a8965d1dda550e3,2011-05-13 11:18:18,667,
call,in,caa41666a20ae36285c15df4b6042de7f090ca5f,2011-05-13 10:00:12,250,
call,out,3150f0434563cfd9779c0af8e2d6e2f7d42030f1,2011-05-13 16:32:23,52,
call,out,3150f0434563cfd9779c0af8e2d6e2f7d42030f1,2011-05-13 16:06:18,243,
call,in,caa41666a20ae36285c15df4b6042de7f090ca5f,2011-05-13 18:07:13,121,
call,out,caa41666a20ae36285c15df4b6042de7f090ca5f,2011-05-13 18:05:21,56,
call,out,620ebd5358f3399b763a1eb8bfade0b5b3740f0,2011-05-13 23:00:29,19,
call,in,caa41666a20ae36285c15df4b6042de7f090ca5f,2011-05-13 18:53:23,26,
call,out,620ebd5358f3399b763a1eb8bfade0b5b3740f0,2011-05-13 18:27:45,48,
call,out,caa41666a20ae36285c15df4b6042de7f090ca5f,2011-05-13 18:24:01,98,
call,in,f717fbfa17e937945d172cd9d41928e9b3ba07e3,2011-05-14 10:46:33,503,
call,out,f717fbfa17e937945d172cd9d41928e9b3ba07e3,2011-05-14 10:25:56,49,
call,in,620ebd5358f3399b763a1eb8bfade0b5b3740f0,2011-05-14 16:41:23,18,
call,in,620ebd5358f3399b763a1eb8bfade0b5b3740f0,2011-05-14 14:48:08,63,
call,in,620ebd5358f3399b763a1eb8bfade0b5b3740f0,2011-05-14 14:41:03,40,
call,out,fa10-01-13,2011-05-14 21:54:44,33,
call,out,620ebd5358f3399b763a1eb8bfade0b5b3740f0,2011-05-15 14:24:58,15,
call,out,620ebd5358f3399b763a1eb8bfade0b5b3740f0,2011-05-15 13:58:59,39,
call,out,620ebd5358f3399b763a1eb8bfade0b5b3740f0,2011-05-15 11:47:08,24,
call,out,620ebd5358f3399b763a1eb8bfade0b5b3740f0,2011-05-15 11:46:38,23,
call,out,620ebd5358f3399b763a1eb8bfade0b5b3740f0,2011-05-16 15:00:10,49,
call,out,f717fbfa17e937945d172cd9d41928e9b3ba07e3,2011-05-16 14:59:27,28,
call,out,620ebd5358f3399b763a1eb8bfade0b5b3740f0,2011-05-16 14:58:23,39,
call,out,5e480845dab59c36ba1e278a2d7c38e4ab04476a,2011-05-16 21:02:12,65,
call,out,113c4375691a830e3dad6941a8965d1dda550e3,2011-05-16 20:42:54,1064,
call,in,f717fbfa17e937945d172cd9d41928e9b3ba07e3,2011-05-16 16:17:51,25,
call,in,620ebd5358f3399b763a1eb8bfade0b5b3740f0,2011-05-17 14:37:20,30,
call,in,c7780786051104754e9d7d401bb25d05caac63c7,2011-05-17 10:35:08,534,
call,out,c7780786051104754e9d7d401bb25d05caac63c7,2011-05-17 10:34:16,597,
call,in,51d6a46bec7dc6985d9ac2a077bbb242433abdf,2011-05-18 19:09:29,0,
call,out,c7780786051104754e9d7d401bb25d05caac63c7,2011-05-18 17:48:51,26,
call,out,c7780786051104754e9d7d401bb25d05caac63c7,2011-05-18 17:30:56,44,
call,out,5e480845dab59c36ba1e278a2d7c38e4ab04476a,2011-05-18 17:05:52,200,
call,in,620ebd5358f3399b763a1eb8bfade0b5b3740f0,2011-05-19 15:02:12,39,
call,in,c3eb9654393934d36d5f9ed9e1cff031d3291c6e,2011-05-19 12:01:49,1995,
call,in,c4d7c4745fc5fa9cbe76b072923e79a73ad0a7e,2011-05-19 10:28:08,80,
call,in,d9a1b4e059dd9bdc7421ad569daa978b92adbed6,2011-05-20 19:39:37,0,
call,out,fa10-01-13,2011-05-20 19:37:30,1,
call,out,620ebd5358f3399b763a1eb8bfade0b5b3740f0,2011-05-20 17:52:05,252,
call,out,f9cefb3b54a0423a4c502d21205f263447f82847,2011-05-20 17:41:19,173,
call,out,c7780786051104754e9d7d401bb25d05caac63c7,2011-05-20 17:35:10,87,
call,out,4aae8d0890a7b2247d225ebfa84297c52a86d641,2011-05-20 17:21:49,793,
call,out,fa10-01-13,2011-05-20 17:19:46,115,
call,out,4aae8d0890a7b2247d225ebfa84297c52a86d641,2011-05-20 17:14:30,178,
call,out,620ebd5358f3399b763a1eb8bfade0b5b3740f0,2011-05-20 14:32:38,30,
call,out,99c1a568d5b65dea82dcdfd52a5e434e7bc75324,2011-05-20 11:24:34,50,
call,in,f22d74c1a781d7649708136db73c600e585f52d5,2011-05-20 11:00:58,215,
call,out,fa10-01-13,2011-05-20 10:44:41,54,
call,out,fa10-01-13,2011-05-21 09:19:32,40,
call,in,f9cefb3b54a0423a4c502d21205f263447f82847,2011-05-21 12:26:40,46,
call,out,620ebd5358f3399b763a1eb8bfade0b5b3740f0,2011-05-21 16:41:12,12,
call,out,287af10ee4ffa25c7100d69b3fe3d5538d52fc48,2011-05-21 14:08:36,107,
call,in,df55080170cd4e447ee7696159c66ad1cf408805,2011-05-21 13:38:51,53,
call,out,f9cefb3b54a0423a4c502d21205f263447f82847,2011-05-21 18:46:38,137,
call,in,620ebd5358f3399b763a1eb8bfade0b5b3740f0,2011-05-21 16:46:35,14,
call,in,620ebd5358f3399b763a1eb8bfade0b5b3740f0,2011-05-21 16:43:56,13,
call,in,2e9f4626bad7028c52c0e4b006f80c50443c1312,2011-05-22 08:42:50,86,
call,out,fa10-01-13,2011-05-22 20:30:43,51,
call,out,caa41666a20ae36285c15df4b6042de7f090ca5f,2011-05-22 20:16:49,781,
call,in,3240f7bc1dbf31e2d8a075f63caece14c0deba77,2011-05-22 18:49:22,112,
call,in,620ebd5358f3399b763a1eb8bfade0b5b3740f0,2011-05-22 17:50:20,11,
call,in,22faf812ed4eac0f35f2ccd792194ba9cfbec9ca,2011-05-23 09:27:48,137,
call,out,caa41666a20ae36285c15df4b6042de7f090ca5f,2011-05-23 11:55:09,332,
call,out,fa10-01-13,2011-05-23 11:53:57,50,
call,out,fa10-01-13,2011-05-23 22:59:04,57,
call,out,fe6a2ed793bf85acf520d1252f1935dc69b93863,2011-05-23 17:22:44,42,
call,out,fa10-01-13,2011-05-23 17:21:55,43,
call,in,caa41666a20ae36285c15df4b6042de7f090ca5f,2011-05-23 16:02:37,17,
call,in,caa41666a20ae36285c15df4b6042de7f090ca5f,2011-05-23 15:58:57,16,
call,out,caa41666a20ae36285c15df4b6042de7f090ca5f,2011-05-23 15:58:02,47,
call,out,caa41666a20ae36285c15df4b6042de7f090ca5f,2011-05-23 15:57:24,29,
call,out,1fa4dcdc41d6d0b01f773dce39e20ba60cbdc114,2011-05-23 15:24:42,52,
call,out,3240f7bc1dbf31e2d8a075f63caece14c0deba77,2011-05-23 14:57:00,43,
call,out,113c4375691a830e3dad6941a8965d1dda550e3,2011-05-23 13:24:03,501,
call,in,caa41666a20ae36285c15df4b6042de7f090ca5f,2011-05-23 12:16:35,58,
call,in,caa41666a20ae36285c15df4b6042de7f090ca5f,2011-05-24 10:33:00,261,
call,in,3240f7bc1dbf31e2d8a075f63caece14c0deba77,2011-05-24 22:25:43,124,
call,out,620ebd5358f3399b763a1eb8bfade0b5b3740f0,2011-05-24 15:29:31,53,
call,out,fe6a2ed793bf85acf520d1252f1935dc69b93863,2011-05-24 15:28:57,1,
call,out,620ebd5358f3399b763a1eb8bfade0b5b3740f0,2011-05-24 15:28:40,0,
call,out,620ebd5358f3399b763a1eb8bfade0b5b3740f0,2011-05-24 15:28:38,8,
call,in,620ebd5358f3399b763a1eb8bfade0b5b3740f0,2011-05-25 08:51:02,30,
text,in,6c7980d04ebfcb3c357e02b34ae662ee76f5db00,2010-10-13 19:12:21,,
text,in,6c7980d04ebfcb3c357e02b34ae662ee76f5db00,2010-10-13 20:48:20,,
text,in,f9cefb3b54a0423a4c502d21205f263447f82847,2010-11-02 14:17:13,,
text,out,f9cefb3b54a0423a4c502d21205f263447f82847,2010-11-02 14:28:52,,
text,in,f9cefb3b54a0423a4c502d21205f263447f82847,2010-11-06 09:44:51,,
text,in,1a012b6fd477131e8e3af64b3b9a7c7b2f9f6938,2010-11-10 11:17:25,,
text,in,f9cefb3b54a0423a4c502d21205f263447f82847,2010-11-19 08:24:23,,
text,in,f9cefb3b54a0423a4c502d21205f263447f82847,2010-11-19 07:44:58,,
text,out,f9cefb3b54a0423a4c502d21205f263447f82847,2010-11-19 08:23:28,,
text,in,6cd5d9c90d9dfc7a59d535cd60d588d1fa167afa,2010-11-25 17:46:02,,
text,out,6cd5d9c90d9dfc7a59d535cd60d588d1fa167afa,2010-11-25 17:46:54,,
text,in,f9cefb3b54a0423a4c502d21205f263447f82847,2010-11-30 09:02:41,,
text,in,b6df86f44945b1c20bffb4f23d26250429a99a8,2010-12-01 13:31:21,,
text,in,f9cefb3b54a0423a4c502d21205f263447f82847,2010-12-21 07:26:10,,
text,out,f9cefb3b54a0423a4c502d21205f263447f82847,2010-12-21 07:28:46,,
text,out,f9cefb3b54a0423a4c502d21205f263447f82847,2010-12-21 07:25:04,,
text,in,f9cefb3b54a0423a4c502d21205f263447f82847,2010-12-28 06:49:26,,
text,in,f9cefb3b54a0423a4c502d21205f263447f82847,2011-01-04 17:39:00,,
text,out,f9cefb3b54a0423a4c502d21205f263447f82847,2011-01-04 18:34:58,,
text,in,3de808ab2a5d3236f46b803efe0a20fbe77e7e89,2011-01-05 20:52:55,,
text,out,f9cefb3b54a0423a4c502d21205f263447f82847,2011-01-05 16:52:19,,
text,in,f9cefb3b54a0423a4c502d21205f263447f82847,2011-01-06 08:25:20,,
text,in,f9cefb3b54a0423a4c502d21205f263447f82847,2011-01-09 08:33:10,,
text,out,f9cefb3b54a0423a4c502d21205f263447f82847,2011-01-09 08:31:52,,
text,in,f9cefb3b54a0423a4c502d21205f263447f82847,2011-01-10 07:46:50,,
text,in,f9cefb3b54a0423a4c502d21205f263447f82847,2011-01-11 09:03:55,,
text,out,f9cefb3b54a0423a4c502d21205f263447f82847,2011-01-11 09:07:32,,
text,in,f9cefb3b54a0423a4c502d21205f263447f82847,2011-01-13 16:11:36,,
text,in,f9cefb3b54a0423a4c502d21205f263447f82847,2011-01-14 08:45:22,,
text,out,f9cefb3b54a0423a4c502d21205f263447f82847,2011-01-14 08:44:17,,
text,in,f9cefb3b54a0423a4c502d21205f263447f82847,2011-01-18 00:21:51,,
text,in,f9cefb3b54a0423a4c502d21205f263447f82847,2011-01-21 20:47:17,,
text,out,f9cefb3b54a0423a4c502d21205f263447f82847,2011-01-21 20:48:55,,
text,in,d1fc4d14c46713c192993ce44c20fcdf2c829d22,2011-01-23 03:21:22,,
text,in,3de808ab2a5d3236f46b803efe0a20fbe77e7e89,2011-01-25 12:26:35,,
text,in,f9cefb3b54a0423a4c502d21205f263447f82847,2011-02-05 13:34:55,,
text,in,9a89f1f242605fe24831f12ce4389ee8c7fbdc1e,2011-02-08 16:23:58,,
text,in,9a89f1f242605fe24831f12ce4389ee8c7fbdc1e,2011-02-08 16:23:43,,
text,in,a00ff86038e62ab63ac2f7e774fef5dcd5b7fc43,2011-02-09 19:57:33,,
text,in,fe0a2c4b7d842e6330250d3b8f98041faf258bce,2011-02-10 09:37:40,,
text,in,fe0a2c4b7d842e6330250d3b8f98041faf258bce,2011-02-10 09:36:49,,
text,in,fe0a2c4b7d842e6330250d3b8f98041faf258bce,2011-02-10 09:37:40,,
text,in,fe0a2c4b7d842e6330250d3b8f98041faf258bce,2011-02-10 09:36:49,,
text,in,a00ff86038e62ab63ac2f7e774fef5dcd5b7fc43,2011-02-09 19:57:33,,
text,in,9a89f1f242605fe24831f12ce4389ee8c7fbdc1e,2011-02-08 16:23:58,,
text,in,9a89f1f242605fe24831f12ce4389ee8c7fbdc1e,2011-02-08 16:23:43,,
text,in,f9cefb3b54a0423a4c502d21205f263447f82847,2011-02-05 13:34:55,,
text,in,3de808ab2a5d3236f46b803efe0a20fbe77e7e89,2011-01-25 12:26:35,,
text,in,d1fc4d14c46713c192993ce44c20fcdf2c829d22,2011-01-23 03:21:22,,
text,in,f9cefb3b54a0423a4c502d21205f263447f82847,2011-01-21 20:47:17,,
text,in,f9cefb3b54a0423a4c502d21205f263447f82847,2011-01-18 00:21:51,,
text,in,f9cefb3b54a0423a4c502d21205f263447f82847,2011-01-14 08:45:22,,
text,in,f9cefb3b54a0423a4c502d21205f263447f82847,2011-01-13 16:11:36,,
text,in,f9cefb3b54a0423a4c502d21205f263447f82847,2011-01-11 09:03:55,,
text,in,f9cefb3b54a0423a4c502d21205f263447f82847,2011-01-10 07:46:50,,
text,in,f9cefb3b54a0423a4c502d21205f263447f82847,2011-01-09 08:33:10,,
text,in,f9cefb3b54a0423a4c502d21205f263447f82847,2011-01-06 08:25:20,,
text,in,3de808ab2a5d3236f46b803efe0a20fbe77e7e89,2011-01-05 20:52:55,,
text,in,f9cefb3b54a0423a4c502d21205f263447f82847,2011-01-04 17:39:00,,
text,in,f9cefb3b54a0423a4c502d21205f263447f82847,2010-12-28 06:49:26,,
text,in,f9cefb3b54a0423a4c502d21205f263447f82847,2010-12-21 07:26:10,,
text,in,b6df86f44945b1c20bffb4f23d26250429a99a8,2010-12-01 13:31:21,,
text,in,f9cefb3b54a0423a4c502d21205f263447f82847,2010-11-30 09:02:41,,
text,in,6cd5d9c90d9dfc7a59d535cd60d588d1fa167afa,2010-11-25 17:46:02,,
text,in,f9cefb3b54a0423a4c502d21205f263447f82847,2010-11-19 08:24:23,,
text,in,f9cefb3b54a0423a4c502d21205f263447f82847,2010-11-19 07:44:58,,
text,in,1a012b6fd477131e8e3af64b3b9a7c7b2f9f6938,2010-11-10 11:17:25,,
text,in,f9cefb3b54a0423a4c502d21205f263447f82847,2010-11-06 09:44:51,,
text,in,f9cefb3b54a0423a4c502d21205f263447f82847,2010-11-02 14:17:13,,
text,in,6c7980d04ebfcb3c357e02b34ae662ee76f5db00,2010-10-13 20:48:20,,
text,in,6c7980d04ebfcb3c357e02b34ae662ee76f5db00,2010-10-13 19:12:21,,
text,out,f9cefb3b54a0423a4c502d21205f263447f82847,2011-01-21 20:48:55,,
text,out,f9cefb3b54a0423a4c502d21205f263447f82847,2011-01-14 08:44:17,,
text,out,f9cefb3b54a0423a4c502d21205f263447f82847,2011-01-11 09:07:32,,
text,out,f9cefb3b54a0423a4c502d21205f263447f82847,2011-01-09 08:31:52,,
text,out,f9cefb3b54a0423a4c502d21205f263447f82847,2011-01-05 16:52:19,,
text,out,f9cefb3b54a0423a4c502d21205f263447f82847,2011-01-04 18:34:58,,
text,out,f9cefb3b54a0423a4c502d21205f263447f82847,2010-12-21 07:28:46,,
text,out,f9cefb3b54a0423a4c502d21205f263447f82847,2010-12-21 07:25:04,,
text,out,6cd5d9c90d9dfc7a59d535cd60d588d1fa167afa,2010-11-25 17:46:54,,
text,out,f9cefb3b54a0423a4c502d21205f263447f82847,2010-11-19 08:23:28,,
text,out,f9cefb3b54a0423a4c502d21205f263447f82847,2010-11-02 14:28:52,,
text,in,8f77020da4a0c2fb8d2e272045ccd39dafdb53fb,2011-03-09 11:14:57,,
text,in,8f77020da4a0c2fb8d2e272045ccd39dafdb53fb,2011-03-09 11:11:54,,
text,out,8f77020da4a0c2fb8d2e272045ccd39dafdb53fb,2011-03-09 11:15:44,,
text,out,8f77020da4a0c2fb8d2e272045ccd39dafdb53fb,2011-03-09 11:13:19,,
text,in,c7780786051104754e9d7d401bb25d05caac63c7,2011-03-11 14:03:00,,
text,out,c7780786051104754e9d7d401bb25d05caac63c7,2011-03-11 14:03:36,,
text,in,b5437594fb68e0ab32bb11cb66dfd82c8c10602a,2011-03-12 10:52:03,,
text,in,21c22f15ddb5eeda39c09e48fe3eff086b919f4c,2011-03-16 01:15:56,,
text,in,f9cefb3b54a0423a4c502d21205f263447f82847,2011-04-04 12:11:08,,
text,out,f9cefb3b54a0423a4c502d21205f263447f82847,2011-04-04 12:47:42,,
text,in,a362ca2183421293bba8f419107adb1f0077c935,2011-05-04 10:30:42,,
text,in,6cd5d9c90d9dfc7a59d535cd60d588d1fa167afa,2011-05-20 13:56:12,,
text,in,f9cefb3b54a0423a4c502d21205f263447f82847,2011-05-21 14:04:47,,
text,in,f9cefb3b54a0423a4c502d21205f263447f82847,2011-05-21 13:49:11,,
text,in,3150f0434563cfd9779c0af8e2d6e2f7d42030f1,2011-05-21 22:08:03,,
text,in,3150f0434563cfd9779c0af8e2d6e2f7d42030f1,2011-05-21 22:04:12,,
text,in,3150f0434563cfd9779c0af8e2d6e2f7d42030f1,2011-05-21 19:30:36,,
text,in,3150f0434563cfd9779c0af8e2d6e2f7d42030f1,2011-05-21 19:17:58,,
text,out,3150f0434563cfd9779c0af8e2d6e2f7d42030f1,2011-05-21 22:10:14,,
text,out,3150f0434563cfd9779c0af8e2d6e2f7d42030f1,2011-05-21 22:06:40,,
text,out,3150f0434563cfd9779c0af8e2d6e2f7d42030f1,2011-05-21 21:37:30,,