interaction,direction,correspondent_id,datetime,call_duration,antenna_id
call,out,75f86102b36f942ba6389e20e25bc3af0cc15f7e,2010-10-05 11:45:26,,
call,out,870efb81f64c9f89e18f92e675f1092df139fe7d,2010-10-05 11:56:44,,
call,out,543fe9e225e34f584679b18f522bce4af3a896b9,2010-10-05 11:53:21,,
call,in,c5eb148d3c7087da7d71127aabbca55beac1137b,2010-10-05 14:18:49,,
call,out,ec0d055443473b5dc16a08eecf30340209b099c8,2010-10-05 15:04:33,,
call,out,e005f4c37be8bd66d209e54b0cc04083af61e4b3,2010-10-05 15:00:15,,
call,out,543fe9e225e34f584679b18f522bce4af3a896b9,2010-10-05 14:59:27,,
call,out,e005f4c37be8bd66d209e54b0cc04083af61e4b3,2010-10-05 14:57:32,,
call,out,e005f4c37be8bd66d209e54b0cc04083af61e4b3,2010-10-05 14:56:23,,
call,out,e005f4c37be8bd66d209e54b0cc04083af61e4b3,2010-10-05 14:55:29,,
call,out,e005f4c37be8bd66d209e54b0cc04083af61e4b3,2010-10-05 14:53:31,,
call,out,e005f4c37be8bd66d209e54b0cc04083af61e4b3,2010-10-05 14:52:45,,
call,out,a4af32c1e8b5ebac528d4bdeeb244f7ad54be43d,2010-10-05 14:52:25,,
call,out,c5eb148d3c7087da7d71127aabbca55beac1137b,2010-10-05 14:51:38,,
call,out,e005f4c37be8bd66d209e54b0cc04083af61e4b3,2010-10-05 16:28:45,,
call,out,e005f4c37be8bd66d209e54b0cc04083af61e4b3,2010-10-05 16:22:08,,
call,out,e005f4c37be8bd66d209e54b0cc04083af61e4b3,2010-10-05 16:20:33,,
call,out,e005f4c37be8bd66d209e54b0cc04083af61e4b3,2010-10-05 16:31:57,,
call,in,73946d92b168e996096eb3f54530774284aa0a69,2010-10-05 17:25:41,,
call,in,ec0d055443473b5dc16a08eecf30340209b099c8,2010-10-05 17:53:55,,
call,in,ec0d055443473b5dc16a08eecf30340209b099c8,2010-10-05 17:53:40,,
call,out,ec0d055443473b5dc16a08eecf30340209b099c8,2010-10-05 20:37:41,,
call,out,fa10-01-04,2010-10-05 20:52:26,,
call,in,ec0d055443473b5dc16a08eecf30340209b099c8,2010-10-06 09:33:06,,
call,out,e005f4c37be8bd66d209e54b0cc04083af61e4b3,2010-10-06 11:16:32,,
call,out,e005f4c37be8bd66d209e54b0cc04083af61e4b3,2010-10-06 11:15:29,,
call,out,e005f4c37be8bd66d209e54b0cc04083af61e4b3,2010-10-06 11:23:13,,
call,out,ec0d055443473b5dc16a08eecf30340209b099c8,2010-10-06 11:22:57,,
call,out,e005f4c37be8bd66d209e54b0cc04083af61e4b3,2010-10-06 12:02:32,,
call,out,ec0d055443473b5dc16a08eecf30340209b099c8,2010-10-06 18:45:50,,
call,in,409bf30015dd2dcb0f8cbfed67f5b8806a544afb,2010-10-06 21:07:51,,
call,out,69cafd793fe32f9e3ea635cf565a7d5a71c87f27,2010-10-06 21:18:46,,
call,out,ec0d055443473b5dc16a08eecf30340209b099c8,2010-10-06 21:17:53,,
call,out,e82836d2b4f434ec5bf25cbc49ea4811ed07fec4,2010-10-06 21:17:09,,
call,out,c5eb148d3c7087da7d71127aabbca55beac1137b,2010-10-06 21:16:28,,
call,in,2259f5bac5b2df0f0bb4bcab52e464ac68d0b234,2010-10-06 23:29:24,,
call,out,e005f4c37be8bd66d209e54b0cc04083af61e4b3,2010-10-07 13:05:01,,
call,out,fa10-01-04,2010-10-07 13:41:00,,
call,out,2259f5bac5b2df0f0bb4bcab52e464ac68d0b234,2010-10-07 14:13:53,,
call,out,e005f4c37be8bd66d209e54b0cc04083af61e4b3,2010-10-07 14:01:53,,
call,in,65ce1f584e5e231948879ded7bb37e181317d2b9,2010-10-07 14:00:40,,
call,out,2259f5bac5b2df0f0bb4bcab52e464ac68d0b234,2010-10-07 14:57:32,,
call,out,2259f5bac5b2df0f0bb4bcab52e464ac68d0b234,2010-10-07 14:55:12,,
call,out,e005f4c37be8bd66d209e54b0cc04083af61e4b3,2010-10-07 15:39:25,,
call,out,e005f4c37be8bd66d209e54b0cc04083af61e4b3,2010-10-07 15:36:48,,
call,out,e005f4c37be8bd66d209e54b0cc04083af61e4b3,2010-10-07 16:00:13,,
call,out,ec0d055443473b5dc16a08eecf30340209b099c8,2010-10-07 15:56:18,,
call,out,2259f5bac5b2df0f0bb4bcab52e464ac68d0b234,2010-10-07 15:55:23,,
call,out,7b33da835c1039e2f4ea8f0b9d2b586b1ea2e26b,2010-10-07 17:02:45,,
call,in,2259f5bac5b2df0f0bb4bcab52e464ac68d0b234,2010-10-07 17:19:52,,
call,out,97ca43383335cd75f2f9515e7021b459ae96fd66,2010-10-07 17:15:30,,
call,out,97ca43383335cd75f2f9515e7021b459ae96fd66,2010-10-07 17:14:31,,
call,out,69cafd793fe32f9e3ea635cf565a7d5a71c87f27,2010-10-07 20:10:43,,
call,out,69cafd793fe32f9e3ea635cf565a7d5a71c87f27,2010-10-07 20:09:05,,
call,out,ec0d055443473b5dc16a08eecf30340209b099c8,2010-10-07 20:07:55,,
call,out,69cafd793fe32f9e3ea635cf565a7d5a71c87f27,2010-10-07 21:17:29,,
call,out,fa10-01-04,2010-10-08 09:13:17,,
call,out,fa10-01-04,2010-10-08 09:17:48,,
call,out,543fe9e225e34f584679b18f522bce4af3a896b9,2010-10-08 10:11:28,,
call,out,e005f4c37be8bd66d209e54b0cc04083af61e4b3,2010-10-08 10:10:20,,
call,out,ec0d055443473b5dc16a08eecf30340209b099c8,2010-10-08 10:09:27,,
call,out,fa10-01-04,2010-10-08 10:46:10,,
call,in,870efb81f64c9f89e18f92e675f1092df139fe7d,2010-10-08 11:23:42,,
call,out,fa10-01-04,2010-10-08 11:22:59,,
call,in,870efb81f64c9f89e18f92e675f1092df139fe7d,2010-10-08 11:21:53,,
call,out,870efb81f64c9f89e18f92e675f1092df139fe7d,2010-10-08 11:21:12,,
call,out,30376f2d2348bc641f5ef2a22e89d8df69b9ab0b,2010-10-08 11:20:16,,
call,out,ec0d055443473b5dc16a08eecf30340209b099c8,2010-10-08 11:47:15,,
call,out,870efb81f64c9f89e18f92e675f1092df139fe7d,2010-10-08 11:50:45,,
call,out,30376f2d2348bc641f5ef2a22e89d8df69b9ab0b,2010-10-08 14:41:16,,
call,in,30376f2d2348bc641f5ef2a22e89d8df69b9ab0b,2010-10-08 15:09:17,,
call,out,69cafd793fe32f9e3ea635cf565a7d5a71c87f27,2010-10-08 18:23:18,,
call,out,7b33da835c1039e2f4ea8f0b9d2b586b1ea2e26b,2010-10-08 18:11:21,,
call,out,ec0d055443473b5dc16a08eecf30340209b099c8,2010-10-08 18:09:49,,
call,out,e005f4c37be8bd66d209e54b0cc04083af61e4b3,2010-10-09 14:44:17,,
call,out,e005f4c37be8bd66d209e54b0cc04083af61e4b3,2010-10-09 14:42:50,,
call,in,65ce1f584e5e231948879ded7bb37e181317d2b9,2010-10-09 17:08:47,,
call,in,7021dde1dbbb0b8a9cf7eb281c52b32ad81316f4,2010-10-09 18:35:42,,
call,out,6eb13d502c0261a14616c96c117713a53ecd2c60,2010-10-09 20:53:05,,
call,out,e005f4c37be8bd66d209e54b0cc04083af61e4b3,2010-10-10 10:55:15,,
call,out,e005f4c37be8bd66d209e54b0cc04083af61e4b3,2010-10-10 10:54:50,,
call,out,e005f4c37be8bd66d209e54b0cc04083af61e4b3,2010-10-10 10:54:35,,
call,out,6eb13d502c0261a14616c96c117713a53ecd2c60,2010-10-10 12:53:11,,
call,out,e005f4c37be8bd66d209e54b0cc04083af61e4b3,2010-10-10 13:05:26,,
call,out,ec0d055443473b5dc16a08eecf30340209b099c8,2010-10-10 14:19:28,,
call,in,ec0d055443473b5dc16a08eecf30340209b099c8,2010-10-10 14:41:58,,
call,out,ec0d055443473b5dc16a08eecf30340209b099c8,2010-10-10 14:39:33,,
call,out,69cafd793fe32f9e3ea635cf565a7d5a71c87f27,2010-10-10 14:38:21,,
call,in,c5eb148d3c7087da7d71127aabbca55beac1137b,2010-10-10 15:10:31,,
call,out,e005f4c37be8bd66d209e54b0cc04083af61e4b3,2010-10-10 16:36:01,,
call,out,e005f4c37be8bd66d209e54b0cc04083af61e4b3,2010-10-10 16:32:05,,
call,out,fa10-01-04,2010-10-10 16:30:59,,
call,out,69cafd793fe32f9e3ea635cf565a7d5a71c87f27,2010-10-10 16:45:43,,
call,out,e005f4c37be8bd66d209e54b0cc04083af61e4b3,2010-10-11 08:53:07,,
call,out,e005f4c37be8bd66d209e54b0cc04083af61e4b3,2010-10-11 08:52:46,,
call,out,6eb13d502c0261a14616c96c117713a53ecd2c60,2010-10-11 13:07:19,,
call,in,6eb13d502c0261a14616c96c117713a53ecd2c60,2010-10-11 13:06:30,,
call,out,e005f4c37be8bd66d209e54b0cc04083af61e4b3,2010-10-11 13:04:34,,
call,out,e005f4c37be8bd66d209e54b0cc04083af61e4b3,2010-10-11 13:04:06,,
call,out,e005f4c37be8bd66d209e54b0cc04083af61e4b3,2010-10-11 13:02:59,,
call,in,c5eb148d3c7087da7d71127aabbca55beac1137b,2010-10-11 14:29:38,,
call,out,fa10-01-04,2010-10-11 14:23:29,,
call,out,ec0d055443473b5dc16a08eecf30340209b099c8,2010-10-11 14:23:21,,
call,in,7021dde1dbbb0b8a9cf7eb281c52b32ad81316f4,2010-10-11 14:58:28,,
call,out,e005f4c37be8bd66d209e54b0cc04083af61e4b3,2010-10-11 15:16:19,,
call,out,ec0d055443473b5dc16a08eecf30340209b099c8,2010-10-11 15:16:08,,
call,out,becf35d5bb15f6152faaa0f1b39f7a680db852ab,2010-10-11 16:10:45,,
call,in,7021dde1dbbb0b8a9cf7eb281c52b32ad81316f4,2010-10-12 13:30:22,,
call,out,e005f4c37be8bd66d209e54b0cc04083af61e4b3,2010-10-12 13:28:20,,
call,out,69cafd793fe32f9e3ea635cf565a7d5a71c87f27,2010-10-12 20:01:22,,
call,out,69cafd793fe32f9e3ea635cf565a7d5a71c87f27,2010-10-12 20:21:25,,
call,out,69cafd793fe32f9e3ea635cf565a7d5a71c87f27,2010-10-12 20:20:30,,
call,out,e005f4c37be8bd66d209e54b0cc04083af61e4b3,2010-10-13 06:34:24,,
call,out,e005f4c37be8bd66d209e54b0cc04083af61e4b3,2010-10-13 10:02:46,,
call,out,d2042f9e1ce4b88b9812ce889299edfa04e2222e,2010-10-13 12:23:42,,
call,in,d2042f9e1ce4b88b9812ce889299edfa04e2222e,2010-10-13 11:50:05,,
call,in,becf35d5bb15f6152faaa0f1b39f7a680db852ab,2010-10-13 10:42:38,,
call,out,fa10-01-04,2010-10-13 14:19:58,,
call,out,becf35d5bb15f6152faaa0f1b39f7a680db852ab,2010-10-13 17:59:14,,
call,in,becf35d5bb15f6152faaa0f1b39f7a680db852ab,2010-10-13 17:57:51,,
call,in,becf35d5bb15f6152faaa0f1b39f7a680db852ab,2010-10-13 17:49:00,,
call,in,eda2b36dea45e647c7993f1e4c5fe573a05b5f2,2010-10-13 15:09:29,,
call,out,e005f4c37be8bd66d209e54b0cc04083af61e4b3,2010-10-13 15:04:07,,
call,out,7021dde1dbbb0b8a9cf7eb281c52b32ad81316f4,2010-10-13 15:04:02,,
call,out,e005f4c37be8bd66d209e54b0cc04083af61e4b3,2010-10-13 14:58:10,,
call,out,69cafd793fe32f9e3ea635cf565a7d5a71c87f27,2010-10-13 20:53:41,,
call,out,69cafd793fe32f9e3ea635cf565a7d5a71c87f27,2010-10-13 20:53:13,,
call,out,69cafd793fe32f9e3ea635cf565a7d5a71c87f27,2010-10-13 20:52:58,,
call,out,69cafd793fe32f9e3ea635cf565a7d5a71c87f27,2010-10-13 20:51:40,,
call,out,69cafd793fe32f9e3ea635cf565a7d5a71c87f27,2010-10-13 20:43:36,,
call,out,ec0d055443473b5dc16a08eecf30340209b099c8,2010-10-13 20:40:16,,
call,out,ec0d055443473b5dc16a08eecf30340209b099c8,2010-10-13 20:39:34,,
call,out,2259f5bac5b2df0f0bb4bcab52e464ac68d0b234,2010-10-13 20:39:27,,
call,out,6eb13d502c0261a14616c96c117713a53ecd2c60,2010-10-13 20:38:54,,
call,out,ec0d055443473b5dc16a08eecf30340209b099c8,2010-10-13 20:38:37,,
call,out,ec0d055443473b5dc16a08eecf30340209b099c8,2010-10-13 20:38:12,,
call,out,e005f4c37be8bd66d209e54b0cc04083af61e4b3,2010-10-13 19:17:08,,
call,out,e005f4c37be8bd66d209e54b0cc04083af61e4b3,2010-10-13 19:16:05,,
call,out,fa10-01-04,2010-10-13 18:07:06,,
call,out,ec0d055443473b5dc16a08eecf30340209b099c8,2010-10-13 18:06:47,,
call,out,50a9d50601d2366e4e902c762f610773f69a9acd,2010-10-14 14:04:15,,
call,in,50a9d50601d2366e4e902c762f610773f69a9acd,2010-10-14 14:02:50,,
call,in,65ce1f584e5e231948879ded7bb37e181317d2b9,2010-10-14 16:34:33,,
call,out,fa10-01-04,2010-10-14 16:15:33,,
call,out,e005f4c37be8bd66d209e54b0cc04083af61e4b3,2010-10-14 16:14:09,,
call,in,59a77c342667127d70cefb6e809ea951a096ba3c,2010-10-14 21:19:01,,
call,out,c11ffc2b344a1cde52a677ea0346fe8ad8c9643a,2010-10-15 09:05:39,,
call,out,e005f4c37be8bd66d209e54b0cc04083af61e4b3,2010-10-15 10:34:09,,
call,out,e005f4c37be8bd66d209e54b0cc04083af61e4b3,2010-10-15 10:24:58,,
call,out,ec0d055443473b5dc16a08eecf30340209b099c8,2010-10-15 10:24:53,,
call,out,59a77c342667127d70cefb6e809ea951a096ba3c,2010-10-15 09:57:50,,
call,out,e005f4c37be8bd66d209e54b0cc04083af61e4b3,2010-10-15 17:51:38,,
call,in,fa10-01-42,2010-10-15 17:49:51,,
call,out,e005f4c37be8bd66d209e54b0cc04083af61e4b3,2010-10-15 13:01:18,,
call,out,fa10-01-04,2010-10-15 12:11:00,,
call,out,fa10-01-04,2010-10-15 12:09:58,,
call,out,af223f1072e28b2be0ea4d5894a9331f81c8f7a5,2010-10-15 12:09:08,,
call,out,af223f1072e28b2be0ea4d5894a9331f81c8f7a5,2010-10-15 12:08:06,,
call,in,af223f1072e28b2be0ea4d5894a9331f81c8f7a5,2010-10-15 12:04:26,,
call,in,fa10-01-42,2010-10-16 11:03:16,,
call,in,65ce1f584e5e231948879ded7bb37e181317d2b9,2010-10-16 15:39:10,,
call,out,becf35d5bb15f6152faaa0f1b39f7a680db852ab,2010-10-16 18:41:25,,
call,in,becf35d5bb15f6152faaa0f1b39f7a680db852ab,2010-10-16 18:12:45,,
call,in,becf35d5bb15f6152faaa0f1b39f7a680db852ab,2010-10-16 17:43:49,,
call,in,becf35d5bb15f6152faaa0f1b39f7a680db852ab,2010-10-17 08:38:30,,
call,out,e005f4c37be8bd66d209e54b0cc04083af61e4b3,2010-10-17 08:37:37,,
call,out,e005f4c37be8bd66d209e54b0cc04083af61e4b3,2010-10-17 08:37:13,,
call,out,becf35d5bb15f6152faaa0f1b39f7a680db852ab,2010-10-17 08:36:49,,
call,out,fa10-01-04,2010-10-17 18:43:02,,
call,in,7021dde1dbbb0b8a9cf7eb281c52b32ad81316f4,2010-10-17 17:03:07,,
call,out,becf35d5bb15f6152faaa0f1b39f7a680db852ab,2010-10-17 15:43:28,,
call,in,becf35d5bb15f6152faaa0f1b39f7a680db852ab,2010-10-17 15:42:23,,
call,in,fa10-01-42,2010-10-17 14:31:10,,
call,out,fa10-01-42,2010-10-17 13:03:20,,
call,out,e005f4c37be8bd66d209e54b0cc04083af61e4b3,2010-10-17 13:02:05,,
call,out,e005f4c37be8bd66d209e54b0cc04083af61e4b3,2010-10-17 13:01:12,,
call,out,e005f4c37be8bd66d209e54b0cc04083af61e4b3,2010-10-17 13:00:04,,
call,out,e005f4c37be8bd66d209e54b0cc04083af61e4b3,2010-10-17 12:59:37,,
call,out,e005f4c37be8bd66d209e54b0cc04083af61e4b3,2010-10-18 08:24:25,,
call,out,e005f4c37be8bd66d209e54b0cc04083af61e4b3,2010-10-18 08:25:18,,
call,out,e005f4c37be8bd66d209e54b0cc04083af61e4b3,2010-10-18 08:25:11,,
call,out,e005f4c37be8bd66d209e54b0cc04083af61e4b3,2010-10-18 14:41:38,,
call,in,fa10-01-42,2010-10-18 14:31:49,,
call,in,f7c9c3eff8c51474f19a56ea17d29e9f07296737,2010-10-18 13:03:10,,
call,in,fa10-01-42,2010-10-18 16:49:31,,
call,in,7021dde1dbbb0b8a9cf7eb281c52b32ad81316f4,2010-10-19 14:36:06,,
call,in,c86d803c0defe60bec65c8aa81da7e4e922ce2fa,2010-10-19 11:25:26,,
call,in,fa10-01-42,2010-10-19 22:46:35,,
call,out,fa10-01-42,2010-10-19 22:43:22,,
call,out,ec0d055443473b5dc16a08eecf30340209b099c8,2010-10-19 22:42:36,,
call,out,ec0d055443473b5dc16a08eecf30340209b099c8,2010-10-19 22:41:08,,
call,out,ec0d055443473b5dc16a08eecf30340209b099c8,2010-10-19 22:37:10,,
call,out,ec0d055443473b5dc16a08eecf30340209b099c8,2010-10-19 22:35:43,,
call,out,ec0d055443473b5dc16a08eecf30340209b099c8,2010-10-19 22:35:33,,
call,out,af223f1072e28b2be0ea4d5894a9331f81c8f7a5,2010-10-19 22:31:32,,
call,out,becf35d5bb15f6152faaa0f1b39f7a680db852ab,2010-10-19 21:49:07,,
call,in,becf35d5bb15f6152faaa0f1b39f7a680db852ab,2010-10-19 21:48:40,,
call,in,fa10-01-42,2010-10-19 19:34:59,,
call,out,fa10-01-42,2010-10-19 18:37:28,,
call,out,fa10-01-42,2010-10-19 18:36:24,,
call,out,fa10-01-42,2010-10-20 12:51:56,,
call,out,75f86102b36f942ba6389e20e25bc3af0cc15f7e,2010-10-20 12:52:59,,
call,out,e005f4c37be8bd66d209e54b0cc04083af61e4b3,2010-10-20 12:58:30,,
call,out,e005f4c37be8bd66d209e54b0cc04083af61e4b3,2010-10-20 12:57:20,,
call,out,e005f4c37be8bd66d209e54b0cc04083af61e4b3,2010-10-20 12:56:23,,
call,out,75f86102b36f942ba6389e20e25bc3af0cc15f7e,2010-10-20 12:56:10,,
call,out,e005f4c37be8bd66d209e54b0cc04083af61e4b3,2010-10-20 15:09:37,,
call,out,e005f4c37be8bd66d209e54b0cc04083af61e4b3,2010-10-20 14:57:37,,
call,in,a65eb7d2d8dc33bb689183fe432fa9026ce0d10b,2010-10-20 19:25:28,,
call,out,fa10-01-42,2010-10-20 17:54:05,,
call,out,e005f4c37be8bd66d209e54b0cc04083af61e4b3,2010-10-20 17:53:30,,
call,out,e005f4c37be8bd66d209e54b0cc04083af61e4b3,2010-10-21 06:38:01,,
call,out,e005f4c37be8bd66d209e54b0cc04083af61e4b3,2010-10-21 06:37:41,,
call,out,e005f4c37be8bd66d209e54b0cc04083af61e4b3,2010-10-21 06:34:10,,
call,out,e005f4c37be8bd66d209e54b0cc04083af61e4b3,2010-10-21 06:32:52,,
call,out,e005f4c37be8bd66d209e54b0cc04083af61e4b3,2010-10-21 06:32:24,,
call,out,e005f4c37be8bd66d209e54b0cc04083af61e4b3,2010-10-21 06:31:52,,
call,out,fa10-01-04,2010-10-21 05:58:07,,
call,out,e005f4c37be8bd66d209e54b0cc04083af61e4b3,2010-10-21 05:57:44,,
call,out,e005f4c37be8bd66d209e54b0cc04083af61e4b3,2010-10-21 08:10:29,,
call,in,bd2c3a5cc1aa689600fe63995cf8cb837d16d36b,2010-10-21 13:52:38,,
call,in,797b6eadb815faf2171adc730e17580ddbf77bcf,2010-10-21 13:46:54,,
call,out,e005f4c37be8bd66d209e54b0cc04083af61e4b3,2010-10-21 11:20:30,,
call,out,e005f4c37be8bd66d209e54b0cc04083af61e4b3,2010-10-21 11:14:31,,
call,out,e005f4c37be8bd66d209e54b0cc04083af61e4b3,2010-10-21 11:13:55,,
call,out,fa10-01-42,2010-10-21 11:13:48,,
call,in,fa10-01-42,2010-10-21 11:09:03,,
call,out,e005f4c37be8bd66d209e54b0cc04083af61e4b3,2010-10-21 10:45:42,,
call,out,fa10-01-04,2010-10-21 10:43:06,,
call,out,fa10-01-42,2010-10-21 10:42:15,,
call,in,c5eb148d3c7087da7d71127aabbca55beac1137b,2010-10-21 10:39:37,,
call,in,fa10-01-42,2010-10-21 21:20:36,,
call,out,fa10-01-42,2010-10-21 21:20:13,,
call,out,fa10-01-42,2010-10-21 21:19:51,,
call,out,fa10-01-42,2010-10-21 21:19:21,,
call,out,e005f4c37be8bd66d209e54b0cc04083af61e4b3,2010-10-21 21:21:09,,
call,out,fa10-01-04,2010-10-21 21:29:51,,
call,in,d89db4e0286321eb1b160462c0e602f8cd32f38e,2010-10-22 12:24:09,,
call,in,eda2b36dea45e647c7993f1e4c5fe573a05b5f2,2010-10-22 14:30:07,,
call,in,fa10-01-42,2010-10-22 18:40:06,,
call,out,fa10-01-42,2010-10-22 20:54:49,,
call,in,fa10-01-42,2010-10-23 11:19:08,,
call,out,dbfeb78014dabb413f0eb4de205eac7a11cb855f,2010-10-23 11:09:21,,
call,out,dbfeb78014dabb413f0eb4de205eac7a11cb855f,2010-10-23 10:43:54,,
call,out,dbfeb78014dabb413f0eb4de205eac7a11cb855f,2010-10-23 10:41:52,,
call,out,dbfeb78014dabb413f0eb4de205eac7a11cb855f,2010-10-23 10:41:33,,
call,out,dbfeb78014dabb413f0eb4de205eac7a11cb855f,2010-10-23 10:41:17,,
call,out,dbfeb78014dabb413f0eb4de205eac7a11cb855f,2010-10-23 10:40:45,,
call,out,dbfeb78014dabb413f0eb4de205eac7a11cb855f,2010-10-23 10:40:16,,
call,out,dbfeb78014dabb413f0eb4de205eac7a11cb855f,2010-10-23 20:40:18,,
call,out,fa10-01-42,2010-10-23 20:40:00,,
call,out,2259f5bac5b2df0f0bb4bcab52e464ac68d0b234,2010-10-23 20:39:18,,
call,out,2259f5bac5b2df0f0bb4bcab52e464ac68d0b234,2010-10-23 20:38:39,,
call,in,2259f5bac5b2df0f0bb4bcab52e464ac68d0b234,2010-10-23 19:37:56,,
call,out,fa10-01-42,2010-10-23 17:59:08,,
call,out,fa10-01-42,2010-10-23 17:49:15,,
call,in,fa10-01-42,2010-10-23 17:10:12,,
call,in,fa10-01-42,2010-10-23 17:02:16,,
call,out,2259f5bac5b2df0f0bb4bcab52e464ac68d0b234,2010-10-23 16:32:07,,
call,out,fa10-01-42,2010-10-23 15:42:37,,
call,out,fa10-01-42,2010-10-23 15:39:24,,
call,out,e005f4c37be8bd66d209e54b0cc04083af61e4b3,2010-10-23 15:22:29,,
call,out,e005f4c37be8bd66d209e54b0cc04083af61e4b3,2010-10-23 15:03:38,,
call,in,7021dde1dbbb0b8a9cf7eb281c52b32ad81316f4,2010-10-23 14:45:04,,
call,out,fa10-01-42,2010-10-24 15:49:31,,
call,out,fa10-01-42,2010-10-24 15:07:18,,
call,out,fa10-01-04,2010-10-24 15:07:12,,
call,out,fa10-01-04,2010-10-24 15:07:07,,
call,out,fa10-01-04,2010-10-24 15:06:14,,
call,in,fa10-01-42,2010-10-24 14:21:26,,
call,out,fa10-01-42,2010-10-24 14:13:41,,
call,out,fa10-01-42,2010-10-24 14:12:53,,
call,out,fa10-01-42,2010-10-24 14:03:47,,
call,in,356a192b7913b04c54574d18c28d46e6395428ab,2010-10-24 13:57:55,,
call,out,fa10-01-42,2010-10-24 13:34:07,,
call,in,fe9d876cfd4757efa540070f6792976b84e14f79,2010-10-24 12:44:13,,
call,in,fa10-01-42,2010-10-24 11:27:31,,
call,out,fa10-01-42,2010-10-25 08:13:50,,
call,out,e005f4c37be8bd66d209e54b0cc04083af61e4b3,2010-10-25 10:08:49,,
call,out,e005f4c37be8bd66d209e54b0cc04083af61e4b3,2010-10-25 10:07:39,,
call,out,e005f4c37be8bd66d209e54b0cc04083af61e4b3,2010-10-25 10:07:17,,
call,out,e005f4c37be8bd66d209e54b0cc04083af61e4b3,2010-10-25 10:06:54,,
call,out,e005f4c37be8bd66d209e54b0cc04083af61e4b3,2010-10-25 10:06:00,,
call,in,356a192b7913b04c54574d18c28d46e6395428ab,2010-10-25 16:43:32,,
call,in,65ce1f584e5e231948879ded7bb37e181317d2b9,2010-10-25 13:20:31,,
call,out,e005f4c37be8bd66d209e54b0cc04083af61e4b3,2010-10-25 22:08:54,,
call,in,fa10-01-42,2010-10-26 12:08:10,,
call,in,becf35d5bb15f6152faaa0f1b39f7a680db852ab,2010-10-26 17:20:23,,
call,out,e005f4c37be8bd66d209e54b0cc04083af61e4b3,2010-10-26 16:18:40,,
call,in,c5eb148d3c7087da7d71127aabbca55beac1137b,2010-10-27 09:24:44,,
call,out,e005f4c37be8bd66d209e54b0cc04083af61e4b3,2010-10-27 09:11:09,,
call,out,e005f4c37be8bd66d209e54b0cc04083af61e4b3,2010-10-27 09:09:47,,
call,out,e005f4c37be8bd66d209e54b0cc04083af61e4b3,2010-10-27 13:53:28,,
call,in,65ce1f584e5e231948879ded7bb37e181317d2b9,2010-10-27 16:21:25,,
call,out,e005f4c37be8bd66d209e54b0cc04083af61e4b3,2010-10-27 16:52:11,,
call,out,eda2b36dea45e647c7993f1e4c5fe573a05b5f2,2010-10-28 21:11:37,,
call,out,fa10-01-42,2010-10-28 21:10:21,,
call,out,1400e8072dd54ecee31bed86bbbb797edfdcb17a,2010-10-28 14:51:40,,
call,out,fa10-01-04,2010-10-28 14:46:28,,
call,out,e005f4c37be8bd66d209e54b0cc04083af61e4b3,2010-10-30 11:36:59,,
call,out,e005f4c37be8bd66d209e54b0cc04083af61e4b3,2010-10-29 20:30:17,,
call,out,e005f4c37be8bd66d209e54b0cc04083af61e4b3,2010-10-29 20:30:10,,
call,out,e005f4c37be8bd66d209e54b0cc04083af61e4b3,2010-10-29 20:30:03,,
call,out,e005f4c37be8bd66d209e54b0cc04083af61e4b3,2010-10-29 20:29:48,,
call,out,e005f4c37be8bd66d209e54b0cc04083af61e4b3,2010-10-29 20:29:41,,
call,out,e005f4c37be8bd66d209e54b0cc04083af61e4b3,2010-10-29 20:28:57,,
call,out,e005f4c37be8bd66d209e54b0cc04083af61e4b3,2010-10-29 20:28:11,,
call,out,e005f4c37be8bd66d209e54b0cc04083af61e4b3,2010-10-29 20:27:53,,
call,out,e005f4c37be8bd66d209e54b0cc04083af61e4b3,2010-10-29 20:27:50,,
call,out,e005f4c37be8bd66d209e54b0cc04083af61e4b3,2010-10-29 20:27:41,,
call,out,e005f4c37be8bd66d209e54b0cc04083af61e4b3,2010-10-29 20:27:36,,
call,out,e005f4c37be8bd66d209e54b0cc04083af61e4b3,2010-10-29 20:27:29,,
call,out,e005f4c37be8bd66d209e54b0cc04083af61e4b3,2010-10-29 20:27:26,,
call,out,e005f4c37be8bd66d209e54b0cc04083af61e4b3,2010-10-29 20:27:20,,
call,out,e005f4c37be8bd66d209e54b0cc04083af61e4b3,2010-10-29 20:27:11,,
call,out,e005f4c37be8bd66d209e54b0cc04083af61e4b3,2010-10-29 20:27:05,,
call,out,e005f4c37be8bd66d209e54b0cc04083af61e4b3,2010-10-29 20:26:56,,
call,out,e005f4c37be8bd66d209e54b0cc04083af61e4b3,2010-10-29 20:26:44,,
call,out,e005f4c37be8bd66d209e54b0cc04083af61e4b3,2010-10-29 20:26:34,,
call,out,e005f4c37be8bd66d209e54b0cc04083af61e4b3,2010-10-29 20:20:41,,
call,out,e005f4c37be8bd66d209e54b0cc04083af61e4b3,2010-10-29 20:09:20,,
call,out,e005f4c37be8bd66d209e54b0cc04083af61e4b3,2010-10-29 13:08:36,,
call,out,e005f4c37be8bd66d209e54b0cc04083af61e4b3,2010-10-29 13:01:15,,
call,out,840efba359216dc96acbee24859958ad7a4c28f4,2010-10-30 17:58:29,,
call,out,e005f4c37be8bd66d209e54b0cc04083af61e4b3,2010-10-30 17:57:38,,
call,out,e005f4c37be8bd66d209e54b0cc04083af61e4b3,2010-10-30 14:53:47,,
call,out,e005f4c37be8bd66d209e54b0cc04083af61e4b3,2010-10-30 14:52:13,,
call,out,e005f4c37be8bd66d209e54b0cc04083af61e4b3,2010-10-30 14:50:37,,
call,in,7021dde1dbbb0b8a9cf7eb281c52b32ad81316f4,2010-10-30 13:20:48,,
call,in,eda2b36dea45e647c7993f1e4c5fe573a05b5f2,2010-10-30 12:59:09,,
call,out,e005f4c37be8bd66d209e54b0cc04083af61e4b3,2010-10-30 11:39:22,,
call,out,e005f4c37be8bd66d209e54b0cc04083af61e4b3,2010-10-30 11:38:42,,
call,in,eda2b36dea45e647c7993f1e4c5fe573a05b5f2,2010-11-01 13:02:40,,
call,in,eda2b36dea45e647c7993f1e4c5fe573a05b5f2,2010-11-01 10:19:25,,
call,out,e005f4c37be8bd66d209e54b0cc04083af61e4b3,2010-11-01 10:18:22,,
call,out,e005f4c37be8bd66d209e54b0cc04083af61e4b3,2010-11-01 10:17:38,,
call,out,e005f4c37be8bd66d209e54b0cc04083af61e4b3,2010-11-01 10:16:28,,
call,out,e005f4c37be8bd66d209e54b0cc04083af61e4b3,2010-11-01 10:15:32,,
call,out,fa10-01-42,2010-11-02 00:32:13,,
call,out,fa10-01-42,2010-11-01 23:58:24,,
call,out,fa10-01-04,2010-11-02 18:00:18,,
call,out,e005f4c37be8bd66d209e54b0cc04083af61e4b3,2010-11-02 17:59:45,,
call,out,e005f4c37be8bd66d209e54b0cc04083af61e4b3,2010-11-02 16:28:47,,
call,out,e005f4c37be8bd66d209e54b0cc04083af61e4b3,2010-11-02 16:28:06,,
call,out,fa10-01-04,2010-11-02 12:23:05,,
call,out,fa10-01-04,2010-11-02 21:22:55,,
call,out,e005f4c37be8bd66d209e54b0cc04083af61e4b3,2010-11-03 08:23:51,,
call,out,e005f4c37be8bd66d209e54b0cc04083af61e4b3,2010-11-03 12:00:39,,
call,out,d689a6c642cadf151dab1ddb4f7fa41adebc0356,2010-11-03 12:00:16,,
call,out,fa10-01-42,2010-11-04 20:04:36,,
call,out,fa10-01-42,2010-11-04 20:04:24,,
call,out,fa10-01-42,2010-11-04 19:52:59,,
call,out,fa10-01-42,2010-11-04 19:02:02,,
call,out,fa10-01-42,2010-11-04 19:01:34,,
call,out,fa10-01-42,2010-11-04 18:40:27,,
call,out,fa10-01-42,2010-11-04 18:40:03,,
call,out,e005f4c37be8bd66d209e54b0cc04083af61e4b3,2010-11-04 14:59:48,,
call,out,e005f4c37be8bd66d209e54b0cc04083af61e4b3,2010-11-05 12:28:49,,
call,out,e005f4c37be8bd66d209e54b0cc04083af61e4b3,2010-11-05 10:54:49,,
call,out,d6eaeb65c8454c923460cc075c6ef152fce429bc,2010-11-05 20:35:52,,
call,out,d6eaeb65c8454c923460cc075c6ef152fce429bc,2010-11-05 19:49:51,,
call,in,fa10-01-42,2010-11-06 17:15:09,,
call,out,fa10-01-42,2010-11-06 17:13:30,,
call,out,fa10-01-42,2010-11-06 17:12:54,,
call,out,fa10-01-42,2010-11-06 16:26:11,,
call,out,fa10-01-42,2010-11-06 16:25:53,,
call,out,d6eaeb65c8454c923460cc075c6ef152fce429bc,2010-11-06 16:25:38,,
call,out,e005f4c37be8bd66d209e54b0cc04083af61e4b3,2010-11-06 16:25:29,,
call,out,e005f4c37be8bd66d209e54b0cc04083af61e4b3,2010-11-06 15:59:11,,
call,in,c5eb148d3c7087da7d71127aabbca55beac1137b,2010-11-08 12:35:11,,
call,out,e005f4c37be8bd66d209e54b0cc04083af61e4b3,2010-11-08 12:34:22,,
call,out,fa10-01-04,2010-11-08 18:45:29,,
call,in,840efba359216dc96acbee24859958ad7a4c28f4,2010-11-09 21:53:45,,
call,out,840efba359216dc96acbee24859958ad7a4c28f4,2010-11-09 20:40:58,,
call,out,becf35d5bb15f6152faaa0f1b39f7a680db852ab,2010-11-09 18:29:37,,
call,out,fa10-01-04,2010-11-09 18:15:52,,
call,in,fa10-01-42,2010-11-09 18:12:33,,
call,out,fa10-01-42,2010-11-09 12:20:03,,
call,in,fa10-01-42,2010-11-09 12:19:40,,
call,in,fa10-01-42,2010-11-09 12:14:43,,
call,out,fa10-01-42,2010-11-10 20:24:16,,
call,in,fa10-01-42,2010-11-10 20:10:40,,
call,in,7c7f84437db502e9bf23dcf6597d6cc553ef3622,2010-11-10 20:07:38,,
call,out,e005f4c37be8bd66d209e54b0cc04083af61e4b3,2010-11-10 20:07:31,,
call,out,e005f4c37be8bd66d209e54b0cc04083af61e4b3,2010-11-10 20:07:00,,
call,out,e005f4c37be8bd66d209e54b0cc04083af61e4b3,2010-11-10 20:06:31,,
call,out,e005f4c37be8bd66d209e54b0cc04083af61e4b3,2010-11-10 20:05:27,,
call,out,840efba359216dc96acbee24859958ad7a4c28f4,2010-11-10 19:24:49,,
call,in,fa10-01-42,2010-11-10 19:19:38,,
call,out,e005f4c37be8bd66d209e54b0cc04083af61e4b3,2010-11-10 18:54:15,,
call,out,fa10-01-42,2010-11-10 16:42:55,,
call,in,fa10-01-42,2010-11-10 16:42:20,,
call,in,1e5b4ef69fd6b97c4b0b11f7341272367668fc6e,2010-11-10 15:55:26,,
call,in,1e5b4ef69fd6b97c4b0b11f7341272367668fc6e,2010-11-10 15:20:50,,
call,out,e005f4c37be8bd66d209e54b0cc04083af61e4b3,2010-11-10 15:06:44,,
call,out,e005f4c37be8bd66d209e54b0cc04083af61e4b3,2010-11-10 13:13:07,,
call,out,e005f4c37be8bd66d209e54b0cc04083af61e4b3,2010-11-10 13:11:41,,
call,out,e005f4c37be8bd66d209e54b0cc04083af61e4b3,2010-11-10 13:10:56,,
call,out,e005f4c37be8bd66d209e54b0cc04083af61e4b3,2010-11-10 10:14:31,,
call,out,e005f4c37be8bd66d209e54b0cc04083af61e4b3,2010-11-10 10:14:15,,
call,out,fa10-01-42,2010-11-11 17:58:34,,
call,out,fa10-01-42,2010-11-11 17:15:27,,
call,in,1e5b4ef69fd6b97c4b0b11f7341272367668fc6e,2010-11-11 16:39:31,,
call,in,fa10-01-42,2010-11-11 16:22:54,,
call,in,356a192b7913b04c54574d18c28d46e6395428ab,2010-11-11 15:33:49,,
call,out,e005f4c37be8bd66d209e54b0cc04083af61e4b3,2010-11-12 07:22:07,,
call,out,e005f4c37be8bd66d209e54b0cc04083af61e4b3,2010-11-12 09:44:35,,
call,out,d1161757447309946f49a74c5f7e36a9f2105ed6,2010-11-12 09:39:59,,
call,out,e005f4c37be8bd66d209e54b0cc04083af61e4b3,2010-11-12 08:03:01,,
call,out,e005f4c37be8bd66d209e54b0cc04083af61e4b3,2010-11-12 08:02:16,,
call,out,e005f4c37be8bd66d209e54b0cc04083af61e4b3,2010-11-12 10:11:04,,
call,out,e005f4c37be8bd66d209e54b0cc04083af61e4b3,2010-11-12 10:10:35,,
call,out,e005f4c37be8bd66d209e54b0cc04083af61e4b3,2010-11-12 10:09:12,,
call,out,e005f4c37be8bd66d209e54b0cc04083af61e4b3,2010-11-12 10:08:47,,
call,out,e005f4c37be8bd66d209e54b0cc04083af61e4b3,2010-11-12 12:01:05,,
call,in,356a192b7913b04c54574d18c28d46e6395428ab,2010-11-12 12:00:49,,
call,out,d1161757447309946f49a74c5f7e36a9f2105ed6,2010-11-12 11:51:16,,
call,out,fa10-01-04,2010-11-12 11:48:46,,
call,out,e005f4c37be8bd66d209e54b0cc04083af61e4b3,2010-11-12 11:23:50,,
call,out,e005f4c37be8bd66d209e54b0cc04083af61e4b3,2010-11-12 11:22:53,,
call,out,d1161757447309946f49a74c5f7e36a9f2105ed6,2010-11-12 11:20:14,,
call,out,fa10-01-42,2010-11-12 11:20:03,,
call,out,e005f4c37be8bd66d209e54b0cc04083af61e4b3,2010-11-12 10:29:58,,
call,out,e005f4c37be8bd66d209e54b0cc04083af61e4b3,2010-11-12 10:25:20,,
call,out,e005f4c37be8bd66d209e54b0cc04083af61e4b3,2010-11-12 10:24:12,,
call,out,fa10-01-42,2010-11-12 10:22:31,,
call,in,fa10-01-42,2010-11-12 10:20:07,,
call,out,fa10-01-42,2010-11-12 20:47:59,,
call,out,b9d36175a70cc90c8abf555517fb6239640ecf73,2010-11-12 20:47:43,,
call,out,fa10-01-42,2010-11-12 20:46:40,,
call,out,e005f4c37be8bd66d209e54b0cc04083af61e4b3,2010-11-12 14:13:18,,
call,out,e005f4c37be8bd66d209e54b0cc04083af61e4b3,2010-11-12 22:11:06,,
call,out,e005f4c37be8bd66d209e54b0cc04083af61e4b3,2010-11-12 22:10:33,,
call,in,1e5b4ef69fd6b97c4b0b11f7341272367668fc6e,2010-11-12 21:59:16,,
call,out,1e5b4ef69fd6b97c4b0b11f7341272367668fc6e,2010-11-12 21:52:05,,
call,out,840efba359216dc96acbee24859958ad7a4c28f4,2010-11-12 21:50:59,,
call,in,fa10-01-42,2010-11-12 21:46:48,,
call,out,fa10-01-42,2010-11-12 21:45:41,,
call,in,1e5b4ef69fd6b97c4b0b11f7341272367668fc6e,2010-11-12 21:43:56,,
call,in,1e5b4ef69fd6b97c4b0b11f7341272367668fc6e,2010-11-12 21:35:40,,
call,in,840efba359216dc96acbee24859958ad7a4c28f4,2010-11-12 21:14:00,,
call,out,840efba359216dc96acbee24859958ad7a4c28f4,2010-11-12 21:06:33,,
call,out,840efba359216dc96acbee24859958ad7a4c28f4,2010-11-13 17:52:02,,
call,in,fa10-01-42,2010-11-13 14:28:21,,
call,in,fa10-01-42,2010-11-13 14:27:15,,
call,out,f4cc24709ddf26b34c7d93a66f15d750481af1fb,2010-11-13 14:22:45,,
call,out,f4cc24709ddf26b34c7d93a66f15d750481af1fb,2010-11-13 14:20:28,,
call,out,f4cc24709ddf26b34c7d93a66f15d750481af1fb,2010-11-13 14:19:54,,
call,out,e005f4c37be8bd66d209e54b0cc04083af61e4b3,2010-11-13 14:03:29,,
call,out,e005f4c37be8bd66d209e54b0cc04083af61e4b3,2010-11-13 14:02:06,,
call,out,f4cc24709ddf26b34c7d93a66f15d750481af1fb,2010-11-13 12:51:33,,
call,in,b9d36175a70cc90c8abf555517fb6239640ecf73,2010-11-13 09:14:06,,
call,out,e005f4c37be8bd66d209e54b0cc04083af61e4b3,2010-11-14 13:41:47,,
call,out,e005f4c37be8bd66d209e54b0cc04083af61e4b3,2010-11-14 13:40:40,,
call,in,c5eb148d3c7087da7d71127aabbca55beac1137b,2010-11-14 13:06:45,,
call,out,a4b5a5c2262ec854b9e5c1096eee2c7e5fd7c73f,2010-11-15 15:19:10,,
call,out,fa10-01-42,2010-11-15 15:16:11,,
call,out,fa10-01-04,2010-11-15 15:15:36,,
call,out,a4b5a5c2262ec854b9e5c1096eee2c7e5fd7c73f,2010-11-15 15:14:46,,
call,out,e005f4c37be8bd66d209e54b0cc04083af61e4b3,2010-11-15 14:55:30,,
call,out,e005f4c37be8bd66d209e54b0cc04083af61e4b3,2010-11-15 14:40:02,,
call,out,e005f4c37be8bd66d209e54b0cc04083af61e4b3,2010-11-15 14:39:30,,
call,in,eda2b36dea45e647c7993f1e4c5fe573a05b5f2,2010-11-15 13:15:46,,
call,out,e005f4c37be8bd66d209e54b0cc04083af61e4b3,2010-11-15 11:16:19,,
call,out,fa10-01-04,2010-11-15 19:22:01,,
call,in,840efba359216dc96acbee24859958ad7a4c28f4,2010-11-15 19:19:35,,
call,out,fa10-01-42,2010-11-16 10:08:24,,
call,out,e005f4c37be8bd66d209e54b0cc04083af61e4b3,2010-11-16 09:59:51,,
call,out,ec0d055443473b5dc16a08eecf30340209b099c8,2010-11-16 09:53:31,,
call,in,fa10-01-42,2010-11-16 12:09:04,,
call,out,fa10-01-42,2010-11-16 10:54:45,,
call,out,e005f4c37be8bd66d209e54b0cc04083af61e4b3,2010-11-16 10:47:29,,
call,out,fa10-01-42,2010-11-16 20:02:20,,
call,out,840efba359216dc96acbee24859958ad7a4c28f4,2010-11-16 21:05:13,,
call,out,becf35d5bb15f6152faaa0f1b39f7a680db852ab,2010-11-16 21:04:36,,
call,in,840efba359216dc96acbee24859958ad7a4c28f4,2010-11-16 21:01:21,,
call,in,becf35d5bb15f6152faaa0f1b39f7a680db852ab,2010-11-16 21:17:40,,
call,out,2be22433bb6e2a01ad4703b87e263ac40b1f78fc,2010-11-18 07:44:38,,
call,out,fcab42b4c05a49846847ea19b4e736c750087030,2010-11-18 07:42:11,,
call,out,2604e3658cfb499cd944c6f7c6fc9e9227c39257,2010-11-18 07:36:17,,
call,out,2604e3658cfb499cd944c6f7c6fc9e9227c39257,2010-11-18 07:36:06,,
call,out,2604e3658cfb499cd944c6f7c6fc9e9227c39257,2010-11-18 07:30:41,,
call,out,2604e3658cfb499cd944c6f7c6fc9e9227c39257,2010-11-18 07:21:28,,
call,out,ff1c31f27320288279f54b570beb5d69d3b0f5ee,2010-11-18 07:16:44,,
call,out,2604e3658cfb499cd944c6f7c6fc9e9227c39257,2010-11-18 07:08:29,,
call,out,2604e3658cfb499cd944c6f7c6fc9e9227c39257,2010-11-18 07:07:22,,
call,out,f60d49e83406395897a7600c15353cb2ce1e9a86,2010-11-18 06:49:16,,
call,out,fa10-01-04,2010-11-18 06:47:51,,
call,out,fa10-01-04,2010-11-17 23:04:30,,
call,out,fa10-01-42,2010-11-17 20:43:24,,
call,out,f03451966cca9af34a93d6e9da655f01131afe08,2010-11-17 20:43:03,,
call,out,b9d36175a70cc90c8abf555517fb6239640ecf73,2010-11-18 12:28:48,,
call,out,b9d36175a70cc90c8abf555517fb6239640ecf73,2010-11-18 12:28:23,,
call,out,b9d36175a70cc90c8abf555517fb6239640ecf73,2010-11-18 12:28:02,,
call,out,b9d36175a70cc90c8abf555517fb6239640ecf73,2010-11-18 12:27:35,,
call,out,d9dff3d2dddb6f0ed498888d03bd6648be0a55a0,2010-11-18 12:23:27,,
call,out,d1161757447309946f49a74c5f7e36a9f2105ed6,2010-11-18 12:04:27,,
call,out,d9dff3d2dddb6f0ed498888d03bd6648be0a55a0,2010-11-18 12:02:19,,
call,out,fa10-01-04,2010-11-18 11:52:37,,
call,out,59a77c342667127d70cefb6e809ea951a096ba3c,2010-11-18 15:12:47,,
call,out,fa10-01-42,2010-11-18 21:20:30,,
call,out,fa10-01-42,2010-11-18 21:12:56,,
call,out,fa10-01-42,2010-11-18 21:11:33,,
call,out,fa10-01-42,2010-11-18 19:30:25,,
call,in,356a192b7913b04c54574d18c28d46e6395428ab,2010-11-18 16:15:43,,
call,in,59a77c342667127d70cefb6e809ea951a096ba3c,2010-11-18 16:13:46,,
call,out,fa10-01-04,2010-11-18 16:11:38,,
call,in,59a77c342667127d70cefb6e809ea951a096ba3c,2010-11-18 16:11:09,,
call,in,356a192b7913b04c54574d18c28d46e6395428ab,2010-11-18 16:09:22,,
call,in,7021dde1dbbb0b8a9cf7eb281c52b32ad81316f4,2010-11-19 16:17:33,,
call,in,fa10-01-42,2010-11-19 12:21:32,,
call,out,2be22433bb6e2a01ad4703b87e263ac40b1f78fc,2010-11-19 11:27:00,,
call,out,2be22433bb6e2a01ad4703b87e263ac40b1f78fc,2010-11-19 11:24:15,,
call,out,2be22433bb6e2a01ad4703b87e263ac40b1f78fc,2010-11-19 11:21:21,,
call,out,6d98cbb9b7db5218048306209fb78c14ec4c4a6b,2010-11-20 18:37:25,,
call,out,e005f4c37be8bd66d209e54b0cc04083af61e4b3,2010-11-22 16:35:07,,
call,out,e005f4c37be8bd66d209e54b0cc04083af61e4b3,2010-11-22 16:03:13,,
call,out,e005f4c37be8bd66d209e54b0cc04083af61e4b3,2010-11-22 15:55:23,,
call,out,fcab42b4c05a49846847ea19b4e736c750087030,2010-11-22 11:46:48,,
call,out,fcab42b4c05a49846847ea19b4e736c750087030,2010-11-22 11:36:04,,
call,out,e005f4c37be8bd66d209e54b0cc04083af61e4b3,2010-11-22 10:23:24,,
call,in,fa10-01-42,2010-11-22 10:21:14,,
call,out,e005f4c37be8bd66d209e54b0cc04083af61e4b3,2010-11-22 10:09:28,,
call,out,e005f4c37be8bd66d209e54b0cc04083af61e4b3,2010-11-22 10:08:14,,
call,out,e005f4c37be8bd66d209e54b0cc04083af61e4b3,2010-11-22 10:06:59,,
call,out,e005f4c37be8bd66d209e54b0cc04083af61e4b3,2010-11-22 10:06:42,,
call,out,e005f4c37be8bd66d209e54b0cc04083af61e4b3,2010-11-22 10:06:19,,
call,out,e005f4c37be8bd66d209e54b0cc04083af61e4b3,2010-11-22 10:05:46,,
call,out,e005f4c37be8bd66d209e54b0cc04083af61e4b3,2010-11-22 09:50:01,,
call,out,e005f4c37be8bd66d209e54b0cc04083af61e4b3,2010-11-22 09:49:00,,
call,out,e005f4c37be8bd66d209e54b0cc04083af61e4b3,2010-11-22 09:47:58,,
call,out,e005f4c37be8bd66d209e54b0cc04083af61e4b3,2010-11-22 09:47:33,,
call,in,fa10-01-42,2010-11-21 20:18:56,,
call,out,fa10-01-42,2010-11-21 20:09:15,,
call,out,7021dde1dbbb0b8a9cf7eb281c52b32ad81316f4,2010-11-21 20:09:08,,
call,out,e005f4c37be8bd66d209e54b0cc04083af61e4b3,2010-11-23 08:41:14,,
call,out,fa10-01-04,2010-11-23 08:40:21,,
call,in,2e31f89024602620282c0102d4f407188d1aa8bf,2010-11-27 14:09:27,,
call,out,e005f4c37be8bd66d209e54b0cc04083af61e4b3,2010-11-27 12:47:13,,
call,out,e005f4c37be8bd66d209e54b0cc04083af61e4b3,2010-11-27 12:11:18,,
call,out,e005f4c37be8bd66d209e54b0cc04083af61e4b3,2010-11-27 12:10:11,,
call,out,9bc23732b9921091d14bba0d0808d5dae1ce3f7d,2010-11-27 10:07:35,,
call,out,9bc23732b9921091d14bba0d0808d5dae1ce3f7d,2010-11-27 10:04:53,,
call,in,840efba359216dc96acbee24859958ad7a4c28f4,2010-11-26 20:12:05,,
call,out,e005f4c37be8bd66d209e54b0cc04083af61e4b3,2010-11-26 11:44:46,,
call,out,e005f4c37be8bd66d209e54b0cc04083af61e4b3,2010-11-26 11:44:23,,
call,in,eda2b36dea45e647c7993f1e4c5fe573a05b5f2,2010-11-25 17:36:22,,
call,in,b9d36175a70cc90c8abf555517fb6239640ecf73,2010-11-25 13:32:50,,
call,in,7021dde1dbbb0b8a9cf7eb281c52b32ad81316f4,2010-11-25 12:59:32,,
call,out,e005f4c37be8bd66d209e54b0cc04083af61e4b3,2010-11-25 12:39:54,,
call,out,e005f4c37be8bd66d209e54b0cc04083af61e4b3,2010-11-25 12:37:40,,
call,out,e005f4c37be8bd66d209e54b0cc04083af61e4b3,2010-11-25 12:34:17,,
call,out,b9d36175a70cc90c8abf555517fb6239640ecf73,2010-11-25 12:33:53,,
call,out,e005f4c37be8bd66d209e54b0cc04083af61e4b3,2010-11-25 12:32:46,,
call,out,e005f4c37be8bd66d209e54b0cc04083af61e4b3,2010-11-25 12:31:35,,
call,in,c5e563c8e6352e54f99c1d550f8257913928aef3,2010-11-25 10:56:36,,
call,in,fa10-01-42,2010-11-25 07:26:35,,
call,out,6e2d42630fafed703694de95b6ee860c465f75e9,2010-11-24 16:11:48,,
call,out,6e2d42630fafed703694de95b6ee860c465f75e9,2010-11-24 16:11:00,,
call,out,6e2d42630fafed703694de95b6ee860c465f75e9,2010-11-24 16:09:29,,
call,out,fa10-01-42,2010-11-24 15:19:56,,
call,out,e005f4c37be8bd66d209e54b0cc04083af61e4b3,2010-11-24 15:18:58,,
call,in,244f526c1ad2c831c822ec4904f1b4273104f412,2010-11-24 14:26:11,,
call,in,fa10-01-42,2010-11-24 14:11:25,,
call,in,fa10-01-42,2010-11-24 14:00:58,,
call,out,fa10-01-42,2010-11-24 13:52:05,,
call,out,fa10-01-42,2010-11-24 13:29:17,,
call,in,fa10-01-42,2010-11-24 13:28:41,,
call,out,e005f4c37be8bd66d209e54b0cc04083af61e4b3,2010-11-24 13:28:17,,
call,out,e005f4c37be8bd66d209e54b0cc04083af61e4b3,2010-11-24 13:26:59,,
call,out,fa10-01-42,2010-11-24 13:25:59,,
call,out,e005f4c37be8bd66d209e54b0cc04083af61e4b3,2010-11-24 08:42:17,,
call,out,e005f4c37be8bd66d209e54b0cc04083af61e4b3,2010-11-24 08:41:28,,
call,out,e005f4c37be8bd66d209e54b0cc04083af61e4b3,2010-11-24 08:39:55,,
call,out,e005f4c37be8bd66d209e54b0cc04083af61e4b3,2010-11-24 08:39:38,,
call,out,e005f4c37be8bd66d209e54b0cc04083af61e4b3,2010-11-24 08:38:42,,
call,out,4953f508fea74a0d49af169013d7fc6fcec4493b,2010-11-23 23:13:47,,
call,in,becf35d5bb15f6152faaa0f1b39f7a680db852ab,2010-11-23 16:36:11,,
call,in,fa10-01-42,2010-11-23 15:12:46,,
call,in,fa10-01-42,2010-12-04 17:19:32,,
call,out,fa10-01-42,2010-12-04 17:01:38,,
call,out,fa10-01-04,2010-12-04 14:39:24,,
call,out,fa10-01-04,2010-12-04 14:38:00,,
call,out,fa10-01-04,2010-12-04 14:36:08,,
call,in,fa10-01-42,2010-12-04 21:30:08,,
call,in,840efba359216dc96acbee24859958ad7a4c28f4,2010-12-05 20:07:23,,
call,out,e005f4c37be8bd66d209e54b0cc04083af61e4b3,2010-12-07 08:30:04,,
call,out,e005f4c37be8bd66d209e54b0cc04083af61e4b3,2010-12-07 08:29:03,,
call,out,e005f4c37be8bd66d209e54b0cc04083af61e4b3,2010-12-07 08:28:44,,
call,in,fa10-01-42,2010-12-06 16:46:53,,
call,out,fa10-01-04,2010-12-06 16:07:45,,
call,in,840efba359216dc96acbee24859958ad7a4c28f4,2010-12-06 16:02:37,,
call,out,840efba359216dc96acbee24859958ad7a4c28f4,2010-12-06 16:01:35,,
call,in,65ce1f584e5e231948879ded7bb37e181317d2b9,2010-12-06 14:12:24,,
call,out,e005f4c37be8bd66d209e54b0cc04083af61e4b3,2010-12-06 14:09:50,,
call,out,e005f4c37be8bd66d209e54b0cc04083af61e4b3,2010-12-06 13:25:35,,
call,in,2e31f89024602620282c0102d4f407188d1aa8bf,2010-12-06 13:24:45,,
call,out,e005f4c37be8bd66d209e54b0cc04083af61e4b3,2010-12-06 12:59:33,,
call,out,e005f4c37be8bd66d209e54b0cc04083af61e4b3,2010-12-06 12:58:39,,
call,out,fa10-01-42,2010-12-06 11:28:55,,
call,out,e005f4c37be8bd66d209e54b0cc04083af61e4b3,2010-12-06 11:28:28,,
call,out,e005f4c37be8bd66d209e54b0cc04083af61e4b3,2010-12-06 11:27:57,,
call,out,e005f4c37be8bd66d209e54b0cc04083af61e4b3,2010-12-07 15:52:20,,
call,out,e005f4c37be8bd66d209e54b0cc04083af61e4b3,2010-12-07 15:45:31,,
call,out,e005f4c37be8bd66d209e54b0cc04083af61e4b3,2010-12-07 15:45:10,,
call,in,7021dde1dbbb0b8a9cf7eb281c52b32ad81316f4,2010-12-07 15:37:34,,
call,in,fa10-01-42,2010-12-07 13:00:06,,
call,out,fa10-01-04,2010-12-07 10:16:29,,
call,out,abe438b2a40e5fc31d979ab8de5170203e17287,2010-12-07 10:14:19,,
call,out,e005f4c37be8bd66d209e54b0cc04083af61e4b3,2010-12-11 14:03:19,,
call,out,e005f4c37be8bd66d209e54b0cc04083af61e4b3,2010-12-11 11:34:17,,
call,out,e005f4c37be8bd66d209e54b0cc04083af61e4b3,2010-12-11 11:23:23,,
call,out,10e99c74e191ed2cf29365594337d2f53a5793a8,2010-12-11 10:56:16,,
call,out,e005f4c37be8bd66d209e54b0cc04083af61e4b3,2010-12-11 09:33:39,,
call,out,e005f4c37be8bd66d209e54b0cc04083af61e4b3,2010-12-11 09:33:19,,
call,out,e005f4c37be8bd66d209e54b0cc04083af61e4b3,2010-12-11 09:30:25,,
call,out,e005f4c37be8bd66d209e54b0cc04083af61e4b3,2010-12-11 09:18:42,,
call,out,e005f4c37be8bd66d209e54b0cc04083af61e4b3,2010-12-11 09:18:18,,
call,out,e005f4c37be8bd66d209e54b0cc04083af61e4b3,2010-12-10 17:50:12,,
call,in,dda9b150c1db6538367cbfa480bc1e2a19504c16,2010-12-10 15:41:08,,
call,in,dda9b150c1db6538367cbfa480bc1e2a19504c16,2010-12-10 15:40:35,,
call,in,840efba359216dc96acbee24859958ad7a4c28f4,2010-12-10 13:36:49,,
call,in,7021dde1dbbb0b8a9cf7eb281c52b32ad81316f4,2010-12-09 11:27:55,,
call,in,d09542716a74014a21ca4eb75d5f59d0903031bd,2010-12-08 21:17:47,,
call,in,becf35d5bb15f6152faaa0f1b39f7a680db852ab,2010-12-08 21:11:59,,
call,in,fa10-01-42,2010-12-08 14:09:30,,
call,out,e005f4c37be8bd66d209e54b0cc04083af61e4b3,2010-12-08 13:04:11,,
call,out,e005f4c37be8bd66d209e54b0cc04083af61e4b3,2010-12-08 13:03:28,,
call,out,fa10-01-04,2010-12-08 13:01:51,,
call,out,e005f4c37be8bd66d209e54b0cc04083af61e4b3,2010-12-08 13:01:18,,
call,out,68261bf16224caa0d5caebdda650c1180324a3c3,2010-12-14 15:22:26,,
call,out,68261bf16224caa0d5caebdda650c1180324a3c3,2010-12-14 15:20:07,,
call,out,fa10-01-42,2010-12-14 14:27:08,,
call,out,d84f486dffa9a99ce863736f9579e4dd4ff80069,2010-12-14 09:51:26,,
call,out,b528fc4006be27345798adfefac68caba688415,2010-12-14 08:56:58,,
call,out,fa10-01-42,2010-12-13 21:00:49,,
call,out,fe03af7d516a62c26bfe958d906c161a5cfd00b4,2010-12-13 20:59:53,,
call,in,fa10-01-42,2010-12-13 20:51:04,,
call,in,fa10-01-42,2010-12-13 20:08:05,,
call,in,fa10-01-42,2010-12-13 19:48:20,,
call,in,fa10-01-42,2010-12-13 19:47:31,,
call,in,356a192b7913b04c54574d18c28d46e6395428ab,2010-12-13 16:25:37,,
call,in,356a192b7913b04c54574d18c28d46e6395428ab,2010-12-13 16:06:28,,
call,out,e005f4c37be8bd66d209e54b0cc04083af61e4b3,2010-12-13 14:16:35,,
call,out,fa10-01-42,2010-12-13 14:03:51,,
call,out,fa10-01-42,2010-12-13 10:36:16,,
call,out,fa10-01-42,2010-12-13 10:35:54,,
call,out,fa10-01-42,2010-12-13 10:35:05,,
call,in,65ce1f584e5e231948879ded7bb37e181317d2b9,2010-12-12 14:53:13,,
call,in,840efba359216dc96acbee24859958ad7a4c28f4,2011-01-21 18:59:45,,
call,out,840efba359216dc96acbee24859958ad7a4c28f4,2011-01-21 16:50:16,,
call,out,7fe2f4b489dcf2eaf1d9919b32a8b9ec6e09aa7d,2011-01-21 16:49:53,,
call,out,7fe2f4b489dcf2eaf1d9919b32a8b9ec6e09aa7d,2011-01-21 16:49:41,,
call,in,7fe2f4b489dcf2eaf1d9919b32a8b9ec6e09aa7d,2011-01-21 13:53:24,,
call,in,840efba359216dc96acbee24859958ad7a4c28f4,2011-01-21 13:28:49,,
call,in,50ac73e61fe6495d0d106f2e96332a3e15a41d0a,2011-01-21 09:14:08,,
call,out,e005f4c37be8bd66d209e54b0cc04083af61e4b3,2011-01-21 08:52:40,,
call,out,e005f4c37be8bd66d209e54b0cc04083af61e4b3,2011-01-21 08:52:12,,
call,in,fa10-01-42,2011-01-20 22:21:29,,
call,out,fa10-01-42,2011-01-20 22:20:11,,
call,out,fa10-01-42,2011-01-20 22:19:47,,
call,out,fa10-01-42,2011-01-20 18:11:37,,
call,out,fa10-01-04,2011-01-20 18:11:05,,
call,in,fe9d876cfd4757efa540070f6792976b84e14f79,2011-01-19 19:51:21,,
call,in,b71315fb7c20aa171d3577f86b669cc5772a21a6,2011-01-19 18:11:56,,
call,out,fa10-01-42,2011-01-19 17:19:28,,
call,out,fa10-01-42,2011-01-19 17:18:12,,
call,in,fa10-01-42,2011-01-19 17:09:51,,
call,out,ab777fa9a4a4a2b621748b95b304c4f42d1a0ee0,2011-01-19 15:42:23,,
call,in,fa10-01-42,2011-01-19 12:59:08,,
call,out,50ac73e61fe6495d0d106f2e96332a3e15a41d0a,2011-01-19 11:08:45,,
call,out,50ac73e61fe6495d0d106f2e96332a3e15a41d0a,2011-01-19 11:08:35,,
call,out,50ac73e61fe6495d0d106f2e96332a3e15a41d0a,2011-01-19 09:20:27,,
call,in,fa10-01-42,2011-01-18 22:34:59,,
call,out,fa10-01-42,2011-01-22 15:03:40,,
call,in,356a192b7913b04c54574d18c28d46e6395428ab,2011-01-22 23:45:08,,
call,out,fe9d876cfd4757efa540070f6792976b84e14f79,2011-01-24 18:25:28,,
call,in,ba618acef11e4d221cb0e69861a942b23985c9a2,2011-01-23 16:35:58,,
call,out,fa10-01-42,2011-01-23 12:06:45,,
call,out,fa10-01-42,2011-01-24 19:16:09,,
call,out,aee468f7997a8d63d874b6c7c6f125bd9a53c58,2011-01-24 19:34:45,,
call,out,aee468f7997a8d63d874b6c7c6f125bd9a53c58,2011-01-24 19:34:20,,
call,out,fa10-01-42,2011-01-25 20:39:11,,
call,out,fa10-01-42,2011-01-25 20:10:53,,
call,out,5fe287660555fc961577a8f3a5c1bc3b46c735d2,2011-01-25 20:10:39,,
call,out,fe9d876cfd4757efa540070f6792976b84e14f79,2011-01-25 19:59:25,,
call,out,fe9d876cfd4757efa540070f6792976b84e14f79,2011-01-25 19:54:11,,
call,out,fe9d876cfd4757efa540070f6792976b84e14f79,2011-01-25 19:53:18,,
call,out,397cc48e5f3f238701cef5c48c56f2d682fd7b76,2011-01-25 15:41:00,,
call,out,5fe287660555fc961577a8f3a5c1bc3b46c735d2,2011-01-25 13:28:17,,
call,out,fa10-01-42,2011-01-25 13:19:44,,
call,out,fe9d876cfd4757efa540070f6792976b84e14f79,2011-01-24 21:20:14,,
call,out,3a0b8378bfb2f574e53723f70f0ff62d3da4493f,2011-01-26 11:37:12,,
call,out,3a0b8378bfb2f574e53723f70f0ff62d3da4493f,2011-01-26 11:36:23,,
call,out,3a0b8378bfb2f574e53723f70f0ff62d3da4493f,2011-01-26 11:35:20,,
call,in,65ce1f584e5e231948879ded7bb37e181317d2b9,2011-01-26 12:22:22,,
call,in,65ce1f584e5e231948879ded7bb37e181317d2b9,2011-01-26 12:19:29,,
call,in,ba618acef11e4d221cb0e69861a942b23985c9a2,2011-01-26 19:20:00,,
call,in,a1a66747a638c0e53008502ffb525d7f37e33d06,2011-01-27 10:55:34,,
call,out,fa10-01-42,2011-01-26 20:19:53,,
call,out,fa10-01-42,2011-01-26 20:09:32,,
call,out,fa10-01-42,2011-01-26 20:09:03,,
call,out,fa10-01-42,2011-01-26 19:25:27,,
call,out,fa10-01-42,2011-01-26 19:23:40,,
call,out,fa10-01-42,2011-01-27 13:59:28,,
call,in,fa10-01-42,2011-01-27 12:40:35,,
call,in,ba618acef11e4d221cb0e69861a942b23985c9a2,2011-01-28 18:33:24,,
call,out,99e466ed2e1785ad036ec798a5be02f9e8463b38,2011-01-28 18:09:49,,
call,out,de9a23cc8538e87c5677b0a129ef720ff9824caf,2011-01-28 18:02:52,,
call,out,5d0e4199323199f47c5c4a0f3655cf85466c1482,2011-01-28 17:59:26,,
call,out,75f86102b36f942ba6389e20e25bc3af0cc15f7e,2011-01-28 14:55:45,,
call,out,75f86102b36f942ba6389e20e25bc3af0cc15f7e,2011-01-28 14:54:38,,
call,out,75f86102b36f942ba6389e20e25bc3af0cc15f7e,2011-01-28 14:51:52,,
call,out,f090d309413f40a9f929db003d8c871e35079b54,2011-01-28 14:50:51,,
call,out,5e59bf76d8a3a4e901121e28d3059bdbfd9500d3,2011-01-28 14:49:37,,
call,out,fa10-01-42,2011-01-28 14:31:18,,
call,out,5e59bf76d8a3a4e901121e28d3059bdbfd9500d3,2011-01-28 14:26:18,,
call,out,5e59bf76d8a3a4e901121e28d3059bdbfd9500d3,2011-01-28 14:26:01,,
call,out,5e59bf76d8a3a4e901121e28d3059bdbfd9500d3,2011-01-28 14:25:16,,
call,in,7ac0c54d0695be68f26df44ce003f831df5bb0dd,2011-01-28 13:11:17,,
call,out,fa10-01-42,2011-01-28 12:21:17,,
call,out,3a0b8378bfb2f574e53723f70f0ff62d3da4493f,2011-01-28 12:16:50,,
call,in,356a192b7913b04c54574d18c28d46e6395428ab,2011-01-28 11:52:58,,
call,out,3a0b8378bfb2f574e53723f70f0ff62d3da4493f,2011-01-28 11:51:47,,
call,in,65ce1f584e5e231948879ded7bb37e181317d2b9,2011-01-28 11:51:11,,
call,out,3a0b8378bfb2f574e53723f70f0ff62d3da4493f,2011-01-28 11:48:06,,
call,out,3a0b8378bfb2f574e53723f70f0ff62d3da4493f,2011-01-28 11:34:24,,
call,in,356a192b7913b04c54574d18c28d46e6395428ab,2011-01-28 11:01:21,,
call,in,fa10-01-42,2011-01-28 09:45:28,,
call,in,a1a66747a638c0e53008502ffb525d7f37e33d06,2011-01-28 09:12:01,,
call,in,dbde9e2ddecdb0e6496a71f7acfeb3cb93b4a1b5,2011-01-29 08:30:42,,
call,out,3a0b8378bfb2f574e53723f70f0ff62d3da4493f,2011-01-29 13:23:06,,
call,out,3a0b8378bfb2f574e53723f70f0ff62d3da4493f,2011-01-29 13:22:16,,
call,out,fa10-01-42,2011-01-29 13:16:56,,
call,out,3a0b8378bfb2f574e53723f70f0ff62d3da4493f,2011-01-29 12:27:32,,
call,in,9449d48e029e15d55a5df7e1ed0d0484d1851db5,2011-02-18 15:10:27,,
call,out,fa10-01-04,2011-02-18 14:36:33,,
call,out,fa10-01-42,2011-02-18 14:24:37,,
call,out,3a0b8378bfb2f574e53723f70f0ff62d3da4493f,2011-02-20 03:04:57,,
call,out,3a0b8378bfb2f574e53723f70f0ff62d3da4493f,2011-02-20 03:04:39,,
call,out,3a0b8378bfb2f574e53723f70f0ff62d3da4493f,2011-02-20 03:02:57,,
call,out,fa10-01-04,2011-02-20 10:42:09,,
call,in,13b1487ab20ca5d48c0db77ccd7e25f3b29e2358,2011-02-20 09:03:45,,
call,out,fa10-01-42,2011-02-23 14:03:48,,
call,out,fa10-01-42,2011-02-23 14:02:14,,
call,in,fa10-01-42,2011-02-23 12:17:22,,
call,in,356a192b7913b04c54574d18c28d46e6395428ab,2011-02-23 08:37:18,,
call,out,8e68cb4953550180d4bace57424701157b0be1e7,2011-02-23 04:28:19,,
call,out,fa10-01-41,2011-02-23 04:27:48,,
call,out,8e68cb4953550180d4bace57424701157b0be1e7,2011-02-23 03:42:33,,
call,out,8e68cb4953550180d4bace57424701157b0be1e7,2011-02-23 03:39:30,,
call,out,d9dff3d2dddb6f0ed498888d03bd6648be0a55a0,2011-02-23 03:37:31,,
call,in,fa10-01-42,2011-02-22 09:00:14,,
call,out,fa10-01-42,2011-02-22 08:59:11,,
call,in,356a192b7913b04c54574d18c28d46e6395428ab,2011-02-22 07:43:34,,
call,out,97a90ce64e5aaa8ca8d2a1d041d052046a19319f,2011-02-21 10:31:57,,
call,in,827951cab23ea35185270f77c376e87a197f80fa,2011-02-21 07:25:58,,
call,out,3a0b8378bfb2f574e53723f70f0ff62d3da4493f,2011-02-21 05:00:14,,
call,in,13b1487ab20ca5d48c0db77ccd7e25f3b29e2358,2011-02-20 12:33:41,,
call,out,3a0b8378bfb2f574e53723f70f0ff62d3da4493f,2011-02-24 02:30:15,,
call,out,3a0b8378bfb2f574e53723f70f0ff62d3da4493f,2011-02-24 02:27:55,,
call,in,fa10-01-42,2011-02-23 14:16:55,,
call,out,3a0b8378bfb2f574e53723f70f0ff62d3da4493f,2011-02-24 02:30:15,64,
call,out,3a0b8378bfb2f574e53723f70f0ff62d3da4493f,2011-02-24 02:27:55,55,
call,in,fa10-01-42,2011-02-23 14:16:55,52,
call,out,fa10-01-42,2011-02-23 14:03:48,5,
call,out,fa10-01-42,2011-02-23 14:02:14,0,
call,in,fa10-01-42,2011-02-23 12:17:22,6,
call,in,356a192b7913b04c54574d18c28d46e6395428ab,2011-02-23 08:37:18,20,
call,out,8e68cb4953550180d4bace57424701157b0be1e7,2011-02-23 04:28:19,49,
call,out,fa10-01-41,2011-02-23 04:27:48,19,
call,out,8e68cb4953550180d4bace57424701157b0be1e7,2011-02-23 03:42:33,56,
call,out,8e68cb4953550180d4bace57424701157b0be1e7,2011-02-23 03:39:30,110,
call,out,d9dff3d2dddb6f0ed498888d03bd6648be0a55a0,2011-02-23 03:37:31,85,
call,in,fa10-01-42,2011-02-22 09:00:14,416,
call,out,fa10-01-42,2011-02-22 08:59:11,7,
call,in,356a192b7913b04c54574d18c28d46e6395428ab,2011-02-22 07:43:34,0,
call,out,97a90ce64e5aaa8ca8d2a1d041d052046a19319f,2011-02-21 10:31:57,0,
call,in,827951cab23ea35185270f77c376e87a197f80fa,2011-02-21 07:25:58,10,
call,out,3a0b8378bfb2f574e53723f70f0ff62d3da4493f,2011-02-21 05:00:14,196,
call,in,13b1487ab20ca5d48c0db77ccd7e25f3b29e2358,2011-02-20 12:33:41,6,
call,out,fa10-01-04,2011-02-20 10:42:09,23,
call,in,13b1487ab20ca5d48c0db77ccd7e25f3b29e2358,2011-02-20 09:03:45,0,
call,out,3a0b8378bfb2f574e53723f70f0ff62d3da4493f,2011-02-20 03:04:57,197,
call,out,3a0b8378bfb2f574e53723f70f0ff62d3da4493f,2011-02-20 03:04:39,5,
call,out,3a0b8378bfb2f574e53723f70f0ff62d3da4493f,2011-02-20 03:02:57,13,
call,in,9449d48e029e15d55a5df7e1ed0d0484d1851db5,2011-02-18 15:10:27,1,
call,out,fa10-01-04,2011-02-18 14:36:33,27,
call,out,fa10-01-42,2011-02-18 14:24:37,107,
call,out,3a0b8378bfb2f574e53723f70f0ff62d3da4493f,2011-01-29 13:23:06,5,
call,out,3a0b8378bfb2f574e53723f70f0ff62d3da4493f,2011-01-29 13:22:16,30,
call,out,fa10-01-42,2011-01-29 13:16:56,251,
call,out,3a0b8378bfb2f574e53723f70f0ff62d3da4493f,2011-01-29 12:27:32,0,
call,in,dbde9e2ddecdb0e6496a71f7acfeb3cb93b4a1b5,2011-01-29 08:30:42,11,
call,in,ba618acef11e4d221cb0e69861a942b23985c9a2,2011-01-28 18:33:24,17,
call,out,99e466ed2e1785ad036ec798a5be02f9e8463b38,2011-01-28 18:09:49,116,
call,out,de9a23cc8538e87c5677b0a129ef720ff9824caf,2011-01-28 18:02:52,392,
call,out,5d0e4199323199f47c5c4a0f3655cf85466c1482,2011-01-28 17:59:26,13,
call,out,75f86102b36f942ba6389e20e25bc3af0cc15f7e,2011-01-28 14:55:45,12,
call,out,75f86102b36f942ba6389e20e25bc3af0cc15f7e,2011-01-28 14:54:38,9,
call,out,75f86102b36f942ba6389e20e25bc3af0cc15f7e,2011-01-28 14:51:52,97,
call,out,f090d309413f40a9f929db003d8c871e35079b54,2011-01-28 14:50:51,39,
call,out,5e59bf76d8a3a4e901121e28d3059bdbfd9500d3,2011-01-28 14:49:37,0,
call,out,fa10-01-42,2011-01-28 14:31:18,45,
call,out,5e59bf76d8a3a4e901121e28d3059bdbfd9500d3,2011-01-28 14:26:18,280,
call,out,5e59bf76d8a3a4e901121e28d3059bdbfd9500d3,2011-01-28 14:26:01,7,
call,out,596bcdf47afc760118ea32aac2bae81da4d5c69,2011-01-28 14:25:16,16,
call,in,fa10-01-04,2011-01-28 13:11:17,2216,
call,out,fa10-01-42,2011-01-28 12:21:17,6,
call,out,3a0b8378bfb2f574e53723f70f0ff62d3da4493f,2011-01-28 12:16:50,2,
call,in,356a192b7913b04c54574d18c28d46e6395428ab,2011-01-28 11:52:58,1402,
call,out,3a0b8378bfb2f574e53723f70f0ff62d3da4493f,2011-01-28 11:51:47,27,
call,in,65ce1f584e5e231948879ded7bb37e181317d2b9,2011-01-28 11:51:11,0,
call,out,3a0b8378bfb2f574e53723f70f0ff62d3da4493f,2011-01-28 11:48:06,69,
call,out,3a0b8378bfb2f574e53723f70f0ff62d3da4493f,2011-01-28 11:34:24,789,
call,in,356a192b7913b04c54574d18c28d46e6395428ab,2011-01-28 11:01:21,956,
call,in,fa10-01-42,2011-01-28 09:45:28,51,
call,in,a1a66747a638c0e53008502ffb525d7f37e33d06,2011-01-28 09:12:01,22,
call,out,fa10-01-42,2011-01-27 13:59:28,12,
call,in,fa10-01-42,2011-01-27 12:40:35,112,
call,in,a1a66747a638c0e53008502ffb525d7f37e33d06,2011-01-27 10:55:34,7,
call,out,fa10-01-42,2011-01-26 20:19:53,0,
call,out,fa10-01-42,2011-01-26 20:09:32,4,
call,out,fa10-01-42,2011-01-26 20:09:03,0,
call,out,fa10-01-42,2011-01-26 19:25:27,14,
call,out,fa10-01-42,2011-01-26 19:23:40,0,
call,in,ba618acef11e4d221cb0e69861a942b23985c9a2,2011-01-26 19:20:00,13,
call,in,c5eb148d3c7087da7d71127aabbca55beac1137b,2011-01-26 13:31:52,1411,
call,out,3a0b8378bfb2f574e53723f70f0ff62d3da4493f,2011-01-26 12:22:54,1766,
call,in,65ce1f584e5e231948879ded7bb37e181317d2b9,2011-01-26 12:22:22,0,
call,in,65ce1f584e5e231948879ded7bb37e181317d2b9,2011-01-26 12:19:29,122,
call,out,3a0b8378bfb2f574e53723f70f0ff62d3da4493f,2011-01-26 12:05:29,392,
call,out,3a0b8378bfb2f574e53723f70f0ff62d3da4493f,2011-01-26 11:37:12,69,
call,out,3a0b8378bfb2f574e53723f70f0ff62d3da4493f,2011-01-26 11:36:23,39,
call,out,3a0b8378bfb2f574e53723f70f0ff62d3da4493f,2011-01-26 11:35:20,24,
call,out,fa10-01-42,2011-01-25 20:39:11,295,
call,out,fa10-01-42,2011-01-25 20:10:53,594,
call,out,5fe287660555fc961577a8f3a5c1bc3b46c735d2,2011-01-25 20:10:39,0,
call,out,fe9d876cfd4757efa540070f6792976b84e14f79,2011-01-25 19:59:25,1,
call,out,fe9d876cfd4757efa540070f6792976b84e14f79,2011-01-25 19:54:11,0,
call,out,fe9d876cfd4757efa540070f6792976b84e14f79,2011-01-25 19:53:18,6,
call,out,397cc48e5f3f238701cef5c48c56f2d682fd7b76,2011-01-25 15:41:00,153,
call,out,5fe287660555fc961577a8f3a5c1bc3b46c735d2,2011-01-25 13:28:17,0,
call,out,fa10-01-42,2011-01-25 13:19:44,12,
call,out,fe9d876cfd4757efa540070f6792976b84e14f79,2011-01-24 21:20:14,25,
call,out,aee468f7997a8d63d874b6c7c6f125bd9a53c58,2011-01-24 19:34:45,0,
call,out,aee468f7997a8d63d874b6c7c6f125bd9a53c58,2011-01-24 19:34:20,0,
call,out,fa10-01-42,2011-01-24 19:16:09,569,
call,out,fe9d876cfd4757efa540070f6792976b84e14f79,2011-01-24 18:25:28,0,
call,in,ba618acef11e4d221cb0e69861a942b23985c9a2,2011-01-23 16:35:58,7,
call,out,fa10-01-42,2011-01-23 12:06:45,22,
call,in,356a192b7913b04c54574d18c28d46e6395428ab,2011-01-22 23:45:08,0,
call,out,fa10-01-42,2011-01-22 15:03:40,405,
call,in,840efba359216dc96acbee24859958ad7a4c28f4,2011-01-21 18:59:45,36,
call,out,840efba359216dc96acbee24859958ad7a4c28f4,2011-01-21 16:50:16,139,
call,out,7fe2f4b489dcf2eaf1d9919b32a8b9ec6e09aa7d,2011-01-21 16:49:53,0,
call,out,7fe2f4b489dcf2eaf1d9919b32a8b9ec6e09aa7d,2011-01-21 16:49:41,0,
call,in,7fe2f4b489dcf2eaf1d9919b32a8b9ec6e09aa7d,2011-01-21 13:53:24,7,
call,in,840efba359216dc96acbee24859958ad7a4c28f4,2011-01-21 13:28:49,151,
call,in,50ac73e61fe6495d0d106f2e96332a3e15a41d0a,2011-01-21 09:14:08,42,
call,out,e005f4c37be8bd66d209e54b0cc04083af61e4b3,2011-01-21 08:52:40,1320,
call,out,e005f4c37be8bd66d209e54b0cc04083af61e4b3,2011-01-21 08:52:12,13,
call,in,fa10-01-42,2011-01-20 22:21:29,66,
call,out,fa10-01-42,2011-01-20 22:20:11,6,
call,out,fa10-01-42,2011-01-20 22:19:47,0,
call,out,fa10-01-42,2011-01-20 18:11:37,0,
call,out,fa10-01-04,2011-01-20 18:11:05,43,
call,in,fe9d876cfd4757efa540070f6792976b84e14f79,2011-01-19 19:51:21,0,
call,in,b71315fb7c20aa171d3577f86b669cc5772a21a6,2011-01-19 18:11:56,42,
call,out,fa10-01-42,2011-01-19 17:19:28,730,
call,out,fa10-01-42,2011-01-19 17:18:12,0,
call,in,fa10-01-42,2011-01-19 17:09:51,5,
call,out,ab777fa9a4a4a2b621748b95b304c4f42d1a0ee0,2011-01-19 15:42:23,74,
call,in,fa10-01-42,2011-01-19 12:59:08,273,
call,out,50ac73e61fe6495d0d106f2e96332a3e15a41d0a,2011-01-19 11:08:45,0,
call,out,50ac73e61fe6495d0d106f2e96332a3e15a41d0a,2011-01-19 11:08:35,0,
call,out,50ac73e61fe6495d0d106f2e96332a3e15a41d0a,2011-01-19 09:20:27,124,
call,in,fa10-01-42,2011-01-18 22:34:59,261,
call,out,68261bf16224caa0d5caebdda650c1180324a3c3,2010-12-14 15:22:26,85,
call,out,68261bf16224caa0d5caebdda650c1180324a3c3,2010-12-14 15:20:07,39,
call,out,fa10-01-42,2010-12-14 14:27:08,10,
call,out,d84f486dffa9a99ce863736f9579e4dd4ff80069,2010-12-14 09:51:26,212,
call,out,b528fc4006be27345798adfefac68caba688415,2010-12-14 08:56:58,3,
call,out,fa10-01-42,2010-12-13 21:00:49,25,
call,out,fe03af7d516a62c26bfe958d906c161a5cfd00b4,2010-12-13 20:59:53,37,
call,in,fa10-01-42,2010-12-13 20:51:04,45,
call,in,fa10-01-42,2010-12-13 20:08:05,34,
call,in,fa10-01-42,2010-12-13 19:48:20,62,
call,in,fa10-01-42,2010-12-13 19:47:31,19,
call,in,356a192b7913b04c54574d18c28d46e6395428ab,2010-12-13 16:25:37,1442,
call,in,356a192b7913b04c54574d18c28d46e6395428ab,2010-12-13 16:06:28,1124,
call,out,e005f4c37be8bd66d209e54b0cc04083af61e4b3,2010-12-13 14:16:35,34,
call,out,fa10-01-42,2010-12-13 14:03:51,44,
call,out,fa10-01-42,2010-12-13 10:36:16,62,
call,out,fa10-01-42,2010-12-13 10:35:54,11,
call,out,fa10-01-42,2010-12-13 10:35:05,5,
call,in,65ce1f584e5e231948879ded7bb37e181317d2b9,2010-12-12 14:53:13,373,
call,out,e005f4c37be8bd66d209e54b0cc04083af61e4b3,2010-12-12 13:27:10,17,
call,out,e005f4c37be8bd66d209e54b0cc04083af61e4b3,2010-12-12 13:26:46,15,
call,out,e005f4c37be8bd66d209e54b0cc04083af61e4b3,2010-12-12 13:26:08,28,
call,out,e005f4c37be8bd66d209e54b0cc04083af61e4b3,2010-12-12 13:25:19,37,
call,out,e005f4c37be8bd66d209e54b0cc04083af61e4b3,2010-12-11 14:03:19,50,
call,out,e005f4c37be8bd66d209e54b0cc04083af61e4b3,2010-12-11 11:34:17,673,
call,out,e005f4c37be8bd66d209e54b0cc04083af61e4b3,2010-12-11 11:23:23,0,
call,out,10e99c74e191ed2cf29365594337d2f53a5793a8,2010-12-11 10:56:16,76,
call,out,e005f4c37be8bd66d209e54b0cc04083af61e4b3,2010-12-11 09:33:39,50,
call,out,e005f4c37be8bd66d209e54b0cc04083af61e4b3,2010-12-11 09:33:19,10,
call,out,e005f4c37be8bd66d209e54b0cc04083af61e4b3,2010-12-11 09:30:25,42,
call,out,e005f4c37be8bd66d209e54b0cc04083af61e4b3,2010-12-11 09:18:42,14,
call,out,e005f4c37be8bd66d209e54b0cc04083af61e4b3,2010-12-11 09:18:18,15,
call,out,e005f4c37be8bd66d209e54b0cc04083af61e4b3,2010-12-10 17:50:12,69,
call,in,dda9b150c1db6538367cbfa480bc1e2a19504c16,2010-12-10 15:41:08,248,
call,in,dda9b150c1db6538367cbfa480bc1e2a19504c16,2010-12-10 15:40:35,1,
call,in,840efba359216dc96acbee24859958ad7a4c28f4,2010-12-10 13:36:49,139,
call,in,7021dde1dbbb0b8a9cf7eb281c52b32ad81316f4,2010-12-09 11:27:55,879,
call,in,d09542716a74014a21ca4eb75d5f59d0903031bd,2010-12-08 21:17:47,77,
call,in,becf35d5bb15f6152faaa0f1b39f7a680db852ab,2010-12-08 21:11:59,487,
call,in,fa10-01-42,2010-12-08 14:09:30,15,
call,out,e005f4c37be8bd66d209e54b0cc04083af61e4b3,2010-12-08 13:04:11,38,
call,out,e005f4c37be8bd66d209e54b0cc04083af61e4b3,2010-12-08 13:03:28,13,
call,out,fa10-01-04,2010-12-08 13:01:51,81,
call,out,e005f4c37be8bd66d209e54b0cc04083af61e4b3,2010-12-08 13:01:18,19,
call,out,e005f4c37be8bd66d209e54b0cc04083af61e4b3,2010-12-07 15:52:20,59,
call,out,e005f4c37be8bd66d209e54b0cc04083af61e4b3,2010-12-07 15:45:31,52,
call,out,e005f4c37be8bd66d209e54b0cc04083af61e4b3,2010-12-07 15:45:10,53,
call,in,7021dde1dbbb0b8a9cf7eb281c52b32ad81316f4,2010-12-07 15:37:34,6,
call,in,fa10-01-42,2010-12-07 13:00:06,31,
call,out,fa10-01-04,2010-12-07 10:16:29,51,
call,out,abe438b2a40e5fc31d979ab8de5170203e17287,2010-12-07 10:14:19,1274,
call,out,e005f4c37be8bd66d209e54b0cc04083af61e4b3,2010-12-07 08:30:04,51,
call,out,e005f4c37be8bd66d209e54b0cc04083af61e4b3,2010-12-07 08:29:03,44,
call,out,e005f4c37be8bd66d209e54b0cc04083af61e4b3,2010-12-07 08:28:44,7,
call,in,fa10-01-42,2010-12-06 16:46:53,135,
call,out,fa10-01-04,2010-12-06 16:07:45,65,
call,in,840efba359216dc96acbee24859958ad7a4c28f4,2010-12-06 16:02:37,40,
call,out,840efba359216dc96acbee24859958ad7a4c28f4,2010-12-06 16:01:35,12,
call,in,65ce1f584e5e231948879ded7bb37e181317d2b9,2010-12-06 14:12:24,171,
call,out,e005f4c37be8bd66d209e54b0cc04083af61e4b3,2010-12-06 14:09:50,60,
call,out,e005f4c37be8bd66d209e54b0cc04083af61e4b3,2010-12-06 13:25:35,2485,
call,in,2e31f89024602620282c0102d4f407188d1aa8bf,2010-12-06 13:24:45,14,
call,out,e005f4c37be8bd66d209e54b0cc04083af61e4b3,2010-12-06 12:59:33,97,
call,out,e005f4c37be8bd66d209e54b0cc04083af61e4b3,2010-12-06 12:58:39,42,
call,out,fa10-01-42,2010-12-06 11:28:55,13,
call,out,e005f4c37be8bd66d209e54b0cc04083af61e4b3,2010-12-06 11:28:28,13,
call,out,e005f4c37be8bd66d209e54b0cc04083af61e4b3,2010-12-06 11:27:57,14,
call,in,59a77c342667127d70cefb6e809ea951a096ba3c,2010-12-05 20:31:32,543,
call,in,840efba359216dc96acbee24859958ad7a4c28f4,2010-12-05 20:07:23,377,
call,in,fa10-01-42,2010-12-04 21:30:08,14,
call,in,fa10-01-42,2010-12-04 17:19:32,485,
call,out,fa10-01-42,2010-12-04 17:01:38,0,
call,out,fa10-01-04,2010-12-04 14:39:24,166,
call,out,fa10-01-04,2010-12-04 14:38:00,0,
call,out,fa10-01-04,2010-12-04 14:36:08,93,
call,in,2e31f89024602620282c0102d4f407188d1aa8bf,2010-11-27 14:09:27,0,
call,out,e005f4c37be8bd66d209e54b0cc04083af61e4b3,2010-11-27 12:47:13,0,
call,out,e005f4c37be8bd66d209e54b0cc04083af61e4b3,2010-11-27 12:11:18,44,
call,out,e005f4c37be8bd66d209e54b0cc04083af61e4b3,2010-11-27 12:10:11,51,
call,out,9bc23732b9921091d14bba0d0808d5dae1ce3f7d,2010-11-27 10:07:35,21,
call,out,9bc23732b9921091d14bba0d0808d5dae1ce3f7d,2010-11-27 10:04:53,64,
call,in,840efba359216dc96acbee24859958ad7a4c28f4,2010-11-26 20:12:05,59,
call,out,e005f4c37be8bd66d209e54b0cc04083af61e4b3,2010-11-26 11:44:46,18,
call,out,e005f4c37be8bd66d209e54b0cc04083af61e4b3,2010-11-26 11:44:23,10,
call,in,eda2b36dea45e647c7993f1e4c5fe573a05b5f2,2010-11-25 17:36:22,35,
call,in,b9d36175a70cc90c8abf555517fb6239640ecf73,2010-11-25 13:32:50,2526,
call,in,7021dde1dbbb0b8a9cf7eb281c52b32ad81316f4,2010-11-25 12:59:32,1390,
call,out,e005f4c37be8bd66d209e54b0cc04083af61e4b3,2010-11-25 12:39:54,37,
call,out,e005f4c37be8bd66d209e54b0cc04083af61e4b3,2010-11-25 12:37:40,43,
call,out,e005f4c37be8bd66d209e54b0cc04083af61e4b3,2010-11-25 12:34:17,46,
call,out,b9d36175a70cc90c8abf555517fb6239640ecf73,2010-11-25 12:33:53,0,
call,out,e005f4c37be8bd66d209e54b0cc04083af61e4b3,2010-11-25 12:32:46,45,
call,out,e005f4c37be8bd66d209e54b0cc04083af61e4b3,2010-11-25 12:31:35,56,
call,in,c5e563c8e6352e54f99c1d550f8257913928aef3,2010-11-25 10:56:36,822,
call,in,fa10-01-42,2010-11-25 07:26:35,23,
call,out,6e2d42630fafed703694de95b6ee860c465f75e9,2010-11-24 16:11:48,317,
call,out,6e2d42630fafed703694de95b6ee860c465f75e9,2010-11-24 16:11:00,39,
call,out,6e2d42630fafed703694de95b6ee860c465f75e9,2010-11-24 16:09:29,30,
call,out,fa10-01-42,2010-11-24 15:19:56,0,
call,out,e005f4c37be8bd66d209e54b0cc04083af61e4b3,2010-11-24 15:18:58,47,
call,in,244f526c1ad2c831c822ec4904f1b4273104f412,2010-11-24 14:26:11,1614,
call,in,fa10-01-42,2010-11-24 14:11:25,14,
call,in,fa10-01-42,2010-11-24 14:00:58,23,
call,out,fa10-01-42,2010-11-24 13:52:05,3,
call,out,fa10-01-42,2010-11-24 13:29:17,60,
call,in,fa10-01-42,2010-11-24 13:28:41,0,
call,out,e005f4c37be8bd66d209e54b0cc04083af61e4b3,2010-11-24 13:28:17,45,
call,out,e005f4c37be8bd66d209e54b0cc04083af61e4b3,2010-11-24 13:26:59,48,
call,out,fa10-01-42,2010-11-24 13:25:59,8,
call,out,e005f4c37be8bd66d209e54b0cc04083af61e4b3,2010-11-24 08:42:17,14,
call,out,e005f4c37be8bd66d209e54b0cc04083af61e4b3,2010-11-24 08:41:28,14,
call,out,e005f4c37be8bd66d209e54b0cc04083af61e4b3,2010-11-24 08:39:55,37,
call,out,e005f4c37be8bd66d209e54b0cc04083af61e4b3,2010-11-24 08:39:38,7,
call,out,e005f4c37be8bd66d209e54b0cc04083af61e4b3,2010-11-24 08:38:42,46,
call,out,4953f508fea74a0d49af169013d7fc6fcec4493b,2010-11-23 23:13:47,127,
call,in,becf35d5bb15f6152faaa0f1b39f7a680db852ab,2010-11-23 16:36:11,382,
call,in,fa10-01-42,2010-11-23 15:12:46,18,
call,out,e005f4c37be8bd66d209e54b0cc04083af61e4b3,2010-11-23 08:42:37,1789,
call,out,e005f4c37be8bd66d209e54b0cc04083af61e4b3,2010-11-23 08:41:14,25,
call,out,fa10-01-04,2010-11-23 08:40:21,0,
call,out,e005f4c37be8bd66d209e54b0cc04083af61e4b3,2010-11-22 16:35:07,55,
call,out,e005f4c37be8bd66d209e54b0cc04083af61e4b3,2010-11-22 16:03:13,51,
call,out,e005f4c37be8bd66d209e54b0cc04083af61e4b3,2010-11-22 15:55:23,360,
call,out,fcab42b4c05a49846847ea19b4e736c750087030,2010-11-22 11:46:48,4,
call,out,fcab42b4c05a49846847ea19b4e736c750087030,2010-11-22 11:36:04,240,
call,out,e005f4c37be8bd66d209e54b0cc04083af61e4b3,2010-11-22 10:23:24,54,
call,in,fa10-01-42,2010-11-22 10:21:14,106,
call,out,e005f4c37be8bd66d209e54b0cc04083af61e4b3,2010-11-22 10:09:28,55,
call,out,e005f4c37be8bd66d209e54b0cc04083af61e4b3,2010-11-22 10:08:14,53,
call,out,e005f4c37be8bd66d209e54b0cc04083af61e4b3,2010-11-22 10:06:59,58,
call,out,e005f4c37be8bd66d209e54b0cc04083af61e4b3,2010-11-22 10:06:42,7,
call,out,e005f4c37be8bd66d209e54b0cc04083af61e4b3,2010-11-22 10:06:19,7,
call,out,e005f4c37be8bd66d209e54b0cc04083af61e4b3,2010-11-22 10:05:46,18,
call,out,e005f4c37be8bd66d209e54b0cc04083af61e4b3,2010-11-22 09:50:01,930,
call,out,e005f4c37be8bd66d209e54b0cc04083af61e4b3,2010-11-22 09:49:00,47,
call,out,e005f4c37be8bd66d209e54b0cc04083af61e4b3,2010-11-22 09:47:58,48,
call,out,e005f4c37be8bd66d209e54b0cc04083af61e4b3,2010-11-22 09:47:33,12,
call,in,fa10-01-42,2010-11-21 20:18:56,26,
call,out,fa10-01-42,2010-11-21 20:09:15,506,
call,out,7021dde1dbbb0b8a9cf7eb281c52b32ad81316f4,2010-11-21 20:09:08,0,
call,out,6d98cbb9b7db5218048306209fb78c14ec4c4a6b,2010-11-20 18:37:25,0,
call,out,fa10-01-42,2010-11-20 18:27:21,461,
call,in,7021dde1dbbb0b8a9cf7eb281c52b32ad81316f4,2010-11-19 16:17:33,75,
call,in,fa10-01-42,2010-11-19 12:21:32,167,
call,out,2be22433bb6e2a01ad4703b87e263ac40b1f78fc,2010-11-19 11:27:00,110,
call,out,2be22433bb6e2a01ad4703b87e263ac40b1f78fc,2010-11-19 11:24:15,35,
call,out,2be22433bb6e2a01ad4703b87e263ac40b1f78fc,2010-11-19 11:21:21,145,
call,out,fa10-01-42,2010-11-18 21:20:30,402,
call,out,fa10-01-42,2010-11-18 21:12:56,402,
call,out,fa10-01-42,2010-11-18 21:11:33,8,
call,out,fa10-01-42,2010-11-18 19:30:25,0,
call,in,356a192b7913b04c54574d18c28d46e6395428ab,2010-11-18 16:15:43,1298,
call,in,59a77c342667127d70cefb6e809ea951a096ba3c,2010-11-18 16:13:46,12,
call,out,fa10-01-04,2010-11-18 16:11:38,20,
call,in,59a77c342667127d70cefb6e809ea951a096ba3c,2010-11-18 16:11:09,0,
call,in,356a192b7913b04c54574d18c28d46e6395428ab,2010-11-18 16:09:22,0,
call,in,59a77c342667127d70cefb6e809ea951a096ba3c,2010-11-18 15:47:52,78,
call,out,59a77c342667127d70cefb6e809ea951a096ba3c,2010-11-18 15:12:47,36,
call,out,b9d36175a70cc90c8abf555517fb6239640ecf73,2010-11-18 12:28:48,30,
call,out,b9d36175a70cc90c8abf555517fb6239640ecf73,2010-11-18 12:28:23,0,
call,out,b9d36175a70cc90c8abf555517fb6239640ecf73,2010-11-18 12:28:02,0,
call,out,b9d36175a70cc90c8abf555517fb6239640ecf73,2010-11-18 12:27:35,0,
call,out,d9dff3d2dddb6f0ed498888d03bd6648be0a55a0,2010-11-18 12:23:27,0,
call,out,d1161757447309946f49a74c5f7e36a9f2105ed6,2010-11-18 12:04:27,340,
call,out,d9dff3d2dddb6f0ed498888d03bd6648be0a55a0,2010-11-18 12:02:19,61,
call,out,fa10-01-04,2010-11-18 11:52:37,137,
call,out,2be22433bb6e2a01ad4703b87e263ac40b1f78fc,2010-11-18 07:44:38,101,
call,out,fcab42b4c05a49846847ea19b4e736c750087030,2010-11-18 07:42:11,73,
call,out,2604e3658cfb499cd944c6f7c6fc9e9227c39257,2010-11-18 07:36:17,66,
call,out,2604e3658cfb499cd944c6f7c6fc9e9227c39257,2010-11-18 07:36:06,0,
call,out,2604e3658cfb499cd944c6f7c6fc9e9227c39257,2010-11-18 07:30:41,108,
call,out,2604e3658cfb499cd944c6f7c6fc9e9227c39257,2010-11-18 07:21:28,54,
call,out,ff1c31f27320288279f54b570beb5d69d3b0f5ee,2010-11-18 07:16:44,65,
call,out,2604e3658cfb499cd944c6f7c6fc9e9227c39257,2010-11-18 07:08:29,6,
call,out,2604e3658cfb499cd944c6f7c6fc9e9227c39257,2010-11-18 07:07:22,0,
call,out,f60d49e83406395897a7600c15353cb2ce1e9a86,2010-11-18 06:49:16,0,
call,out,fa10-01-04,2010-11-18 06:47:51,25,
call,out,fa10-01-04,2010-11-17 23:04:30,53,
call,out,fa10-01-42,2010-11-17 20:43:24,402,
call,out,f03451966cca9af34a93d6e9da655f01131afe08,2010-11-17 20:43:03,0,
call,out,3a0b8378bfb2f574e53723f70f0ff62d3da4493f,2011-02-24 04:57:41,0,
call,out,3a0b8378bfb2f574e53723f70f0ff62d3da4493f,2011-02-24 08:37:23,242,
call,out,3a0b8378bfb2f574e53723f70f0ff62d3da4493f,2011-02-24 08:37:00,6,
call,out,3a0b8378bfb2f574e53723f70f0ff62d3da4493f,2011-02-24 08:36:36,0,
call,out,95dc9aa2c7e86bc9f5319ea43fbb840d4e96f59,2011-02-25 05:18:21,187,
call,out,fa10-01-42,2011-02-25 05:45:34,0,
call,out,fa10-01-42,2011-02-25 12:39:10,61,
call,out,fa10-01-42,2011-02-26 09:07:57,6,
call,out,3a0b8378bfb2f574e53723f70f0ff62d3da4493f,2011-02-27 06:26:57,29,
call,out,2259f5bac5b2df0f0bb4bcab52e464ac68d0b234,2011-02-27 07:35:00,21,
call,out,2259f5bac5b2df0f0bb4bcab52e464ac68d0b234,2011-02-27 07:34:13,17,
call,out,2259f5bac5b2df0f0bb4bcab52e464ac68d0b234,2011-02-27 07:51:01,14,
call,out,2259f5bac5b2df0f0bb4bcab52e464ac68d0b234,2011-02-27 07:50:29,0,
call,out,2259f5bac5b2df0f0bb4bcab52e464ac68d0b234,2011-02-27 07:50:18,0,
call,in,2259f5bac5b2df0f0bb4bcab52e464ac68d0b234,2011-02-27 10:18:57,161,
call,out,2259f5bac5b2df0f0bb4bcab52e464ac68d0b234,2011-02-27 19:36:46,0,
call,out,2259f5bac5b2df0f0bb4bcab52e464ac68d0b234,2011-02-27 19:36:03,22,
call,in,2259f5bac5b2df0f0bb4bcab52e464ac68d0b234,2011-02-28 07:57:40,46,
call,out,f419a27a934b724d64e598a37991970662a8bb3c,2011-03-01 08:27:10,396,
call,out,2259f5bac5b2df0f0bb4bcab52e464ac68d0b234,2011-03-01 08:26:39,0,
call,out,3a0b8378bfb2f574e53723f70f0ff62d3da4493f,2011-03-02 03:59:43,59,
call,out,3a0b8378bfb2f574e53723f70f0ff62d3da4493f,2011-03-02 03:58:10,53,
call,out,3a0b8378bfb2f574e53723f70f0ff62d3da4493f,2011-03-02 03:57:02,53,
call,out,3a0b8378bfb2f574e53723f70f0ff62d3da4493f,2011-03-02 03:56:43,4,
call,out,f419a27a934b724d64e598a37991970662a8bb3c,2011-03-02 03:47:41,171,
call,out,f419a27a934b724d64e598a37991970662a8bb3c,2011-03-02 03:47:24,0,
call,out,f419a27a934b724d64e598a37991970662a8bb3c,2011-03-02 04:32:07,26,
call,out,fa10-01-42,2011-03-02 05:23:14,35,
call,out,7c65eac1c171164a0cca1508f59052caeb8295e6,2011-03-02 05:08:27,867,
call,out,fa10-01-42,2011-03-02 04:55:03,29,
call,out,fa10-01-42,2011-03-02 04:52:29,92,
call,out,f419a27a934b724d64e598a37991970662a8bb3c,2011-03-02 04:48:18,210,
call,out,f419a27a934b724d64e598a37991970662a8bb3c,2011-03-02 04:47:51,16,
call,out,f419a27a934b724d64e598a37991970662a8bb3c,2011-03-02 04:47:26,4,
call,out,7c65eac1c171164a0cca1508f59052caeb8295e6,2011-03-02 05:33:02,134,
call,out,7c65eac1c171164a0cca1508f59052caeb8295e6,2011-03-02 05:29:46,139,
call,in,73dda62445d7c94a5f5c074754abe00155db1ba4,2011-03-02 08:57:10,8,
call,out,30376f2d2348bc641f5ef2a22e89d8df69b9ab0b,2011-03-02 12:38:29,0,
call,out,fa10-01-42,2011-03-02 16:58:24,99,
call,in,fa10-01-42,2011-03-04 06:21:23,26,
call,out,f419a27a934b724d64e598a37991970662a8bb3c,2011-03-05 04:19:15,0,
call,out,f419a27a934b724d64e598a37991970662a8bb3c,2011-03-05 04:18:00,18,
call,out,f8357945bc1c95268489df6de957b12d2fcc1c10,2011-03-05 04:39:42,206,
call,out,fc3e9d607711f0d3252a99af59c92f7fba2169f1,2011-03-05 04:32:05,433,
call,in,2259f5bac5b2df0f0bb4bcab52e464ac68d0b234,2011-03-05 04:30:43,41,
call,out,2259f5bac5b2df0f0bb4bcab52e464ac68d0b234,2011-03-05 04:25:49,2,
call,out,7c65eac1c171164a0cca1508f59052caeb8295e6,2011-03-05 04:25:31,0,
call,out,fa10-01-42,2011-03-05 04:24:41,0,
call,out,3a0b8378bfb2f574e53723f70f0ff62d3da4493f,2011-03-05 04:24:15,0,
call,out,3a0b8378bfb2f574e53723f70f0ff62d3da4493f,2011-03-05 04:22:23,0,
call,out,3a0b8378bfb2f574e53723f70f0ff62d3da4493f,2011-03-05 04:21:38,0,
call,out,2259f5bac5b2df0f0bb4bcab52e464ac68d0b234,2011-03-05 04:20:24,1,
call,out,1642cde30de2ad5e19ced663f3c272f51dabf959,2011-03-05 04:56:55,475,
call,out,2259f5bac5b2df0f0bb4bcab52e464ac68d0b234,2011-03-05 04:52:03,227,
call,in,2259f5bac5b2df0f0bb4bcab52e464ac68d0b234,2011-03-05 04:50:30,70,
call,out,1642cde30de2ad5e19ced663f3c272f51dabf959,2011-03-05 04:49:43,66,
call,out,3a0b8378bfb2f574e53723f70f0ff62d3da4493f,2011-03-05 05:54:44,0,
call,out,3a0b8378bfb2f574e53723f70f0ff62d3da4493f,2011-03-05 05:54:00,0,
call,out,fa10-01-42,2011-03-05 05:53:46,0,
call,in,7021dde1dbbb0b8a9cf7eb281c52b32ad81316f4,2011-03-05 05:17:12,2044,
call,out,3a0b8378bfb2f574e53723f70f0ff62d3da4493f,2011-03-05 05:09:46,234,
call,out,3a0b8378bfb2f574e53723f70f0ff62d3da4493f,2011-03-05 05:09:26,0,
call,out,3a0b8378bfb2f574e53723f70f0ff62d3da4493f,2011-03-05 05:09:11,0,
call,out,3a0b8378bfb2f574e53723f70f0ff62d3da4493f,2011-03-05 05:08:56,0,
call,out,3a0b8378bfb2f574e53723f70f0ff62d3da4493f,2011-03-05 06:14:13,2719,
call,out,fa10-01-42,2011-03-05 06:11:51,0,
call,out,fa10-01-42,2011-03-05 07:57:42,6,
call,out,8e70aab03a4f1e78026659db9a06a1e8636aa42c,2011-03-05 09:02:52,62,
call,out,3a0b8378bfb2f574e53723f70f0ff62d3da4493f,2011-03-06 04:27:23,71,
call,out,840efba359216dc96acbee24859958ad7a4c28f4,2011-03-06 07:33:02,159,
call,out,397cc48e5f3f238701cef5c48c56f2d682fd7b76,2011-03-06 08:32:43,25,
call,out,3a0b8378bfb2f574e53723f70f0ff62d3da4493f,2011-03-07 05:02:33,38,
call,out,3a0b8378bfb2f574e53723f70f0ff62d3da4493f,2011-03-07 05:30:28,21,
call,out,fa10-01-42,2011-03-09 11:20:53,17,
call,out,fa10-01-42,2011-03-09 11:33:54,6,
call,out,fa10-01-42,2011-03-09 11:29:59,198,
call,in,fa10-01-42,2011-03-09 14:44:54,75,
call,out,7c65eac1c171164a0cca1508f59052caeb8295e6,2011-03-10 02:09:41,710,
call,out,3a0b8378bfb2f574e53723f70f0ff62d3da4493f,2011-03-10 02:08:54,0,
call,in,886cef00ad584061f9dcbf8e7fda441c71ef505d,2011-03-10 03:46:09,12,
call,out,7c65eac1c171164a0cca1508f59052caeb8295e6,2011-03-10 03:59:04,34,
call,out,7c65eac1c171164a0cca1508f59052caeb8295e6,2011-03-10 03:58:52,2,
call,out,fa10-01-04,2011-03-11 06:56:37,100,
call,in,356a192b7913b04c54574d18c28d46e6395428ab,2011-03-11 17:22:09,14,
call,out,3a0b8378bfb2f574e53723f70f0ff62d3da4493f,2011-03-12 05:05:55,0,
call,out,3a0b8378bfb2f574e53723f70f0ff62d3da4493f,2011-03-12 05:00:58,0,
call,in,fa10-01-42,2011-03-12 06:18:44,101,
call,out,a9ce03f7a9a75d754b49c4f325a788e588597ca1,2011-03-12 10:29:30,69,
call,out,c85f76bf409ffd005cb5ea8a65b5de5137b6cc75,2011-03-14 12:28:59,18,
call,out,fa10-01-42,2011-03-14 14:07:54,5,
call,in,8054a63b4ced5e855a85429b6348cd5ef8801fec,2011-03-15 10:45:14,14,
call,in,bac0f7cd8466205bc8c6eeb89adba93d99484623,2011-03-15 13:31:52,0,
call,in,bac0f7cd8466205bc8c6eeb89adba93d99484623,2011-03-15 13:30:31,18,
call,out,3a0b8378bfb2f574e53723f70f0ff62d3da4493f,2011-03-16 05:26:55,49,
call,out,3a0b8378bfb2f574e53723f70f0ff62d3da4493f,2011-03-16 05:25:49,53,
call,out,95dc9aa2c7e86bc9f5319ea43fbb840d4e96f59,2011-03-16 06:32:53,110,
call,out,95dc9aa2c7e86bc9f5319ea43fbb840d4e96f59,2011-03-16 08:12:16,171,
call,in,65ce1f584e5e231948879ded7bb37e181317d2b9,2011-03-16 11:00:10,740,
call,in,fa10-01-42,2011-03-16 11:44:14,75,
call,in,bac0f7cd8466205bc8c6eeb89adba93d99484623,2011-03-16 12:49:48,0,
call,in,fa10-01-42,2011-03-16 13:47:35,68,
call,out,671505f658647b8c4d6ab7f22b0fc3d1643923a1,2011-03-16 15:48:09,3,
call,out,aee468f7997a8d63d874b6c7c6f125bd9a53c58,2011-03-16 15:46:08,1,
call,out,fa10-01-04,2011-03-16 20:01:37,133,
call,in,8208845cf98fb5da4f8978a04fc3a63522975769,2011-03-17 07:16:42,10,
call,in,fa10-01-42,2011-03-17 08:53:12,22,
call,out,fe9d876cfd4757efa540070f6792976b84e14f79,2011-03-17 12:01:40,48,
call,out,fa10-01-04,2011-03-17 13:06:45,6,
call,out,50a9d50601d2366e4e902c762f610773f69a9acd,2011-03-17 13:05:55,9,
call,out,fa10-01-04,2011-03-17 13:04:13,40,
call,out,fa10-01-04,2011-03-17 13:03:47,0,
call,out,fa10-01-42,2011-03-17 15:39:29,27,
call,out,50a9d50601d2366e4e902c762f610773f69a9acd,2011-03-17 15:20:05,67,
call,out,50a9d50601d2366e4e902c762f610773f69a9acd,2011-03-18 08:00:29,9,
call,in,50a9d50601d2366e4e902c762f610773f69a9acd,2011-03-18 08:02:19,58,
call,out,fa10-01-42,2011-03-18 14:09:13,57,
call,in,fa10-01-42,2011-03-18 14:02:54,274,
call,in,dbde9e2ddecdb0e6496a71f7acfeb3cb93b4a1b5,2011-03-19 05:02:22,12,
call,in,3502ed7e51e2be068c7562b9023d6ac41c72b3ce,2011-03-19 06:50:03,558,
call,out,dbde9e2ddecdb0e6496a71f7acfeb3cb93b4a1b5,2011-03-19 12:48:08,48,
call,out,fa10-01-42,2011-03-19 12:47:34,5,
call,in,490a4cab3ce84357db14e085ab3f42c19d6cf14b,2011-03-19 13:11:04,118,
call,in,490a4cab3ce84357db14e085ab3f42c19d6cf14b,2011-03-19 13:08:26,86,
call,out,50a9d50601d2366e4e902c762f610773f69a9acd,2011-03-19 14:27:42,129,
call,out,fa10-01-42,2011-03-19 14:25:35,27,
call,out,fa10-01-42,2011-03-19 15:52:56,0,
call,out,50a9d50601d2366e4e902c762f610773f69a9acd,2011-03-19 15:52:29,0,
call,out,fa10-01-42,2011-03-19 15:52:05,7,
call,out,fa10-01-42,2011-03-19 16:38:55,5,
call,in,50a9d50601d2366e4e902c762f610773f69a9acd,2011-03-19 16:34:52,10,
call,in,fa10-01-42,2011-03-19 16:02:55,32,
call,out,50a9d50601d2366e4e902c762f610773f69a9acd,2011-03-19 16:53:27,45,
call,in,fa10-01-42,2011-03-19 16:49:42,29,
call,out,fa10-01-42,2011-03-19 16:48:19,7,
call,out,fa10-01-42,2011-03-19 16:46:16,0,
call,out,3a0b8378bfb2f574e53723f70f0ff62d3da4493f,2011-03-20 08:26:00,57,
call,out,fa10-01-04,2011-03-20 08:21:53,33,
call,out,fe9d876cfd4757efa540070f6792976b84e14f79,2011-03-20 08:18:49,107,
call,out,3a0b8378bfb2f574e53723f70f0ff62d3da4493f,2011-03-20 08:37:42,481,
call,out,3a0b8378bfb2f574e53723f70f0ff62d3da4493f,2011-03-20 08:37:05,17,
call,out,fa10-01-04,2011-03-20 13:02:28,31,
call,out,fe9d876cfd4757efa540070f6792976b84e14f79,2011-03-21 09:25:54,250,
call,out,671505f658647b8c4d6ab7f22b0fc3d1643923a1,2011-03-21 09:17:54,41,
call,out,fa10-01-42,2011-03-21 16:29:57,5,
call,out,ab777fa9a4a4a2b621748b95b304c4f42d1a0ee0,2011-03-22 09:11:43,61,
call,in,356a192b7913b04c54574d18c28d46e6395428ab,2011-03-22 09:34:43,101,
call,in,356a192b7913b04c54574d18c28d46e6395428ab,2011-03-22 09:20:35,822,
call,in,356a192b7913b04c54574d18c28d46e6395428ab,2011-03-22 09:17:58,121,
call,out,3a0b8378bfb2f574e53723f70f0ff62d3da4493f,2011-03-23 07:46:39,74,
call,out,3a0b8378bfb2f574e53723f70f0ff62d3da4493f,2011-03-23 07:43:28,18,
call,out,3a0b8378bfb2f574e53723f70f0ff62d3da4493f,2011-03-23 07:40:39,49,
call,out,3a0b8378bfb2f574e53723f70f0ff62d3da4493f,2011-03-23 07:23:36,1,
call,out,3a0b8378bfb2f574e53723f70f0ff62d3da4493f,2011-03-23 07:22:19,44,
call,out,fa10-01-42,2011-03-23 13:41:23,403,
call,out,3a0b8378bfb2f574e53723f70f0ff62d3da4493f,2011-03-24 07:42:00,73,
call,out,3a0b8378bfb2f574e53723f70f0ff62d3da4493f,2011-03-24 07:40:21,53,
call,out,3a0b8378bfb2f574e53723f70f0ff62d3da4493f,2011-03-24 07:38:51,0,
call,out,3a0b8378bfb2f574e53723f70f0ff62d3da4493f,2011-03-24 07:38:27,31,
call,out,3a0b8378bfb2f574e53723f70f0ff62d3da4493f,2011-03-24 07:37:01,9,
call,out,fa10-01-42,2011-03-24 16:31:02,14,
call,out,fa10-01-42,2011-03-24 16:29:50,0,
call,out,840efba359216dc96acbee24859958ad7a4c28f4,2011-03-24 16:27:30,2,
call,out,840efba359216dc96acbee24859958ad7a4c28f4,2011-03-24 16:25:23,23,
call,out,840efba359216dc96acbee24859958ad7a4c28f4,2011-03-24 16:24:08,13,
call,out,840efba359216dc96acbee24859958ad7a4c28f4,2011-03-24 16:23:34,14,
call,out,3a0b8378bfb2f574e53723f70f0ff62d3da4493f,2011-03-25 04:07:41,44,
call,out,75f86102b36f942ba6389e20e25bc3af0cc15f7e,2011-03-25 06:19:44,2,
call,out,3a0b8378bfb2f574e53723f70f0ff62d3da4493f,2011-03-26 04:01:29,0,
call,out,75f86102b36f942ba6389e20e25bc3af0cc15f7e,2011-03-26 04:00:58,0,
call,out,3a0b8378bfb2f574e53723f70f0ff62d3da4493f,2011-03-26 04:00:30,0,
call,out,3a0b8378bfb2f574e53723f70f0ff62d3da4493f,2011-03-26 04:00:17,0,
call,out,3a0b8378bfb2f574e53723f70f0ff62d3da4493f,2011-03-26 03:58:32,80,
call,out,fa10-01-04,2011-03-26 03:57:57,22,
call,out,75f86102b36f942ba6389e20e25bc3af0cc15f7e,2011-03-26 03:56:28,0,
call,out,3a0b8378bfb2f574e53723f70f0ff62d3da4493f,2011-03-26 03:55:38,21,
call,out,3a0b8378bfb2f574e53723f70f0ff62d3da4493f,2011-03-26 05:50:16,401,
call,in,8e520f4ad0ec8e1839a0c06ee2dd3c2d5f967ba3,2011-03-26 06:26:09,44,
call,out,8e520f4ad0ec8e1839a0c06ee2dd3c2d5f967ba3,2011-03-26 06:14:09,41,
call,out,3a0b8378bfb2f574e53723f70f0ff62d3da4493f,2011-03-26 07:29:40,14,
call,out,8e520f4ad0ec8e1839a0c06ee2dd3c2d5f967ba3,2011-03-26 07:27:46,65,
call,out,83157341580533386d7172ab78aad13830a68546,2011-03-26 09:27:20,30,
call,out,83157341580533386d7172ab78aad13830a68546,2011-03-26 10:01:43,72,
call,out,83157341580533386d7172ab78aad13830a68546,2011-03-26 10:44:31,189,
call,out,30376f2d2348bc641f5ef2a22e89d8df69b9ab0b,2011-03-26 16:12:34,86,
call,out,fa10-01-42,2011-03-26 19:06:31,426,
call,out,fa10-01-42,2011-03-26 19:05:25,4,
call,out,fa10-01-42,2011-03-26 19:04:43,5,
call,out,fa10-01-42,2011-03-27 02:34:32,12,
call,out,fa10-01-42,2011-03-27 02:49:17,12,
call,out,fa10-01-42,2011-03-27 12:43:57,5,
call,out,fa10-01-42,2011-03-27 13:22:00,8,
call,out,fa10-01-42,2011-03-27 14:45:14,8,
call,in,fa10-01-42,2011-03-27 15:50:53,13,
call,in,fa10-01-42,2011-03-27 15:49:12,80,
call,in,fa10-01-42,2011-03-27 16:20:08,43,
call,in,5ce96a0af4dd355689bcde65493e200cd9ad1f3b,2011-03-28 07:58:46,17,
call,out,3a0b8378bfb2f574e53723f70f0ff62d3da4493f,2011-03-28 06:07:33,54,
call,out,3a0b8378bfb2f574e53723f70f0ff62d3da4493f,2011-03-28 06:05:32,50,
call,out,3a0b8378bfb2f574e53723f70f0ff62d3da4493f,2011-03-28 06:03:05,10,
call,in,e305c6172129b97abe001779b6454988320eeca6,2011-03-28 09:03:46,14,
call,out,e305c6172129b97abe001779b6454988320eeca6,2011-03-28 09:02:38,0,
call,in,7021dde1dbbb0b8a9cf7eb281c52b32ad81316f4,2011-03-28 10:43:55,173,
call,out,75f86102b36f942ba6389e20e25bc3af0cc15f7e,2011-03-28 15:39:11,129,
call,out,75f86102b36f942ba6389e20e25bc3af0cc15f7e,2011-03-28 15:22:04,614,
call,out,75f86102b36f942ba6389e20e25bc3af0cc15f7e,2011-03-28 15:20:31,60,
call,in,f9986b4c202e0d434f5efa7895cefe735d580e3d,2011-03-29 12:38:58,16,
call,in,13b1487ab20ca5d48c0db77ccd7e25f3b29e2358,2011-03-29 13:56:52,9,
call,out,fc3e9d607711f0d3252a99af59c92f7fba2169f1,2011-03-29 15:00:07,11,
call,in,13b1487ab20ca5d48c0db77ccd7e25f3b29e2358,2011-03-29 14:50:31,0,
call,out,1b886051ce65b9db120e4cdc22dbc4de28533595,2011-03-29 14:47:45,152,
call,out,fa10-01-42,2011-03-29 15:36:10,7,
call,out,ac4305196bba1dda6ec89ac05b9688dd5a81fac6,2011-03-29 15:34:36,10,
call,out,fa10-01-42,2011-03-29 16:29:29,4,
call,out,3a0b8378bfb2f574e53723f70f0ff62d3da4493f,2011-03-30 06:34:45,56,
call,out,3a0b8378bfb2f574e53723f70f0ff62d3da4493f,2011-03-30 06:33:28,63,
call,in,13b1487ab20ca5d48c0db77ccd7e25f3b29e2358,2011-03-30 07:26:16,0,
call,in,13b1487ab20ca5d48c0db77ccd7e25f3b29e2358,2011-03-30 07:25:43,11,
call,in,fc23733ad5088ab9d65d01152b67f424e367e202,2011-03-30 12:27:31,8,
call,in,f9986b4c202e0d434f5efa7895cefe735d580e3d,2011-03-30 15:46:36,6,
call,out,cb7e480c1b6df825fcb63f1cd8a7335627764ba8,2011-04-01 04:06:16,34,
call,in,cb7e480c1b6df825fcb63f1cd8a7335627764ba8,2011-04-01 04:05:15,48,
call,out,cb7e480c1b6df825fcb63f1cd8a7335627764ba8,2011-04-01 04:04:39,5,
call,out,fa10-01-42,2011-04-01 05:18:36,4,
call,out,a9ce03f7a9a75d754b49c4f325a788e588597ca1,2011-04-01 05:29:09,153,
call,out,fa10-01-42,2011-04-01 06:44:53,11,
call,out,fa10-01-42,2011-04-01 06:28:08,12,
call,out,fa10-01-42,2011-04-01 06:26:43,55,
call,out,fa10-01-42,2011-04-01 06:21:43,3,
call,out,fa10-01-42,2011-04-01 06:19:58,2,
call,out,fa10-01-42,2011-04-01 06:18:10,4,
call,out,fa10-01-42,2011-04-01 06:17:24,0,
call,out,a9ce03f7a9a75d754b49c4f325a788e588597ca1,2011-04-01 06:08:58,42,
call,in,fa10-01-42,2011-04-01 06:07:18,19,
call,out,fa10-01-42,2011-04-01 06:58:42,0,
call,out,a9ce03f7a9a75d754b49c4f325a788e588597ca1,2011-04-01 06:57:58,24,
call,out,a9ce03f7a9a75d754b49c4f325a788e588597ca1,2011-04-01 06:56:58,20,
call,out,fa10-01-42,2011-04-03 03:18:24,7,
call,out,cb7e480c1b6df825fcb63f1cd8a7335627764ba8,2011-04-03 03:17:00,19,
call,in,356a192b7913b04c54574d18c28d46e6395428ab,2011-04-03 08:12:26,7,
call,in,356a192b7913b04c54574d18c28d46e6395428ab,2011-04-03 10:20:52,5,
call,out,cb7e480c1b6df825fcb63f1cd8a7335627764ba8,2011-04-06 00:24:21,163,
call,out,fa10-01-42,2011-04-06 02:50:13,6,
call,out,fa10-01-42,2011-04-06 02:49:23,20,
call,out,fa10-01-42,2011-04-06 02:48:24,8,
call,out,68512631cec56cfcfdb731be0a2005fb7bea2b01,2011-04-06 19:32:27,20,
call,out,3a0b8378bfb2f574e53723f70f0ff62d3da4493f,2011-04-06 21:38:05,0,
call,out,3a0b8378bfb2f574e53723f70f0ff62d3da4493f,2011-04-06 21:37:57,54,
call,out,3a0b8378bfb2f574e53723f70f0ff62d3da4493f,2011-04-06 21:33:33,16,
call,out,3a0b8378bfb2f574e53723f70f0ff62d3da4493f,2011-04-07 00:25:04,16,
call,out,3a0b8378bfb2f574e53723f70f0ff62d3da4493f,2011-04-07 00:24:28,20,
call,out,3a0b8378bfb2f574e53723f70f0ff62d3da4493f,2011-04-07 00:23:16,56,
call,out,3a0b8378bfb2f574e53723f70f0ff62d3da4493f,2011-04-06 21:41:34,88,
call,in,fa10-01-42,2011-04-07 03:49:50,112,
call,out,fa10-01-04,2011-04-07 05:20:31,56,
call,in,75f86102b36f942ba6389e20e25bc3af0cc15f7e,2011-04-07 21:46:23,51,
call,out,3a0b8378bfb2f574e53723f70f0ff62d3da4493f,2011-04-07 21:44:54,43,
call,in,356a192b7913b04c54574d18c28d46e6395428ab,2011-04-07 09:35:31,0,
call,out,fa10-01-42,2011-04-08 01:43:32,212,
call,in,fa10-01-42,2011-04-08 03:20:04,157,
call,in,fa10-01-42,2011-04-08 07:40:42,1661,
call,out,fa10-01-42,2011-04-08 07:40:41,0,
call,out,fa10-01-04,2011-04-08 23:28:34,184,
call,out,fa10-01-42,2011-04-09 08:33:44,51,
call,out,fa10-01-04,2011-04-10 03:38:21,38,
call,in,8104ba1dc0409b259f487ed07db477c38f205a30,2011-04-10 03:00:47,0,
call,out,cda12ed5f2a0a85f09c86d9b33009b533ca06faa,2011-04-10 04:27:43,0,
call,out,cda12ed5f2a0a85f09c86d9b33009b533ca06faa,2011-04-10 04:27:06,0,
call,in,99959830518930879b14f2fb29cf61b14f6a78c7,2011-04-10 03:51:00,10,
call,in,fa10-01-42,2011-04-10 04:56:06,0,
call,in,fa10-01-42,2011-04-10 05:22:15,114,
call,out,30376f2d2348bc641f5ef2a22e89d8df69b9ab0b,2011-04-10 05:07:35,37,
call,out,cda12ed5f2a0a85f09c86d9b33009b533ca06faa,2011-04-10 18:53:50,0,
call,in,fa10-01-42,2011-04-10 21:51:24,9,
call,out,3a0b8378bfb2f574e53723f70f0ff62d3da4493f,2011-04-11 00:01:10,63,
call,in,fa10-01-42,2011-04-10 22:08:46,77,
call,out,3a0b8378bfb2f574e53723f70f0ff62d3da4493f,2011-04-10 22:05:05,53,
call,out,3a0b8378bfb2f574e53723f70f0ff62d3da4493f,2011-04-10 22:04:44,0,
call,out,490a4cab3ce84357db14e085ab3f42c19d6cf14b,2011-04-11 23:55:16,78,
call,in,fa10-01-42,2011-04-11 23:49:40,28,
call,out,3a0b8378bfb2f574e53723f70f0ff62d3da4493f,2011-04-12 19:20:38,38,
call,in,fa10-01-42,2011-04-12 03:58:17,17,
call,out,a855dba18429ac177b04c5d0e9c6896855dfee23,2011-04-12 19:30:55,106,
call,out,3a0b8378bfb2f574e53723f70f0ff62d3da4493f,2011-04-12 19:54:23,12,
call,out,3a0b8378bfb2f574e53723f70f0ff62d3da4493f,2011-04-12 19:46:42,34,
call,out,3a0b8378bfb2f574e53723f70f0ff62d3da4493f,2011-04-12 19:43:25,0,
call,out,3a0b8378bfb2f574e53723f70f0ff62d3da4493f,2011-04-12 22:50:39,50,
call,in,99959830518930879b14f2fb29cf61b14f6a78c7,2011-04-13 00:29:30,0,
call,out,3a0b8378bfb2f574e53723f70f0ff62d3da4493f,2011-04-12 23:02:34,77,
call,out,3a0b8378bfb2f574e53723f70f0ff62d3da4493f,2011-04-13 01:50:57,5,
call,out,fa10-01-42,2011-04-13 01:49:30,11,
call,in,fa10-01-42,2011-04-13 01:48:48,0,
call,in,c5eb148d3c7087da7d71127aabbca55beac1137b,2011-04-13 02:02:30,1430,
call,in,99959830518930879b14f2fb29cf61b14f6a78c7,2011-04-13 04:07:10,21,
call,out,fa10-01-42,2011-04-13 04:51:46,8,
call,out,fa10-01-04,2011-04-13 04:50:04,23,
call,in,fa10-01-42,2011-04-13 04:49:07,41,
call,out,fa10-01-42,2011-04-14 05:39:10,1,
call,out,fa10-01-04,2011-04-14 05:38:45,10,
call,in,99959830518930879b14f2fb29cf61b14f6a78c7,2011-04-14 05:02:53,0,
call,out,3a0b8378bfb2f574e53723f70f0ff62d3da4493f,2011-04-15 00:03:21,8,
call,out,3a0b8378bfb2f574e53723f70f0ff62d3da4493f,2011-04-15 00:02:07,35,
call,out,3a0b8378bfb2f574e53723f70f0ff62d3da4493f,2011-04-15 00:00:39,10,
call,in,99959830518930879b14f2fb29cf61b14f6a78c7,2011-04-15 00:30:39,13,
call,out,3a0b8378bfb2f574e53723f70f0ff62d3da4493f,2011-04-16 02:18:50,45,
call,in,3d1d90a05ac0c191153c6bf9d08b45c74bf6e188,2011-04-16 23:57:49,52,
call,out,fa10-01-42,2011-04-19 20:51:23,45,
text,in,a045b7efa463c6ed195c644163f4168952fbd34a,2010-10-05 20:20:10,,
text,out,ec0d055443473b5dc16a08eecf30340209b099c8,2010-10-06 12:56:20,,
text,in,2259f5bac5b2df0f0bb4bcab52e464ac68d0b234,2010-10-07 17:23:10,,
text,out,2259f5bac5b2df0f0bb4bcab52e464ac68d0b234,2010-10-07 17:29:10,,
text,in,51eac6b471a284d3341d8c0c63d0f1a286262a18,2010-10-09 13:31:44,,
text,in,fa10-01-42,2010-10-15 17:08:50,,
text,out,fa10-01-42,2010-10-15 17:19:12,,
text,in,d2042f9e1ce4b88b9812ce889299edfa04e2222e,2010-10-17 17:38:50,,
text,in,fa10-01-42,2010-10-17 14:34:31,,
text,out,d2042f9e1ce4b88b9812ce889299edfa04e2222e,2010-10-17 17:42:49,,
text,out,becf35d5bb15f6152faaa0f1b39f7a680db852ab,2010-10-17 15:45:39,,
text,out,fa10-01-42,2010-10-17 14:35:30,,
text,out,fa10-01-42,2010-10-17 14:32:25,,
text,in,d2042f9e1ce4b88b9812ce889299edfa04e2222e,2010-10-19 00:20:42,,
text,in,9eab94fdc2235d41827de723e0c572df84e11682,2010-10-19 12:12:01,,
text,in,9eab94fdc2235d41827de723e0c572df84e11682,2010-10-19 12:07:44,,
text,out,9eab94fdc2235d41827de723e0c572df84e11682,2010-10-19 12:11:24,,
text,in,9eab94fdc2235d41827de723e0c572df84e11682,2010-10-19 17:28:17,,
text,in,9eab94fdc2235d41827de723e0c572df84e11682,2010-10-19 17:03:53,,
text,out,fa10-01-42,2010-10-19 18:58:41,,
text,out,fa10-01-42,2010-10-19 18:13:58,,
text,out,9eab94fdc2235d41827de723e0c572df84e11682,2010-10-19 17:25:33,,
text,in,ed11825ce6a11d193109d6d99d764389eee62753,2010-10-21 21:19:44,,
text,in,ed11825ce6a11d193109d6d99d764389eee62753,2010-10-22 15:27:36,,
text,in,95dcdf8d3db68531c65334fea50f612a034bb99,2010-10-22 14:40:37,,
text,in,95dcdf8d3db68531c65334fea50f612a034bb99,2010-10-22 14:19:01,,
text,in,95dcdf8d3db68531c65334fea50f612a034bb99,2010-10-22 14:18:58,,
text,out,95dcdf8d3db68531c65334fea50f612a034bb99,2010-10-22 14:41:57,,
text,out,95dcdf8d3db68531c65334fea50f612a034bb99,2010-10-22 14:36:40,,
text,out,ed11825ce6a11d193109d6d99d764389eee62753,2010-10-22 14:18:26,,
text,out,debbd83a60fc297c71596e3043c74482711ef90d,2010-10-22 19:19:26,,
text,in,fa10-01-42,2010-10-23 02:22:50,,
text,out,fa10-01-42,2010-10-23 02:24:38,,
text,in,fa10-01-42,2010-10-23 09:40:57,,
text,out,fa10-01-42,2010-10-23 08:49:21,,
text,in,2259f5bac5b2df0f0bb4bcab52e464ac68d0b234,2010-10-23 16:28:11,,
text,in,2259f5bac5b2df0f0bb4bcab52e464ac68d0b234,2010-10-23 16:16:37,,
text,out,2259f5bac5b2df0f0bb4bcab52e464ac68d0b234,2010-10-23 19:43:34,,
text,out,2259f5bac5b2df0f0bb4bcab52e464ac68d0b234,2010-10-23 16:21:09,,
text,in,51eac6b471a284d3341d8c0c63d0f1a286262a18,2010-10-24 07:12:54,,
text,out,fa10-01-42,2010-10-24 14:12:34,,
text,in,51eac6b471a284d3341d8c0c63d0f1a286262a18,2010-10-25 14:21:07,,
text,in,d2042f9e1ce4b88b9812ce889299edfa04e2222e,2010-10-26 23:51:18,,
text,in,d2042f9e1ce4b88b9812ce889299edfa04e2222e,2010-10-26 20:25:47,,
text,out,d2042f9e1ce4b88b9812ce889299edfa04e2222e,2010-10-26 23:49:55,,
text,out,fa10-01-42,2010-11-03 16:54:10,,
text,in,fa10-01-42,2010-11-04 20:16:46,,
text,out,fa10-01-42,2010-11-04 20:30:38,,
text,out,fa10-01-42,2010-11-04 17:42:00,,
text,in,840efba359216dc96acbee24859958ad7a4c28f4,2010-11-06 20:42:43,,
text,in,840efba359216dc96acbee24859958ad7a4c28f4,2010-11-07 19:08:14,,
text,in,840efba359216dc96acbee24859958ad7a4c28f4,2010-11-09 21:35:48,,
text,in,840efba359216dc96acbee24859958ad7a4c28f4,2010-11-09 20:41:10,,
text,in,51eac6b471a284d3341d8c0c63d0f1a286262a18,2010-11-09 14:50:31,,
text,out,becf35d5bb15f6152faaa0f1b39f7a680db852ab,2010-11-09 18:18:21,,
text,in,a65eb7d2d8dc33bb689183fe432fa9026ce0d10b,2010-11-10 20:17:57,,
text,in,a65eb7d2d8dc33bb689183fe432fa9026ce0d10b,2010-11-10 20:16:31,,
text,out,a65eb7d2d8dc33bb689183fe432fa9026ce0d10b,2010-11-10 21:11:40,,
text,out,a65eb7d2d8dc33bb689183fe432fa9026ce0d10b,2010-11-10 20:15:41,,
text,in,244f526c1ad2c831c822ec4904f1b4273104f412,2010-11-12 09:04:34,,
text,out,fa10-01-42,2010-11-12 08:19:27,,
text,in,840efba359216dc96acbee24859958ad7a4c28f4,2010-11-13 18:00:13,,
text,in,fa10-01-42,2010-11-13 13:32:54,,
text,out,840efba359216dc96acbee24859958ad7a4c28f4,2010-11-13 18:01:41,,
text,out,fa10-01-42,2010-11-13 13:36:03,,
text,out,fa10-01-42,2010-11-13 13:16:49,,
text,out,fa10-01-42,2010-11-13 13:12:35,,
text,in,840efba359216dc96acbee24859958ad7a4c28f4,2010-11-16 11:41:10,,
text,in,fa10-01-42,2010-11-16 10:56:11,,
text,out,840efba359216dc96acbee24859958ad7a4c28f4,2010-11-16 12:00:01,,
text,out,fa10-01-42,2010-11-16 11:17:55,,
text,in,46aeb93a1f54a7c49a82b54fad8ebf6f86988c21,2010-11-17 08:28:59,,
text,in,46aeb93a1f54a7c49a82b54fad8ebf6f86988c21,2010-11-17 08:28:57,,
text,in,51eac6b471a284d3341d8c0c63d0f1a286262a18,2010-11-18 07:20:41,,
text,in,59a77c342667127d70cefb6e809ea951a096ba3c,2010-11-18 01:04:04,,
text,in,59a77c342667127d70cefb6e809ea951a096ba3c,2010-11-18 12:02:44,,
text,out,59a77c342667127d70cefb6e809ea951a096ba3c,2010-11-18 12:13:32,,
text,out,59a77c342667127d70cefb6e809ea951a096ba3c,2010-11-18 11:51:16,,
text,out,fa10-01-42,2010-11-18 15:16:46,,
text,in,59a77c342667127d70cefb6e809ea951a096ba3c,2010-11-18 16:12:16,,
text,in,59a77c342667127d70cefb6e809ea951a096ba3c,2010-11-18 16:06:22,,
text,out,fa10-01-42,2010-11-18 22:14:06,,
text,out,59a77c342667127d70cefb6e809ea951a096ba3c,2010-11-18 16:13:14,,
text,out,59a77c342667127d70cefb6e809ea951a096ba3c,2010-11-18 16:09:10,,
text,in,fa10-01-42,2010-11-21 00:45:15,,
text,in,fa10-01-42,2010-11-19 23:09:55,,
text,in,fa10-01-42,2010-11-19 16:27:32,,
text,out,fa10-01-42,2010-11-21 01:27:25,,
text,out,fa10-01-42,2010-11-20 18:38:13,,
text,out,fa10-01-42,2010-11-19 11:26:25,,
text,out,fa10-01-42,2010-11-27 15:57:30,,
text,in,6052521b7625e31d4ee9cc706732484fcf850877,2010-12-04 13:10:52,,
text,in,6052521b7625e31d4ee9cc706732484fcf850877,2010-12-04 13:10:51,,
text,in,51eac6b471a284d3341d8c0c63d0f1a286262a18,2010-12-04 08:20:28,,
text,in,51eac6b471a284d3341d8c0c63d0f1a286262a18,2010-12-09 15:25:59,,
text,in,fa10-01-42,2010-12-09 13:02:28,,
text,in,fa10-01-42,2010-12-13 19:28:32,,
text,in,fa10-01-42,2011-01-20 20:47:01,,
text,in,fa10-01-42,2011-01-20 19:03:10,,
text,in,fa10-01-42,2011-01-20 14:58:28,,
text,in,fe9d876cfd4757efa540070f6792976b84e14f79,2011-01-19 20:08:54,,
text,in,fe9d876cfd4757efa540070f6792976b84e14f79,2011-01-19 19:59:20,,
text,out,fa10-01-42,2011-01-20 20:24:01,,
text,out,fa10-01-42,2011-01-20 14:49:44,,
text,out,fe9d876cfd4757efa540070f6792976b84e14f79,2011-01-19 19:56:44,,
text,in,bd7c809d7d47026e7390ba3c6b253d24efcbe8cf,2011-01-22 16:13:58,,
text,in,51eac6b471a284d3341d8c0c63d0f1a286262a18,2011-01-22 15:13:32,,
text,in,51eac6b471a284d3341d8c0c63d0f1a286262a18,2011-01-22 15:13:08,,
text,in,51eac6b471a284d3341d8c0c63d0f1a286262a18,2011-01-23 13:48:09,,
text,out,f55b619a881aabae648112e8c88253cb22742dc0,2011-03-27 09:13:19,,
text,out,cb7e480c1b6df825fcb63f1cd8a7335627764ba8,2011-03-30 13:48:32,,
text,out,cb7e480c1b6df825fcb63f1cd8a7335627764ba8,2011-04-01 04:32:31,,
text,out,fa10-01-42,2011-04-10 21:34:43,,