interaction,direction,correspondent_id,datetime,call_duration,antenna_id
call,out,fa10-01-73,2010-10-09 13:56:18,,
call,out,fa10-01-73,2010-10-09 13:54:43,,
call,out,b405fafb619e7b40d694436b90fd4c07f0e3dd3,2010-10-09 17:55:58,,
call,out,b405fafb619e7b40d694436b90fd4c07f0e3dd3,2010-10-09 17:49:01,,
call,out,5d1878b253ee0c9b4f5cbebc3a54b5c7c5bfa6ea,2010-10-09 19:09:53,,
call,out,5d1878b253ee0c9b4f5cbebc3a54b5c7c5bfa6ea,2010-10-10 10:38:45,,
call,out,b405fafb619e7b40d694436b90fd4c07f0e3dd3,2010-10-12 18:08:54,,
call,out,fa10-01-73,2010-10-15 12:51:22,,
call,out,c3ec901f843daa7370cd0799084fd4772d2fccd0,2010-10-16 12:00:12,,
call,in,c3ec901f843daa7370cd0799084fd4772d2fccd0,2010-10-16 11:59:29,,
call,out,c3ec901f843daa7370cd0799084fd4772d2fccd0,2010-10-16 14:34:22,,
call,out,c3ec901f843daa7370cd0799084fd4772d2fccd0,2010-10-16 14:35:51,,
call,out,c3ec901f843daa7370cd0799084fd4772d2fccd0,2010-10-16 14:57:07,,
call,out,c3ec901f843daa7370cd0799084fd4772d2fccd0,2010-10-16 14:56:26,,
call,out,b405fafb619e7b40d694436b90fd4c07f0e3dd3,2010-10-16 16:53:27,,
call,out,5d1878b253ee0c9b4f5cbebc3a54b5c7c5bfa6ea,2010-10-16 16:18:36,,
call,out,5d1878b253ee0c9b4f5cbebc3a54b5c7c5bfa6ea,2010-10-17 11:07:51,,
call,in,404692932b879dc46ab94720e0f14b32a6823c40,2010-10-17 11:19:54,,
call,out,404692932b879dc46ab94720e0f14b32a6823c40,2010-10-17 11:17:38,,
call,in,5d1878b253ee0c9b4f5cbebc3a54b5c7c5bfa6ea,2010-10-17 11:43:09,,
call,out,b76f4eca47fa211c296b006f33e1efcf1047b217,2010-10-17 20:01:26,,
call,in,b405fafb619e7b40d694436b90fd4c07f0e3dd3,2010-10-18 12:49:52,,
call,out,b405fafb619e7b40d694436b90fd4c07f0e3dd3,2010-10-18 12:16:40,,
call,out,b405fafb619e7b40d694436b90fd4c07f0e3dd3,2010-10-18 12:08:02,,
call,in,7fc0be4196e8a24be4da70072fc1f432b94d8e3e,2010-10-18 21:01:55,,
call,out,fa10-01-73,2010-10-19 08:14:52,,
call,in,e548e784a32a02cfdc50fcbcc50fc1947d784fbc,2010-10-19 12:54:24,,
call,in,b405fafb619e7b40d694436b90fd4c07f0e3dd3,2010-10-20 10:03:36,,
call,out,b405fafb619e7b40d694436b90fd4c07f0e3dd3,2010-10-20 09:52:40,,
call,in,b405fafb619e7b40d694436b90fd4c07f0e3dd3,2010-10-20 14:27:02,,
call,in,c3ec901f843daa7370cd0799084fd4772d2fccd0,2010-10-21 21:06:35,,
call,in,c3ec901f843daa7370cd0799084fd4772d2fccd0,2010-10-23 12:22:30,,
call,out,39460357e79150370573a6fe6d8482b3652824,2010-10-23 12:30:09,,
call,out,ab5f2b8e85c8d5068ad42bb00d3c3679ae8d766a,2010-10-23 12:27:42,,
call,in,39460357e79150370573a6fe6d8482b3652824,2010-10-23 13:39:36,,
call,out,9bb61fece0fcb5e5a0d07d6e2b8172d3a36093a8,2010-10-23 13:32:37,,
call,out,695f1dd511426f82241c6402a3d403e7ae886899,2010-10-23 13:25:24,,
call,in,c3ec901f843daa7370cd0799084fd4772d2fccd0,2010-10-23 13:19:56,,
call,in,c3ec901f843daa7370cd0799084fd4772d2fccd0,2010-10-23 13:05:16,,
call,out,fa10-01-73,2010-10-24 11:18:44,,
call,out,5d1878b253ee0c9b4f5cbebc3a54b5c7c5bfa6ea,2010-10-24 10:49:23,,
call,out,b76f4eca47fa211c296b006f33e1efcf1047b217,2010-10-24 10:47:55,,
call,out,b76f4eca47fa211c296b006f33e1efcf1047b217,2010-10-24 11:21:38,,
call,out,5d1878b253ee0c9b4f5cbebc3a54b5c7c5bfa6ea,2010-10-24 17:40:46,,
call,out,b76f4eca47fa211c296b006f33e1efcf1047b217,2010-10-24 17:39:54,,
call,out,bfb5c90f89e3e05db5799134b7fb0035fda85c7b,2010-10-24 17:47:13,,
call,out,f685b53fb651c76572c29f8863a42958856acceb,2010-10-24 17:46:14,,
call,out,e39a1a3c1aeb003f89611d3fc577d1e92a4287d6,2010-10-24 17:45:17,,
call,out,f685b53fb651c76572c29f8863a42958856acceb,2010-10-24 17:45:13,,
call,out,68566100704d026853526c18aa3c95d1dc2e450d,2010-10-24 17:41:51,,
call,out,d6347be486f648a61f097d62a2499e14b3c6764,2010-10-24 18:05:34,,
call,out,b76f4eca47fa211c296b006f33e1efcf1047b217,2010-10-24 18:22:42,,
call,out,7fc0be4196e8a24be4da70072fc1f432b94d8e3e,2010-10-24 22:02:03,,
call,out,fa10-01-73,2010-10-25 18:27:38,,
call,out,b405fafb619e7b40d694436b90fd4c07f0e3dd3,2010-10-26 14:27:47,,
call,out,7fc0be4196e8a24be4da70072fc1f432b94d8e3e,2010-10-26 18:25:36,,
call,out,7fc0be4196e8a24be4da70072fc1f432b94d8e3e,2010-10-26 18:00:47,,
call,in,c3ec901f843daa7370cd0799084fd4772d2fccd0,2010-10-26 20:34:00,,
call,in,2e6ac576a9489ea2c9e997cd6523bb825d5a7891,2010-10-28 19:29:24,,
call,in,2e6ac576a9489ea2c9e997cd6523bb825d5a7891,2010-10-28 19:08:07,,
call,out,fa10-01-73,2010-10-28 19:07:32,,
call,out,fa10-01-73,2010-10-28 19:03:18,,
call,in,b405fafb619e7b40d694436b90fd4c07f0e3dd3,2010-10-29 16:10:40,,
call,in,4cc8468ab680b164b6b4ede29fc7b0276932d610,2010-10-30 10:02:21,,
call,in,4cc8468ab680b164b6b4ede29fc7b0276932d610,2010-10-30 12:59:30,,
call,in,4cc8468ab680b164b6b4ede29fc7b0276932d610,2010-10-30 12:37:35,,
call,in,4cc8468ab680b164b6b4ede29fc7b0276932d610,2010-10-30 11:39:43,,
call,out,sp10-01-38,2010-10-31 09:42:07,,
call,out,c3ec901f843daa7370cd0799084fd4772d2fccd0,2010-10-31 09:39:15,,
call,out,b76f4eca47fa211c296b006f33e1efcf1047b217,2010-10-31 13:25:56,,
call,out,b76f4eca47fa211c296b006f33e1efcf1047b217,2010-10-31 13:25:39,,
call,out,b76f4eca47fa211c296b006f33e1efcf1047b217,2010-10-31 12:46:28,,
call,out,fa10-01-73,2010-10-31 12:45:27,,
call,out,b405fafb619e7b40d694436b90fd4c07f0e3dd3,2010-11-02 12:14:53,,
call,out,b405fafb619e7b40d694436b90fd4c07f0e3dd3,2010-11-02 11:55:17,,
call,out,b405fafb619e7b40d694436b90fd4c07f0e3dd3,2010-11-03 17:45:34,,
call,out,fa10-01-73,2010-11-05 14:55:51,,
call,out,b76f4eca47fa211c296b006f33e1efcf1047b217,2010-11-07 11:00:29,,
call,out,b76f4eca47fa211c296b006f33e1efcf1047b217,2010-11-07 11:00:11,,
call,out,b76f4eca47fa211c296b006f33e1efcf1047b217,2010-11-07 10:59:57,,
call,out,b76f4eca47fa211c296b006f33e1efcf1047b217,2010-11-07 10:37:41,,
call,in,143e500d5ecbf1670e08295e2ac6908aaab4666d,2010-11-08 13:32:09,,
call,in,e39a1a3c1aeb003f89611d3fc577d1e92a4287d6,2010-11-08 17:58:29,,
call,in,b405fafb619e7b40d694436b90fd4c07f0e3dd3,2010-11-09 17:26:31,,
call,out,b405fafb619e7b40d694436b90fd4c07f0e3dd3,2010-11-09 17:20:41,,
call,out,b405fafb619e7b40d694436b90fd4c07f0e3dd3,2010-11-09 17:20:11,,
call,out,b405fafb619e7b40d694436b90fd4c07f0e3dd3,2010-11-09 17:16:30,,
call,in,68566100704d026853526c18aa3c95d1dc2e450d,2010-11-10 17:31:07,,
call,out,68566100704d026853526c18aa3c95d1dc2e450d,2010-11-10 19:24:28,,
call,out,fa10-01-73,2010-11-10 19:23:47,,
call,out,fa10-01-73,2010-11-10 19:23:12,,
call,out,fa10-01-73,2010-11-10 19:21:48,,
call,out,fa10-01-73,2010-11-10 19:21:20,,
call,in,404692932b879dc46ab94720e0f14b32a6823c40,2010-11-10 23:15:56,,
call,in,5f0679e43ed820f61c953263934ce600b49f74d5,2010-11-11 20:00:33,,
call,out,5f0679e43ed820f61c953263934ce600b49f74d5,2010-11-11 20:18:59,,
call,out,5f0679e43ed820f61c953263934ce600b49f74d5,2010-11-11 20:18:44,,
call,out,5f0679e43ed820f61c953263934ce600b49f74d5,2010-11-11 20:13:45,,
call,out,b405fafb619e7b40d694436b90fd4c07f0e3dd3,2010-11-12 15:29:47,,
call,out,1579e0a53b73f974657a4d64a17a6eef29888caf,2010-11-12 14:16:44,,
call,out,fa10-01-73,2010-11-12 14:11:35,,
call,out,fa10-01-73,2010-11-13 09:51:52,,
call,out,fa10-01-73,2010-11-13 14:10:07,,
call,out,4cc8468ab680b164b6b4ede29fc7b0276932d610,2010-11-13 16:32:43,,
call,in,2f1c2e75d48c6226d574c5402302c7f8278ba8d3,2010-11-13 15:59:52,,
call,out,fa10-01-73,2010-11-13 19:44:21,,
call,out,5f0679e43ed820f61c953263934ce600b49f74d5,2010-11-13 19:09:12,,
call,out,fa10-01-73,2010-11-13 19:07:51,,
call,out,5d1878b253ee0c9b4f5cbebc3a54b5c7c5bfa6ea,2010-11-14 09:44:29,,
call,out,fa10-01-73,2010-11-14 16:33:02,,
call,in,9b9f386c369d72b300271adef464e3f9b118d5a2,2010-11-14 19:43:22,,
call,in,b405fafb619e7b40d694436b90fd4c07f0e3dd3,2010-11-15 10:19:16,,
call,out,f28ad6edad3aece5ff764bd3ba5cda3d65bc9aa9,2010-11-16 14:30:14,,
call,in,4cc8468ab680b164b6b4ede29fc7b0276932d610,2010-11-16 22:21:04,,
call,in,fa674474bb6e1c50a544a7623a917a867e183b0d,2010-11-18 12:03:55,,
call,in,b405fafb619e7b40d694436b90fd4c07f0e3dd3,2010-11-19 13:29:20,,
call,out,50ad524055d17e921c77b54b7e76a7fb40bfecf6,2010-11-19 14:43:50,,
call,out,2d2c6a853bd86b740f6f21aa593c9cbb96128312,2010-11-19 14:43:27,,
call,in,sp10-01-38,2010-11-19 14:04:07,,
call,in,4cc8468ab680b164b6b4ede29fc7b0276932d610,2010-11-19 18:13:04,,
call,in,aa88abf98c52f710833cd055a4dbe8496db3e040,2010-11-19 15:14:51,,
call,out,b405fafb619e7b40d694436b90fd4c07f0e3dd3,2010-11-21 16:16:14,,
call,out,b76f4eca47fa211c296b006f33e1efcf1047b217,2010-11-21 12:19:11,,
call,out,68566100704d026853526c18aa3c95d1dc2e450d,2010-11-21 12:18:54,,
call,out,b76f4eca47fa211c296b006f33e1efcf1047b217,2010-11-21 11:48:03,,
call,out,5d1878b253ee0c9b4f5cbebc3a54b5c7c5bfa6ea,2010-11-21 11:32:07,,
call,out,68566100704d026853526c18aa3c95d1dc2e450d,2010-11-21 11:31:53,,
call,out,b76f4eca47fa211c296b006f33e1efcf1047b217,2010-11-21 11:31:38,,
call,out,68566100704d026853526c18aa3c95d1dc2e450d,2010-11-21 11:26:02,,
call,out,b76f4eca47fa211c296b006f33e1efcf1047b217,2010-11-21 11:25:30,,
call,out,b76f4eca47fa211c296b006f33e1efcf1047b217,2010-11-21 11:25:09,,
call,out,5d1878b253ee0c9b4f5cbebc3a54b5c7c5bfa6ea,2010-11-21 11:24:11,,
call,out,b76f4eca47fa211c296b006f33e1efcf1047b217,2010-11-21 22:02:52,,
call,out,5f0679e43ed820f61c953263934ce600b49f74d5,2010-11-21 21:57:16,,
call,out,b76f4eca47fa211c296b006f33e1efcf1047b217,2010-11-21 22:17:32,,
call,out,b405fafb619e7b40d694436b90fd4c07f0e3dd3,2010-11-22 17:47:12,,
call,in,b405fafb619e7b40d694436b90fd4c07f0e3dd3,2010-11-22 18:13:28,,
call,in,fa10-01-13,2010-11-24 06:03:04,,
call,out,68566100704d026853526c18aa3c95d1dc2e450d,2010-11-24 15:38:41,,
call,out,fa10-01-73,2010-11-24 15:37:52,,
call,out,5d1878b253ee0c9b4f5cbebc3a54b5c7c5bfa6ea,2010-11-24 16:05:22,,
call,out,68566100704d026853526c18aa3c95d1dc2e450d,2010-11-24 16:04:32,,
call,out,b405fafb619e7b40d694436b90fd4c07f0e3dd3,2010-11-26 16:58:33,,
call,in,5bae374583346a7732ff3edd00e2a9ebb33358c7,2010-11-26 16:47:25,,
call,in,8e00542849c708500530571acc9b2c1115496e44,2010-11-27 15:55:08,,
call,out,b76f4eca47fa211c296b006f33e1efcf1047b217,2010-11-27 13:24:09,,
call,in,b405fafb619e7b40d694436b90fd4c07f0e3dd3,2010-11-29 23:14:20,,
call,out,b405fafb619e7b40d694436b90fd4c07f0e3dd3,2010-11-29 23:13:32,,
call,out,b405fafb619e7b40d694436b90fd4c07f0e3dd3,2010-11-29 20:10:25,,
call,out,fa10-01-73,2010-11-29 20:09:44,,
call,out,fa10-01-73,2010-11-29 20:09:16,,
call,out,c60f0f7011ae9872e55ae76a3183274ed77057b2,2010-11-30 21:33:15,,
call,out,c60f0f7011ae9872e55ae76a3183274ed77057b2,2010-11-30 21:32:51,,
call,in,b405fafb619e7b40d694436b90fd4c07f0e3dd3,2010-11-30 17:15:53,,
call,out,b405fafb619e7b40d694436b90fd4c07f0e3dd3,2010-11-30 17:15:06,,
call,out,fa10-01-73,2010-11-30 17:14:27,,
call,in,b405fafb619e7b40d694436b90fd4c07f0e3dd3,2010-12-01 18:43:40,,
call,in,b405fafb619e7b40d694436b90fd4c07f0e3dd3,2010-12-01 23:45:09,,
call,in,b405fafb619e7b40d694436b90fd4c07f0e3dd3,2010-12-03 18:34:37,,
call,out,b405fafb619e7b40d694436b90fd4c07f0e3dd3,2010-12-03 18:34:27,,
call,out,b405fafb619e7b40d694436b90fd4c07f0e3dd3,2010-12-03 18:29:53,,
call,out,b405fafb619e7b40d694436b90fd4c07f0e3dd3,2010-12-03 18:21:54,,
call,out,fa10-01-73,2010-12-03 18:20:39,,
call,in,b0d33d9b266de1d0d1e1d93abc81d2c5ea98b48a,2010-12-03 17:02:14,,
call,in,b405fafb619e7b40d694436b90fd4c07f0e3dd3,2010-12-04 20:38:58,,
call,in,b405fafb619e7b40d694436b90fd4c07f0e3dd3,2010-12-06 20:25:08,,
call,out,b405fafb619e7b40d694436b90fd4c07f0e3dd3,2010-12-06 20:24:06,,
call,out,fa10-01-73,2010-12-06 20:22:44,,
call,in,b405fafb619e7b40d694436b90fd4c07f0e3dd3,2010-12-07 19:41:52,,
call,in,b405fafb619e7b40d694436b90fd4c07f0e3dd3,2010-12-07 19:39:05,,
call,in,b405fafb619e7b40d694436b90fd4c07f0e3dd3,2010-12-07 19:37:39,,
call,out,b405fafb619e7b40d694436b90fd4c07f0e3dd3,2010-12-07 19:36:47,,
call,out,581f59dafe3c33625e8d8291f4b9fa48f25f5089,2010-12-10 21:01:46,,
call,out,b405fafb619e7b40d694436b90fd4c07f0e3dd3,2010-12-10 15:56:48,,
call,in,b405fafb619e7b40d694436b90fd4c07f0e3dd3,2010-12-10 15:35:14,,
call,in,b405fafb619e7b40d694436b90fd4c07f0e3dd3,2010-12-11 16:54:45,,
call,in,ad0c51e64a9f252be0d1a27012752de255a5ff5c,2010-12-12 20:02:31,,
call,out,b29bf18f15ac8a0c1f8948eb312692dbdfdd13ea,2010-12-12 19:58:46,,
call,out,ad0c51e64a9f252be0d1a27012752de255a5ff5c,2010-12-12 19:47:24,,
call,out,fa10-01-73,2010-12-12 19:46:41,,
call,in,sp10-01-38,2010-12-12 17:33:04,,
call,out,b405fafb619e7b40d694436b90fd4c07f0e3dd3,2010-12-12 16:49:34,,
call,out,fa10-01-73,2010-12-13 19:34:05,,
call,in,fa10-01-14,2010-12-14 13:06:06,,
call,out,fa10-01-14,2010-12-14 12:58:08,,
call,out,b405fafb619e7b40d694436b90fd4c07f0e3dd3,2010-12-14 16:27:39,,
call,out,fa10-01-73,2010-12-15 19:52:47,,
call,out,9d59f76d23b2ea7bf4b6059b56d9599c2c1026f4,2010-12-15 19:52:12,,
call,out,fa10-01-73,2010-12-15 13:20:00,,
call,out,8674bb525e5f6f8e68d1f1414cd88c2995d9eacb,2010-12-16 21:47:09,,
call,in,8674bb525e5f6f8e68d1f1414cd88c2995d9eacb,2010-12-16 21:30:28,,
call,in,8674bb525e5f6f8e68d1f1414cd88c2995d9eacb,2010-12-16 18:11:14,,
call,out,8674bb525e5f6f8e68d1f1414cd88c2995d9eacb,2010-12-16 16:15:57,,
call,out,8674bb525e5f6f8e68d1f1414cd88c2995d9eacb,2010-12-16 14:44:07,,
call,out,b76f4eca47fa211c296b006f33e1efcf1047b217,2010-12-16 14:43:01,,
call,out,b405fafb619e7b40d694436b90fd4c07f0e3dd3,2010-12-17 21:58:11,,
call,out,5f0679e43ed820f61c953263934ce600b49f74d5,2010-12-17 21:24:07,,
call,out,5f0679e43ed820f61c953263934ce600b49f74d5,2010-12-17 21:14:33,,
call,in,5f0679e43ed820f61c953263934ce600b49f74d5,2010-12-17 20:47:07,,
call,in,5f0679e43ed820f61c953263934ce600b49f74d5,2010-12-17 20:30:22,,
call,out,5f0679e43ed820f61c953263934ce600b49f74d5,2010-12-17 20:12:18,,
call,in,b405fafb619e7b40d694436b90fd4c07f0e3dd3,2010-12-18 18:26:53,,
call,out,824cfb7404115d686af2ecf9dcec1fa89d6dc645,2010-12-20 12:39:21,,
call,out,fa10-01-73,2010-12-20 23:06:50,,
call,in,404692932b879dc46ab94720e0f14b32a6823c40,2010-12-20 15:24:31,,
call,out,824cfb7404115d686af2ecf9dcec1fa89d6dc645,2010-12-20 12:46:10,,
call,in,2958de236affadc240e3ef5d12ea7848544a7e92,2010-12-21 19:30:48,,
call,out,68566100704d026853526c18aa3c95d1dc2e450d,2010-12-25 15:47:46,,
call,out,fa10-01-73,2010-12-25 15:47:06,,
call,out,5d1878b253ee0c9b4f5cbebc3a54b5c7c5bfa6ea,2010-12-25 15:46:50,,
call,out,5d1878b253ee0c9b4f5cbebc3a54b5c7c5bfa6ea,2010-12-25 15:46:02,,
call,out,5d1878b253ee0c9b4f5cbebc3a54b5c7c5bfa6ea,2010-12-25 15:45:32,,
call,out,5d1878b253ee0c9b4f5cbebc3a54b5c7c5bfa6ea,2010-12-25 15:44:58,,
call,out,5d1878b253ee0c9b4f5cbebc3a54b5c7c5bfa6ea,2010-12-25 15:44:36,,
call,out,5d1878b253ee0c9b4f5cbebc3a54b5c7c5bfa6ea,2010-12-25 15:44:21,,
call,out,5d1878b253ee0c9b4f5cbebc3a54b5c7c5bfa6ea,2010-12-25 15:44:05,,
call,out,5d1878b253ee0c9b4f5cbebc3a54b5c7c5bfa6ea,2010-12-25 15:18:31,,
call,out,68566100704d026853526c18aa3c95d1dc2e450d,2010-12-25 15:17:34,,
call,out,b76f4eca47fa211c296b006f33e1efcf1047b217,2010-12-25 15:16:37,,
call,out,2bd8e74e0a6d0a71e69e30fa03bcd67d891ee632,2010-12-26 17:38:51,,
call,out,f685b53fb651c76572c29f8863a42958856acceb,2010-12-26 17:36:35,,
call,out,e39a1a3c1aeb003f89611d3fc577d1e92a4287d6,2010-12-26 17:35:42,,
call,out,e39a1a3c1aeb003f89611d3fc577d1e92a4287d6,2010-12-26 17:34:53,,
call,in,86b6562a7f1110beab523e1864fb0e6853bac0e0,2010-12-28 13:01:19,,
call,out,5d1878b253ee0c9b4f5cbebc3a54b5c7c5bfa6ea,2011-01-01 16:35:34,,
call,in,5d1878b253ee0c9b4f5cbebc3a54b5c7c5bfa6ea,2011-01-01 16:34:48,,
call,out,68566100704d026853526c18aa3c95d1dc2e450d,2011-01-02 21:09:20,,
call,out,b76f4eca47fa211c296b006f33e1efcf1047b217,2011-01-02 21:07:31,,
call,out,5d1878b253ee0c9b4f5cbebc3a54b5c7c5bfa6ea,2011-01-02 21:06:33,,
call,out,4cc8468ab680b164b6b4ede29fc7b0276932d610,2011-01-03 15:52:58,,
call,out,fa10-01-73,2011-01-03 14:50:56,,
call,out,b405fafb619e7b40d694436b90fd4c07f0e3dd3,2011-01-03 20:33:36,,
call,out,b405fafb619e7b40d694436b90fd4c07f0e3dd3,2011-01-03 20:33:02,,
call,out,b405fafb619e7b40d694436b90fd4c07f0e3dd3,2011-01-03 20:32:24,,
call,out,b405fafb619e7b40d694436b90fd4c07f0e3dd3,2011-01-03 20:31:49,,
call,out,4cc8468ab680b164b6b4ede29fc7b0276932d610,2011-01-04 12:48:30,,
call,in,4cc8468ab680b164b6b4ede29fc7b0276932d610,2011-01-04 21:54:19,,
call,out,fa10-01-73,2011-01-06 13:44:29,,
call,in,b405fafb619e7b40d694436b90fd4c07f0e3dd3,2011-01-06 13:12:24,,
call,out,5f0679e43ed820f61c953263934ce600b49f74d5,2011-01-06 20:32:48,,
call,in,4cc8468ab680b164b6b4ede29fc7b0276932d610,2011-01-07 18:01:13,,
call,out,4cc8468ab680b164b6b4ede29fc7b0276932d610,2011-01-07 18:37:41,,
call,out,4cc8468ab680b164b6b4ede29fc7b0276932d610,2011-01-07 18:31:41,,
call,out,fa10-01-73,2011-01-09 19:01:04,,
call,out,fa10-01-73,2011-01-09 18:57:46,,
call,out,fa10-01-73,2011-01-09 18:57:15,,
call,out,63d20c40f2b8103e8793a144758a2e480445dede,2011-01-09 17:44:04,,
call,out,b405fafb619e7b40d694436b90fd4c07f0e3dd3,2011-01-09 23:24:40,,
call,out,b76f4eca47fa211c296b006f33e1efcf1047b217,2011-01-09 23:14:40,,
call,out,5d1878b253ee0c9b4f5cbebc3a54b5c7c5bfa6ea,2011-01-09 23:14:19,,
call,out,b405fafb619e7b40d694436b90fd4c07f0e3dd3,2011-01-10 22:32:35,,
call,out,fa10-01-73,2011-01-11 16:54:08,,
call,in,8de38623f7b54bd6bfc061ba1728767b93fd7986,2011-01-11 10:21:02,,
call,in,4cc8468ab680b164b6b4ede29fc7b0276932d610,2011-01-11 09:08:55,,
call,in,9d881c879aa9b9a04ac0ab6fd1371219369b9398,2011-01-11 08:28:01,,
call,out,9d881c879aa9b9a04ac0ab6fd1371219369b9398,2011-01-11 08:13:59,,
call,out,b405fafb619e7b40d694436b90fd4c07f0e3dd3,2011-01-11 23:01:33,,
call,out,fa10-01-73,2011-01-11 22:59:53,,
call,out,b405fafb619e7b40d694436b90fd4c07f0e3dd3,2011-01-11 21:56:22,,
call,in,b488c5c986664eee534f34c239e42b157d7894c5,2011-01-12 13:32:54,,
call,out,b488c5c986664eee534f34c239e42b157d7894c5,2011-01-12 13:31:57,,
call,out,4cc8468ab680b164b6b4ede29fc7b0276932d610,2011-01-12 07:14:11,,
call,out,b405fafb619e7b40d694436b90fd4c07f0e3dd3,2011-01-12 22:10:38,,
call,in,b405fafb619e7b40d694436b90fd4c07f0e3dd3,2011-01-12 22:08:13,,
call,out,b405fafb619e7b40d694436b90fd4c07f0e3dd3,2011-01-12 21:57:59,,
call,out,b405fafb619e7b40d694436b90fd4c07f0e3dd3,2011-01-12 21:46:28,,
call,out,4cc8468ab680b164b6b4ede29fc7b0276932d610,2011-01-12 21:00:46,,
call,out,4cc8468ab680b164b6b4ede29fc7b0276932d610,2011-01-12 20:59:39,,
call,out,4cc8468ab680b164b6b4ede29fc7b0276932d610,2011-01-12 20:59:00,,
call,out,4cc8468ab680b164b6b4ede29fc7b0276932d610,2011-01-12 20:56:27,,
call,in,c056532e77877844f45135e37f33282d2c1e6b2c,2011-01-13 06:04:53,,
call,out,b405fafb619e7b40d694436b90fd4c07f0e3dd3,2011-01-13 21:56:08,,
call,out,b405fafb619e7b40d694436b90fd4c07f0e3dd3,2011-01-14 20:25:48,,
call,out,b405fafb619e7b40d694436b90fd4c07f0e3dd3,2011-01-14 20:14:22,,
call,in,b405fafb619e7b40d694436b90fd4c07f0e3dd3,2011-01-14 19:55:59,,
call,out,b405fafb619e7b40d694436b90fd4c07f0e3dd3,2011-01-14 19:55:27,,
call,out,b405fafb619e7b40d694436b90fd4c07f0e3dd3,2011-01-14 19:20:34,,
call,out,404692932b879dc46ab94720e0f14b32a6823c40,2011-01-14 19:12:04,,
call,out,fa10-01-73,2011-01-14 19:11:09,,
call,out,fa10-01-73,2011-01-14 19:10:16,,
call,in,404692932b879dc46ab94720e0f14b32a6823c40,2011-01-14 18:52:49,,
call,in,404692932b879dc46ab94720e0f14b32a6823c40,2011-01-14 23:19:27,,
call,out,305570d24eeacdf6d8d57b857fc99fd21e602097,2011-01-15 17:10:06,,
call,out,5f0e012def44260ec7863417553a5ba696e69054,2011-01-15 18:58:16,,
call,in,b405fafb619e7b40d694436b90fd4c07f0e3dd3,2011-01-16 16:32:52,,
call,out,b405fafb619e7b40d694436b90fd4c07f0e3dd3,2011-01-16 15:45:07,,
call,out,9d881c879aa9b9a04ac0ab6fd1371219369b9398,2011-01-16 14:10:34,,
call,out,9d881c879aa9b9a04ac0ab6fd1371219369b9398,2011-01-16 13:51:27,,
call,in,7fc0be4196e8a24be4da70072fc1f432b94d8e3e,2011-01-16 17:17:20,,
call,out,fa10-01-73,2011-01-16 20:40:38,,
call,in,b405fafb619e7b40d694436b90fd4c07f0e3dd3,2011-01-17 01:29:48,,
call,in,7fc0be4196e8a24be4da70072fc1f432b94d8e3e,2011-01-16 21:34:30,,
call,out,b76f4eca47fa211c296b006f33e1efcf1047b217,2011-01-16 21:12:51,,
call,out,7fc0be4196e8a24be4da70072fc1f432b94d8e3e,2011-01-16 21:00:44,,
call,out,fa10-01-73,2011-01-17 19:07:42,,
call,in,9d881c879aa9b9a04ac0ab6fd1371219369b9398,2011-01-17 13:34:38,,
call,in,7fc0be4196e8a24be4da70072fc1f432b94d8e3e,2011-01-17 13:28:06,,
call,out,5f0e012def44260ec7863417553a5ba696e69054,2011-01-17 12:45:49,,
call,out,fa10-01-73,2011-01-18 09:30:15,,
call,in,1579e0a53b73f974657a4d64a17a6eef29888caf,2011-01-18 08:02:33,,
call,out,b405fafb619e7b40d694436b90fd4c07f0e3dd3,2011-01-18 01:14:00,,
call,out,b405fafb619e7b40d694436b90fd4c07f0e3dd3,2011-01-18 01:05:26,,
call,in,4bcc58ceb2347fa3b08dea3fb465e3b4ec35075b,2011-01-18 21:53:45,,
call,in,b405fafb619e7b40d694436b90fd4c07f0e3dd3,2011-01-18 23:55:23,,
call,in,b405fafb619e7b40d694436b90fd4c07f0e3dd3,2011-01-18 23:49:50,,
call,out,b405fafb619e7b40d694436b90fd4c07f0e3dd3,2011-01-18 23:38:56,,
call,out,b405fafb619e7b40d694436b90fd4c07f0e3dd3,2011-01-18 22:36:45,,
call,in,30c07925369ec661e3bd0ea2fc5c3811228116b4,2011-01-19 16:06:11,,
call,in,5f0e012def44260ec7863417553a5ba696e69054,2011-01-19 21:31:06,,
call,out,b405fafb619e7b40d694436b90fd4c07f0e3dd3,2011-01-19 20:21:53,,
call,out,b405fafb619e7b40d694436b90fd4c07f0e3dd3,2011-01-20 20:29:25,,
call,out,fa10-01-73,2011-01-21 09:28:47,,
call,in,9d881c879aa9b9a04ac0ab6fd1371219369b9398,2011-01-21 08:48:40,,
call,out,b405fafb619e7b40d694436b90fd4c07f0e3dd3,2011-01-21 22:14:14,,
call,out,fa10-01-73,2011-01-22 08:44:40,,
call,in,5f0e012def44260ec7863417553a5ba696e69054,2011-01-22 19:33:28,,
text,in,b405fafb619e7b40d694436b90fd4c07f0e3dd3,2010-10-09 17:26:19,,
text,out,b405fafb619e7b40d694436b90fd4c07f0e3dd3,2010-10-13 13:51:55,,
text,in,b405fafb619e7b40d694436b90fd4c07f0e3dd3,2010-10-13 13:54:24,,
text,in,b405fafb619e7b40d694436b90fd4c07f0e3dd3,2010-10-13 17:57:35,,
text,in,68566100704d026853526c18aa3c95d1dc2e450d,2010-10-14 12:38:34,,
text,in,68566100704d026853526c18aa3c95d1dc2e450d,2010-10-14 12:38:30,,
text,in,b405fafb619e7b40d694436b90fd4c07f0e3dd3,2010-10-14 11:26:56,,
text,in,b405fafb619e7b40d694436b90fd4c07f0e3dd3,2010-10-14 10:42:11,,
text,out,b405fafb619e7b40d694436b90fd4c07f0e3dd3,2010-10-14 11:23:50,,
text,out,68566100704d026853526c18aa3c95d1dc2e450d,2010-10-14 14:55:59,,
text,in,68566100704d026853526c18aa3c95d1dc2e450d,2010-10-14 15:41:54,,
text,out,5d1878b253ee0c9b4f5cbebc3a54b5c7c5bfa6ea,2010-10-16 16:20:14,,
text,out,b405fafb619e7b40d694436b90fd4c07f0e3dd3,2010-10-18 10:16:11,,
text,in,b405fafb619e7b40d694436b90fd4c07f0e3dd3,2010-10-19 14:32:05,,
text,in,b405fafb619e7b40d694436b90fd4c07f0e3dd3,2010-10-19 14:22:59,,
text,in,b405fafb619e7b40d694436b90fd4c07f0e3dd3,2010-10-19 14:20:13,,
text,out,b405fafb619e7b40d694436b90fd4c07f0e3dd3,2010-10-19 14:21:37,,
text,in,b405fafb619e7b40d694436b90fd4c07f0e3dd3,2010-10-19 16:06:56,,
text,in,b405fafb619e7b40d694436b90fd4c07f0e3dd3,2010-10-19 16:13:36,,
text,out,b405fafb619e7b40d694436b90fd4c07f0e3dd3,2010-10-19 16:10:49,,
text,in,b405fafb619e7b40d694436b90fd4c07f0e3dd3,2010-10-20 10:22:28,,
text,in,b405fafb619e7b40d694436b90fd4c07f0e3dd3,2010-10-20 13:29:38,,
text,out,b405fafb619e7b40d694436b90fd4c07f0e3dd3,2010-10-20 13:30:52,,
text,out,b405fafb619e7b40d694436b90fd4c07f0e3dd3,2010-10-20 13:27:52,,
text,in,b405fafb619e7b40d694436b90fd4c07f0e3dd3,2010-10-20 14:13:05,,
text,in,b405fafb619e7b40d694436b90fd4c07f0e3dd3,2010-10-20 17:29:45,,
text,out,b405fafb619e7b40d694436b90fd4c07f0e3dd3,2010-10-20 17:34:53,,
text,in,7fc0be4196e8a24be4da70072fc1f432b94d8e3e,2010-10-22 20:40:05,,
text,out,7fc0be4196e8a24be4da70072fc1f432b94d8e3e,2010-10-22 22:44:56,,
text,in,7fc0be4196e8a24be4da70072fc1f432b94d8e3e,2010-10-24 15:55:59,,
text,in,7fc0be4196e8a24be4da70072fc1f432b94d8e3e,2010-10-24 15:50:11,,
text,in,7fc0be4196e8a24be4da70072fc1f432b94d8e3e,2010-10-24 15:42:12,,
text,out,7fc0be4196e8a24be4da70072fc1f432b94d8e3e,2010-10-24 15:53:12,,
text,out,7fc0be4196e8a24be4da70072fc1f432b94d8e3e,2010-10-24 15:45:31,,
text,in,7fc0be4196e8a24be4da70072fc1f432b94d8e3e,2010-10-24 22:00:39,,
text,in,fef7ffad04c8a2ca7f602812c2ccca72fded6b0d,2010-10-25 11:03:26,,
text,in,fef7ffad04c8a2ca7f602812c2ccca72fded6b0d,2010-10-25 11:02:58,,
text,in,7fc0be4196e8a24be4da70072fc1f432b94d8e3e,2010-10-25 14:13:14,,
text,out,7fc0be4196e8a24be4da70072fc1f432b94d8e3e,2010-10-25 14:14:49,,
text,out,7fc0be4196e8a24be4da70072fc1f432b94d8e3e,2010-10-26 10:08:36,,
text,in,7fc0be4196e8a24be4da70072fc1f432b94d8e3e,2010-10-26 10:26:57,,
text,in,7fc0be4196e8a24be4da70072fc1f432b94d8e3e,2010-10-26 10:25:08,,
text,in,7fc0be4196e8a24be4da70072fc1f432b94d8e3e,2010-10-26 14:06:57,,
text,in,7fc0be4196e8a24be4da70072fc1f432b94d8e3e,2010-10-26 12:38:04,,
text,in,7fc0be4196e8a24be4da70072fc1f432b94d8e3e,2010-10-26 12:34:47,,
text,out,7fc0be4196e8a24be4da70072fc1f432b94d8e3e,2010-10-26 12:56:10,,
text,out,7fc0be4196e8a24be4da70072fc1f432b94d8e3e,2010-10-26 12:37:07,,
text,out,7fc0be4196e8a24be4da70072fc1f432b94d8e3e,2010-10-26 12:33:45,,
text,out,7fc0be4196e8a24be4da70072fc1f432b94d8e3e,2010-10-26 12:30:03,,
text,in,68566100704d026853526c18aa3c95d1dc2e450d,2010-10-26 15:11:02,,
text,in,b405fafb619e7b40d694436b90fd4c07f0e3dd3,2010-10-26 14:49:39,,
text,out,b405fafb619e7b40d694436b90fd4c07f0e3dd3,2010-10-26 17:05:32,,
text,out,7fc0be4196e8a24be4da70072fc1f432b94d8e3e,2010-10-26 15:44:39,,
text,in,7fc0be4196e8a24be4da70072fc1f432b94d8e3e,2010-10-26 21:52:40,,
text,out,7fc0be4196e8a24be4da70072fc1f432b94d8e3e,2010-10-26 22:29:47,,
text,out,7fc0be4196e8a24be4da70072fc1f432b94d8e3e,2010-10-26 22:29:41,,
text,in,b405fafb619e7b40d694436b90fd4c07f0e3dd3,2010-10-27 12:14:05,,
text,out,b405fafb619e7b40d694436b90fd4c07f0e3dd3,2010-10-27 12:02:40,,
text,in,b405fafb619e7b40d694436b90fd4c07f0e3dd3,2010-10-27 13:37:10,,
text,in,b405fafb619e7b40d694436b90fd4c07f0e3dd3,2010-10-27 13:19:55,,
text,out,b405fafb619e7b40d694436b90fd4c07f0e3dd3,2010-10-27 13:27:11,,
text,out,b405fafb619e7b40d694436b90fd4c07f0e3dd3,2010-10-27 13:17:03,,
text,in,32da8a3fcdcda8960e5c2d288ff383be9b06d793,2010-10-27 19:16:15,,
text,in,7fc0be4196e8a24be4da70072fc1f432b94d8e3e,2010-10-27 17:41:38,,
text,out,32da8a3fcdcda8960e5c2d288ff383be9b06d793,2010-10-27 19:00:32,,
text,out,7fc0be4196e8a24be4da70072fc1f432b94d8e3e,2010-10-27 17:45:19,,
text,in,b405fafb619e7b40d694436b90fd4c07f0e3dd3,2010-10-28 16:31:20,,
text,out,b405fafb619e7b40d694436b90fd4c07f0e3dd3,2010-10-28 16:30:33,,
text,out,b405fafb619e7b40d694436b90fd4c07f0e3dd3,2010-10-28 16:29:04,,
text,in,7fc0be4196e8a24be4da70072fc1f432b94d8e3e,2010-10-28 21:29:54,,
text,in,7fc0be4196e8a24be4da70072fc1f432b94d8e3e,2010-10-28 21:29:48,,
text,in,7fc0be4196e8a24be4da70072fc1f432b94d8e3e,2010-10-28 21:19:54,,
text,out,7fc0be4196e8a24be4da70072fc1f432b94d8e3e,2010-10-28 21:38:51,,
text,out,7fc0be4196e8a24be4da70072fc1f432b94d8e3e,2010-10-28 21:23:58,,
text,in,b405fafb619e7b40d694436b90fd4c07f0e3dd3,2010-10-29 14:02:06,,
text,in,b405fafb619e7b40d694436b90fd4c07f0e3dd3,2010-10-29 13:40:27,,
text,in,b405fafb619e7b40d694436b90fd4c07f0e3dd3,2010-10-29 13:20:24,,
text,out,b405fafb619e7b40d694436b90fd4c07f0e3dd3,2010-10-29 14:03:05,,
text,out,b405fafb619e7b40d694436b90fd4c07f0e3dd3,2010-10-29 13:42:31,,
text,out,b405fafb619e7b40d694436b90fd4c07f0e3dd3,2010-10-29 13:32:50,,
text,in,b405fafb619e7b40d694436b90fd4c07f0e3dd3,2010-10-29 17:08:32,,
text,out,b405fafb619e7b40d694436b90fd4c07f0e3dd3,2010-10-29 17:29:32,,
text,in,b405fafb619e7b40d694436b90fd4c07f0e3dd3,2010-11-01 21:12:13,,
text,out,b405fafb619e7b40d694436b90fd4c07f0e3dd3,2010-11-01 21:02:21,,
text,out,b405fafb619e7b40d694436b90fd4c07f0e3dd3,2010-11-02 11:54:37,,
text,out,b405fafb619e7b40d694436b90fd4c07f0e3dd3,2010-11-02 11:54:26,,
text,in,68566100704d026853526c18aa3c95d1dc2e450d,2010-11-02 19:42:40,,
text,in,68566100704d026853526c18aa3c95d1dc2e450d,2010-11-02 19:42:37,,
text,in,b405fafb619e7b40d694436b90fd4c07f0e3dd3,2010-11-02 11:56:39,,
text,out,68566100704d026853526c18aa3c95d1dc2e450d,2010-11-02 19:38:30,,
text,in,1579e0a53b73f974657a4d64a17a6eef29888caf,2010-11-03 10:12:50,,
text,out,1579e0a53b73f974657a4d64a17a6eef29888caf,2010-11-03 10:05:25,,
text,in,b405fafb619e7b40d694436b90fd4c07f0e3dd3,2010-11-03 16:47:41,,
text,in,b405fafb619e7b40d694436b90fd4c07f0e3dd3,2010-11-03 13:36:04,,
text,out,b405fafb619e7b40d694436b90fd4c07f0e3dd3,2010-11-03 17:35:16,,
text,out,b405fafb619e7b40d694436b90fd4c07f0e3dd3,2010-11-03 13:36:26,,
text,out,b405fafb619e7b40d694436b90fd4c07f0e3dd3,2010-11-03 13:29:53,,
text,in,b405fafb619e7b40d694436b90fd4c07f0e3dd3,2010-11-04 15:56:05,,
text,in,b405fafb619e7b40d694436b90fd4c07f0e3dd3,2010-11-04 15:50:38,,
text,in,b405fafb619e7b40d694436b90fd4c07f0e3dd3,2010-11-04 14:44:25,,
text,in,b405fafb619e7b40d694436b90fd4c07f0e3dd3,2010-11-04 12:01:17,,
text,in,b405fafb619e7b40d694436b90fd4c07f0e3dd3,2010-11-04 12:00:39,,
text,in,b405fafb619e7b40d694436b90fd4c07f0e3dd3,2010-11-04 10:41:57,,
text,out,b405fafb619e7b40d694436b90fd4c07f0e3dd3,2010-11-04 17:16:05,,
text,out,b405fafb619e7b40d694436b90fd4c07f0e3dd3,2010-11-04 15:53:18,,
text,out,b405fafb619e7b40d694436b90fd4c07f0e3dd3,2010-11-04 14:43:12,,
text,out,b405fafb619e7b40d694436b90fd4c07f0e3dd3,2010-11-04 11:48:21,,
text,in,b405fafb619e7b40d694436b90fd4c07f0e3dd3,2010-11-05 09:54:47,,
text,out,b405fafb619e7b40d694436b90fd4c07f0e3dd3,2010-11-05 10:36:22,,
text,in,b405fafb619e7b40d694436b90fd4c07f0e3dd3,2010-11-06 10:51:36,,
text,out,b405fafb619e7b40d694436b90fd4c07f0e3dd3,2010-11-06 16:58:08,,
text,out,533943e25cf91c0e70d3a7ab602d471dfb65a11a,2010-11-07 23:15:38,,
text,in,b405fafb619e7b40d694436b90fd4c07f0e3dd3,2010-11-08 10:15:03,,
text,out,b405fafb619e7b40d694436b90fd4c07f0e3dd3,2010-11-08 10:51:59,,
text,in,b405fafb619e7b40d694436b90fd4c07f0e3dd3,2010-11-08 17:59:01,,
text,in,b29bf18f15ac8a0c1f8948eb312692dbdfdd13ea,2010-11-08 14:15:26,,
text,in,b29bf18f15ac8a0c1f8948eb312692dbdfdd13ea,2010-11-08 14:11:09,,
text,out,b405fafb619e7b40d694436b90fd4c07f0e3dd3,2010-11-08 17:56:12,,
text,out,b29bf18f15ac8a0c1f8948eb312692dbdfdd13ea,2010-11-08 14:14:13,,
text,out,b29bf18f15ac8a0c1f8948eb312692dbdfdd13ea,2010-11-08 14:08:53,,
text,in,b405fafb619e7b40d694436b90fd4c07f0e3dd3,2010-11-09 15:46:35,,
text,out,b405fafb619e7b40d694436b90fd4c07f0e3dd3,2010-11-09 15:43:57,,
text,in,6f9acf948773ede7d28a74fc1ac72e8c2c3389f0,2010-11-10 17:53:30,,
text,in,404692932b879dc46ab94720e0f14b32a6823c40,2010-11-10 23:14:57,,
text,in,1579e0a53b73f974657a4d64a17a6eef29888caf,2010-11-10 23:09:10,,
text,in,1579e0a53b73f974657a4d64a17a6eef29888caf,2010-11-10 23:02:34,,
text,in,1579e0a53b73f974657a4d64a17a6eef29888caf,2010-11-10 23:01:19,,
text,in,1579e0a53b73f974657a4d64a17a6eef29888caf,2010-11-10 22:57:27,,
text,in,1579e0a53b73f974657a4d64a17a6eef29888caf,2010-11-10 22:38:33,,
text,out,404692932b879dc46ab94720e0f14b32a6823c40,2010-11-10 23:13:38,,
text,out,1579e0a53b73f974657a4d64a17a6eef29888caf,2010-11-10 23:02:57,,
text,out,1579e0a53b73f974657a4d64a17a6eef29888caf,2010-11-10 23:00:04,,
text,out,1579e0a53b73f974657a4d64a17a6eef29888caf,2010-11-10 22:54:24,,
text,in,b405fafb619e7b40d694436b90fd4c07f0e3dd3,2010-11-12 20:17:55,,
text,in,1579e0a53b73f974657a4d64a17a6eef29888caf,2010-11-12 14:12:27,,
text,in,1579e0a53b73f974657a4d64a17a6eef29888caf,2010-11-12 14:12:19,,
text,in,1579e0a53b73f974657a4d64a17a6eef29888caf,2010-11-12 14:12:07,,
text,in,1579e0a53b73f974657a4d64a17a6eef29888caf,2010-11-12 14:12:07,,
text,in,1579e0a53b73f974657a4d64a17a6eef29888caf,2010-11-12 14:08:40,,
text,in,1579e0a53b73f974657a4d64a17a6eef29888caf,2010-11-12 14:07:24,,
text,in,1579e0a53b73f974657a4d64a17a6eef29888caf,2010-11-12 14:06:53,,
text,in,1579e0a53b73f974657a4d64a17a6eef29888caf,2010-11-12 14:06:18,,
text,in,1579e0a53b73f974657a4d64a17a6eef29888caf,2010-11-12 13:39:57,,
text,in,581f59dafe3c33625e8d8291f4b9fa48f25f5089,2010-11-12 11:47:28,,
text,in,1579e0a53b73f974657a4d64a17a6eef29888caf,2010-11-12 09:01:07,,
text,out,1579e0a53b73f974657a4d64a17a6eef29888caf,2010-11-12 14:11:09,,
text,out,1579e0a53b73f974657a4d64a17a6eef29888caf,2010-11-12 14:08:07,,
text,out,1579e0a53b73f974657a4d64a17a6eef29888caf,2010-11-12 14:05:17,,
text,in,c31c940ae71a30f058fbf5ac7486abd32441cde1,2010-11-13 14:04:58,,
text,in,b405fafb619e7b40d694436b90fd4c07f0e3dd3,2010-11-13 16:34:07,,
text,in,b405fafb619e7b40d694436b90fd4c07f0e3dd3,2010-11-13 16:15:59,,
text,in,b405fafb619e7b40d694436b90fd4c07f0e3dd3,2010-11-13 15:26:53,,
text,out,b405fafb619e7b40d694436b90fd4c07f0e3dd3,2010-11-13 16:31:39,,
text,out,b405fafb619e7b40d694436b90fd4c07f0e3dd3,2010-11-13 15:57:21,,
text,in,e39a1a3c1aeb003f89611d3fc577d1e92a4287d6,2010-11-13 20:02:21,,
text,in,e39a1a3c1aeb003f89611d3fc577d1e92a4287d6,2010-11-13 19:57:19,,
text,in,e39a1a3c1aeb003f89611d3fc577d1e92a4287d6,2010-11-13 19:51:20,,
text,out,e39a1a3c1aeb003f89611d3fc577d1e92a4287d6,2010-11-13 20:04:51,,
text,out,e39a1a3c1aeb003f89611d3fc577d1e92a4287d6,2010-11-13 19:59:43,,
text,out,e39a1a3c1aeb003f89611d3fc577d1e92a4287d6,2010-11-13 19:55:09,,
text,out,e39a1a3c1aeb003f89611d3fc577d1e92a4287d6,2010-11-13 19:50:03,,
text,out,b405fafb619e7b40d694436b90fd4c07f0e3dd3,2010-11-13 17:13:42,,
text,in,b405fafb619e7b40d694436b90fd4c07f0e3dd3,2010-11-15 10:15:14,,
text,in,b405fafb619e7b40d694436b90fd4c07f0e3dd3,2010-11-15 17:33:06,,
text,in,b405fafb619e7b40d694436b90fd4c07f0e3dd3,2010-11-15 15:10:59,,
text,out,b405fafb619e7b40d694436b90fd4c07f0e3dd3,2010-11-15 17:35:07,,
text,out,b405fafb619e7b40d694436b90fd4c07f0e3dd3,2010-11-15 17:31:08,,
text,in,b405fafb619e7b40d694436b90fd4c07f0e3dd3,2010-11-16 10:10:14,,
text,in,b405fafb619e7b40d694436b90fd4c07f0e3dd3,2010-11-16 10:08:02,,
text,in,b405fafb619e7b40d694436b90fd4c07f0e3dd3,2010-11-16 09:34:38,,
text,out,b405fafb619e7b40d694436b90fd4c07f0e3dd3,2010-11-16 10:08:55,,
text,out,b405fafb619e7b40d694436b90fd4c07f0e3dd3,2010-11-16 09:59:32,,
text,in,b405fafb619e7b40d694436b90fd4c07f0e3dd3,2010-11-16 18:59:26,,
text,in,68e67b1aa6a0fea1e8882d44351f5f570480185c,2010-11-16 18:09:57,,
text,in,b405fafb619e7b40d694436b90fd4c07f0e3dd3,2010-11-16 17:35:20,,
text,in,b405fafb619e7b40d694436b90fd4c07f0e3dd3,2010-11-16 17:32:26,,
text,in,68e67b1aa6a0fea1e8882d44351f5f570480185c,2010-11-16 16:41:58,,
text,in,68e67b1aa6a0fea1e8882d44351f5f570480185c,2010-11-16 16:40:58,,
text,in,68e67b1aa6a0fea1e8882d44351f5f570480185c,2010-11-16 15:07:25,,
text,out,5841a0291be00a7805d111c9a0df9edca272c82c,2010-11-16 19:45:06,,
text,out,68e67b1aa6a0fea1e8882d44351f5f570480185c,2010-11-16 18:10:46,,
text,out,b405fafb619e7b40d694436b90fd4c07f0e3dd3,2010-11-16 17:33:56,,
text,out,68e67b1aa6a0fea1e8882d44351f5f570480185c,2010-11-16 17:08:19,,
text,out,68e67b1aa6a0fea1e8882d44351f5f570480185c,2010-11-16 16:33:45,,
text,in,5841a0291be00a7805d111c9a0df9edca272c82c,2010-11-16 21:06:24,,
text,out,5841a0291be00a7805d111c9a0df9edca272c82c,2010-11-16 22:26:51,,
text,in,b405fafb619e7b40d694436b90fd4c07f0e3dd3,2010-11-17 10:09:01,,
text,in,5841a0291be00a7805d111c9a0df9edca272c82c,2010-11-16 23:18:02,,
text,out,b405fafb619e7b40d694436b90fd4c07f0e3dd3,2010-11-17 10:00:33,,
text,in,b405fafb619e7b40d694436b90fd4c07f0e3dd3,2010-11-17 11:27:51,,
text,in,b405fafb619e7b40d694436b90fd4c07f0e3dd3,2010-11-17 11:19:07,,
text,out,b405fafb619e7b40d694436b90fd4c07f0e3dd3,2010-11-17 21:23:28,,
text,out,b405fafb619e7b40d694436b90fd4c07f0e3dd3,2010-11-17 11:25:53,,
text,in,b405fafb619e7b40d694436b90fd4c07f0e3dd3,2010-11-18 19:01:26,,
text,in,b405fafb619e7b40d694436b90fd4c07f0e3dd3,2010-11-18 18:43:32,,
text,in,b405fafb619e7b40d694436b90fd4c07f0e3dd3,2010-11-18 18:30:14,,
text,in,b405fafb619e7b40d694436b90fd4c07f0e3dd3,2010-11-18 17:34:43,,
text,out,b405fafb619e7b40d694436b90fd4c07f0e3dd3,2010-11-18 18:57:00,,
text,out,b405fafb619e7b40d694436b90fd4c07f0e3dd3,2010-11-18 18:40:18,,
text,out,b405fafb619e7b40d694436b90fd4c07f0e3dd3,2010-11-18 18:36:00,,
text,out,b405fafb619e7b40d694436b90fd4c07f0e3dd3,2010-11-18 18:29:40,,
text,out,b405fafb619e7b40d694436b90fd4c07f0e3dd3,2010-11-18 16:41:52,,
text,out,sp10-01-38,2010-11-18 14:28:52,,
text,in,b405fafb619e7b40d694436b90fd4c07f0e3dd3,2010-11-19 10:53:19,,
text,in,b405fafb619e7b40d694436b90fd4c07f0e3dd3,2010-11-19 09:52:11,,
text,out,b405fafb619e7b40d694436b90fd4c07f0e3dd3,2010-11-19 10:05:15,,
text,in,b405fafb619e7b40d694436b90fd4c07f0e3dd3,2010-11-19 13:25:15,,
text,in,b405fafb619e7b40d694436b90fd4c07f0e3dd3,2010-11-19 11:32:04,,
text,out,b405fafb619e7b40d694436b90fd4c07f0e3dd3,2010-11-19 11:32:27,,
text,out,b405fafb619e7b40d694436b90fd4c07f0e3dd3,2010-11-19 11:28:32,,
text,in,b405fafb619e7b40d694436b90fd4c07f0e3dd3,2010-11-20 18:21:35,,
text,in,6f9acf948773ede7d28a74fc1ac72e8c2c3389f0,2010-11-22 18:47:35,,
text,in,b405fafb619e7b40d694436b90fd4c07f0e3dd3,2010-11-23 18:52:39,,
text,out,68566100704d026853526c18aa3c95d1dc2e450d,2010-11-24 08:05:36,,
text,in,68566100704d026853526c18aa3c95d1dc2e450d,2010-11-24 13:53:29,,
text,out,68566100704d026853526c18aa3c95d1dc2e450d,2010-11-24 15:37:38,,
text,in,5bae374583346a7732ff3edd00e2a9ebb33358c7,2010-11-26 16:41:26,,
text,in,5bae374583346a7732ff3edd00e2a9ebb33358c7,2010-11-26 16:22:47,,
text,out,5bae374583346a7732ff3edd00e2a9ebb33358c7,2010-11-26 16:45:44,,
text,out,5bae374583346a7732ff3edd00e2a9ebb33358c7,2010-11-26 16:39:03,,
text,in,b405fafb619e7b40d694436b90fd4c07f0e3dd3,2010-11-29 00:56:35,,
text,in,b405fafb619e7b40d694436b90fd4c07f0e3dd3,2010-11-29 00:27:30,,
text,in,b405fafb619e7b40d694436b90fd4c07f0e3dd3,2010-11-28 23:21:32,,
text,out,b405fafb619e7b40d694436b90fd4c07f0e3dd3,2010-11-29 01:12:48,,
text,out,b405fafb619e7b40d694436b90fd4c07f0e3dd3,2010-11-29 00:54:51,,
text,in,b405fafb619e7b40d694436b90fd4c07f0e3dd3,2010-11-29 20:04:05,,
text,in,581f59dafe3c33625e8d8291f4b9fa48f25f5089,2010-11-29 20:04:04,,
text,in,581f59dafe3c33625e8d8291f4b9fa48f25f5089,2010-11-29 20:03:57,,
text,in,b405fafb619e7b40d694436b90fd4c07f0e3dd3,2010-11-29 17:30:12,,
text,in,b405fafb619e7b40d694436b90fd4c07f0e3dd3,2010-11-29 17:26:34,,
text,in,b405fafb619e7b40d694436b90fd4c07f0e3dd3,2010-11-29 08:14:41,,
text,out,581f59dafe3c33625e8d8291f4b9fa48f25f5089,2010-11-29 20:09:02,,
text,out,b405fafb619e7b40d694436b90fd4c07f0e3dd3,2010-11-29 17:28:18,,
text,out,b405fafb619e7b40d694436b90fd4c07f0e3dd3,2010-11-29 17:07:38,,
text,out,b405fafb619e7b40d694436b90fd4c07f0e3dd3,2010-11-29 08:19:15,,
text,out,b405fafb619e7b40d694436b90fd4c07f0e3dd3,2010-11-29 08:13:40,,
text,in,b405fafb619e7b40d694436b90fd4c07f0e3dd3,2010-11-29 23:04:03,,
text,out,b405fafb619e7b40d694436b90fd4c07f0e3dd3,2010-11-29 23:06:23,,
text,in,b405fafb619e7b40d694436b90fd4c07f0e3dd3,2010-11-30 08:11:45,,
text,out,b405fafb619e7b40d694436b90fd4c07f0e3dd3,2010-11-30 09:59:58,,
text,in,b405fafb619e7b40d694436b90fd4c07f0e3dd3,2010-11-30 22:41:54,,
text,in,b405fafb619e7b40d694436b90fd4c07f0e3dd3,2010-11-30 22:39:02,,
text,in,b405fafb619e7b40d694436b90fd4c07f0e3dd3,2010-11-30 22:34:49,,
text,out,b405fafb619e7b40d694436b90fd4c07f0e3dd3,2010-11-30 22:39:55,,
text,out,b405fafb619e7b40d694436b90fd4c07f0e3dd3,2010-11-30 22:37:53,,
text,in,b405fafb619e7b40d694436b90fd4c07f0e3dd3,2010-12-01 09:53:27,,
text,in,b405fafb619e7b40d694436b90fd4c07f0e3dd3,2010-12-01 07:58:57,,
text,in,b405fafb619e7b40d694436b90fd4c07f0e3dd3,2010-12-01 07:55:04,,
text,out,b405fafb619e7b40d694436b90fd4c07f0e3dd3,2010-12-01 07:56:26,,
text,in,b405fafb619e7b40d694436b90fd4c07f0e3dd3,2010-12-01 16:20:20,,
text,in,b405fafb619e7b40d694436b90fd4c07f0e3dd3,2010-12-01 13:08:56,,
text,out,1579e0a53b73f974657a4d64a17a6eef29888caf,2010-12-01 13:10:32,,
text,out,b405fafb619e7b40d694436b90fd4c07f0e3dd3,2010-12-01 13:07:19,,
text,in,b405fafb619e7b40d694436b90fd4c07f0e3dd3,2010-12-01 23:36:18,,
text,out,b405fafb619e7b40d694436b90fd4c07f0e3dd3,2010-12-01 23:37:18,,
text,out,b405fafb619e7b40d694436b90fd4c07f0e3dd3,2010-12-01 23:32:02,,
text,in,b405fafb619e7b40d694436b90fd4c07f0e3dd3,2010-12-02 18:40:53,,
text,in,b405fafb619e7b40d694436b90fd4c07f0e3dd3,2010-12-02 18:38:11,,
text,in,b405fafb619e7b40d694436b90fd4c07f0e3dd3,2010-12-02 17:39:36,,
text,out,b405fafb619e7b40d694436b90fd4c07f0e3dd3,2010-12-02 18:39:53,,
text,out,b405fafb619e7b40d694436b90fd4c07f0e3dd3,2010-12-02 18:36:45,,
text,in,b405fafb619e7b40d694436b90fd4c07f0e3dd3,2010-12-02 23:15:01,,
text,in,b405fafb619e7b40d694436b90fd4c07f0e3dd3,2010-12-02 23:13:11,,
text,in,b405fafb619e7b40d694436b90fd4c07f0e3dd3,2010-12-02 21:33:07,,
text,out,b405fafb619e7b40d694436b90fd4c07f0e3dd3,2010-12-02 23:15:21,,
text,out,b405fafb619e7b40d694436b90fd4c07f0e3dd3,2010-12-02 23:14:05,,
text,out,b405fafb619e7b40d694436b90fd4c07f0e3dd3,2010-12-02 23:02:51,,
text,out,b405fafb619e7b40d694436b90fd4c07f0e3dd3,2010-12-02 20:05:45,,
text,out,b405fafb619e7b40d694436b90fd4c07f0e3dd3,2010-12-03 16:30:39,,
text,in,b405fafb619e7b40d694436b90fd4c07f0e3dd3,2010-12-03 21:31:01,,
text,in,b405fafb619e7b40d694436b90fd4c07f0e3dd3,2010-12-03 20:05:02,,
text,in,b405fafb619e7b40d694436b90fd4c07f0e3dd3,2010-12-03 20:02:59,,
text,in,b405fafb619e7b40d694436b90fd4c07f0e3dd3,2010-12-03 17:52:23,,
text,out,b405fafb619e7b40d694436b90fd4c07f0e3dd3,2010-12-03 21:33:34,,
text,out,b405fafb619e7b40d694436b90fd4c07f0e3dd3,2010-12-03 20:03:41,,
text,in,b405fafb619e7b40d694436b90fd4c07f0e3dd3,2010-12-04 12:24:38,,
text,in,b405fafb619e7b40d694436b90fd4c07f0e3dd3,2010-12-05 00:07:37,,
text,in,b405fafb619e7b40d694436b90fd4c07f0e3dd3,2010-12-04 13:00:02,,
text,out,b405fafb619e7b40d694436b90fd4c07f0e3dd3,2010-12-04 12:43:39,,
text,in,b405fafb619e7b40d694436b90fd4c07f0e3dd3,2010-12-05 20:46:34,,
text,in,b405fafb619e7b40d694436b90fd4c07f0e3dd3,2010-12-05 20:00:31,,
text,in,b405fafb619e7b40d694436b90fd4c07f0e3dd3,2010-12-05 19:56:56,,
text,in,b405fafb619e7b40d694436b90fd4c07f0e3dd3,2010-12-05 19:54:00,,
text,in,b405fafb619e7b40d694436b90fd4c07f0e3dd3,2010-12-05 17:33:00,,
text,in,b405fafb619e7b40d694436b90fd4c07f0e3dd3,2010-12-05 17:31:29,,
text,in,b405fafb619e7b40d694436b90fd4c07f0e3dd3,2010-12-05 17:31:00,,
text,in,b405fafb619e7b40d694436b90fd4c07f0e3dd3,2010-12-05 17:30:59,,
text,in,b405fafb619e7b40d694436b90fd4c07f0e3dd3,2010-12-05 17:22:18,,
text,in,b405fafb619e7b40d694436b90fd4c07f0e3dd3,2010-12-05 17:21:03,,
text,in,fa10-01-13,2010-12-05 16:52:13,,
text,out,b405fafb619e7b40d694436b90fd4c07f0e3dd3,2010-12-05 19:58:56,,
text,out,b405fafb619e7b40d694436b90fd4c07f0e3dd3,2010-12-05 19:54:58,,
text,out,b405fafb619e7b40d694436b90fd4c07f0e3dd3,2010-12-05 17:31:53,,
text,out,b405fafb619e7b40d694436b90fd4c07f0e3dd3,2010-12-05 17:30:37,,
text,out,b405fafb619e7b40d694436b90fd4c07f0e3dd3,2010-12-05 17:25:41,,
text,out,b405fafb619e7b40d694436b90fd4c07f0e3dd3,2010-12-05 17:22:03,,
text,out,b405fafb619e7b40d694436b90fd4c07f0e3dd3,2010-12-05 17:18:59,,
text,out,fa10-01-13,2010-12-05 16:52:45,,
text,in,b405fafb619e7b40d694436b90fd4c07f0e3dd3,2010-12-06 17:36:29,,
text,in,b405fafb619e7b40d694436b90fd4c07f0e3dd3,2010-12-06 14:29:57,,
text,in,b405fafb619e7b40d694436b90fd4c07f0e3dd3,2010-12-06 14:24:08,,
text,out,b405fafb619e7b40d694436b90fd4c07f0e3dd3,2010-12-06 17:41:29,,
text,out,b405fafb619e7b40d694436b90fd4c07f0e3dd3,2010-12-06 17:34:54,,
text,out,b405fafb619e7b40d694436b90fd4c07f0e3dd3,2010-12-06 14:26:52,,
text,in,b405fafb619e7b40d694436b90fd4c07f0e3dd3,2010-12-07 12:56:41,,
text,in,b405fafb619e7b40d694436b90fd4c07f0e3dd3,2010-12-07 12:52:51,,
text,out,b405fafb619e7b40d694436b90fd4c07f0e3dd3,2010-12-07 12:54:29,,
text,out,b405fafb619e7b40d694436b90fd4c07f0e3dd3,2010-12-07 12:51:16,,
text,in,b405fafb619e7b40d694436b90fd4c07f0e3dd3,2010-12-07 19:05:07,,
text,in,b405fafb619e7b40d694436b90fd4c07f0e3dd3,2010-12-07 15:51:24,,
text,in,b405fafb619e7b40d694436b90fd4c07f0e3dd3,2010-12-07 15:48:48,,
text,in,b405fafb619e7b40d694436b90fd4c07f0e3dd3,2010-12-07 15:41:57,,
text,out,b405fafb619e7b40d694436b90fd4c07f0e3dd3,2010-12-07 18:05:10,,
text,out,b405fafb619e7b40d694436b90fd4c07f0e3dd3,2010-12-07 18:05:07,,
text,out,b405fafb619e7b40d694436b90fd4c07f0e3dd3,2010-12-07 15:49:27,,
text,out,b405fafb619e7b40d694436b90fd4c07f0e3dd3,2010-12-07 15:45:49,,
text,out,b405fafb619e7b40d694436b90fd4c07f0e3dd3,2010-12-07 15:37:40,,
text,out,b405fafb619e7b40d694436b90fd4c07f0e3dd3,2010-12-07 14:25:30,,
text,in,b405fafb619e7b40d694436b90fd4c07f0e3dd3,2010-12-08 08:32:18,,
text,in,b405fafb619e7b40d694436b90fd4c07f0e3dd3,2010-12-08 14:55:08,,
text,in,b405fafb619e7b40d694436b90fd4c07f0e3dd3,2010-12-08 13:57:03,,
text,in,b405fafb619e7b40d694436b90fd4c07f0e3dd3,2010-12-08 13:54:46,,
text,in,b405fafb619e7b40d694436b90fd4c07f0e3dd3,2010-12-08 13:52:19,,
text,in,b405fafb619e7b40d694436b90fd4c07f0e3dd3,2010-12-08 13:35:51,,
text,in,b405fafb619e7b40d694436b90fd4c07f0e3dd3,2010-12-08 13:32:35,,
text,in,b405fafb619e7b40d694436b90fd4c07f0e3dd3,2010-12-08 13:29:15,,
text,in,b405fafb619e7b40d694436b90fd4c07f0e3dd3,2010-12-08 13:24:06,,
text,in,b405fafb619e7b40d694436b90fd4c07f0e3dd3,2010-12-08 13:16:30,,
text,in,b405fafb619e7b40d694436b90fd4c07f0e3dd3,2010-12-08 13:13:00,,
text,in,b405fafb619e7b40d694436b90fd4c07f0e3dd3,2010-12-08 13:09:54,,
text,in,b405fafb619e7b40d694436b90fd4c07f0e3dd3,2010-12-08 13:07:30,,
text,in,b405fafb619e7b40d694436b90fd4c07f0e3dd3,2010-12-08 13:03:02,,
text,in,b405fafb619e7b40d694436b90fd4c07f0e3dd3,2010-12-08 10:46:46,,
text,in,b405fafb619e7b40d694436b90fd4c07f0e3dd3,2010-12-08 10:28:39,,
text,in,b405fafb619e7b40d694436b90fd4c07f0e3dd3,2010-12-08 10:25:03,,
text,out,b405fafb619e7b40d694436b90fd4c07f0e3dd3,2010-12-08 13:55:53,,
text,out,b405fafb619e7b40d694436b90fd4c07f0e3dd3,2010-12-08 13:53:16,,
text,out,b405fafb619e7b40d694436b90fd4c07f0e3dd3,2010-12-08 13:50:38,,
text,out,b405fafb619e7b40d694436b90fd4c07f0e3dd3,2010-12-08 13:34:20,,
text,out,b405fafb619e7b40d694436b90fd4c07f0e3dd3,2010-12-08 13:31:02,,
text,out,b405fafb619e7b40d694436b90fd4c07f0e3dd3,2010-12-08 13:22:27,,
text,out,b405fafb619e7b40d694436b90fd4c07f0e3dd3,2010-12-08 13:13:55,,
text,out,b405fafb619e7b40d694436b90fd4c07f0e3dd3,2010-12-08 13:11:26,,
text,out,b405fafb619e7b40d694436b90fd4c07f0e3dd3,2010-12-08 13:08:39,,
text,out,b405fafb619e7b40d694436b90fd4c07f0e3dd3,2010-12-08 13:05:00,,
text,out,b405fafb619e7b40d694436b90fd4c07f0e3dd3,2010-12-08 13:01:54,,
text,out,b405fafb619e7b40d694436b90fd4c07f0e3dd3,2010-12-08 10:43:16,,
text,out,b405fafb619e7b40d694436b90fd4c07f0e3dd3,2010-12-08 10:26:48,,
text,out,b405fafb619e7b40d694436b90fd4c07f0e3dd3,2010-12-08 10:20:30,,
text,out,b405fafb619e7b40d694436b90fd4c07f0e3dd3,2010-12-08 17:40:09,,
text,in,b405fafb619e7b40d694436b90fd4c07f0e3dd3,2010-12-08 22:04:47,,
text,in,b405fafb619e7b40d694436b90fd4c07f0e3dd3,2010-12-08 18:25:17,,
text,in,b405fafb619e7b40d694436b90fd4c07f0e3dd3,2010-12-08 17:56:50,,
text,in,b405fafb619e7b40d694436b90fd4c07f0e3dd3,2010-12-08 17:53:43,,
text,in,b405fafb619e7b40d694436b90fd4c07f0e3dd3,2010-12-08 17:50:53,,
text,in,b405fafb619e7b40d694436b90fd4c07f0e3dd3,2010-12-08 17:47:58,,
text,in,b405fafb619e7b40d694436b90fd4c07f0e3dd3,2010-12-08 17:45:41,,
text,in,b405fafb619e7b40d694436b90fd4c07f0e3dd3,2010-12-08 17:42:37,,
text,in,b405fafb619e7b40d694436b90fd4c07f0e3dd3,2010-12-08 17:41:24,,
text,in,b405fafb619e7b40d694436b90fd4c07f0e3dd3,2010-12-08 17:41:11,,
text,out,b405fafb619e7b40d694436b90fd4c07f0e3dd3,2010-12-08 22:14:52,,
text,out,b405fafb619e7b40d694436b90fd4c07f0e3dd3,2010-12-08 17:58:32,,
text,out,b405fafb619e7b40d694436b90fd4c07f0e3dd3,2010-12-08 17:55:09,,
text,out,b405fafb619e7b40d694436b90fd4c07f0e3dd3,2010-12-08 17:52:57,,
text,out,b405fafb619e7b40d694436b90fd4c07f0e3dd3,2010-12-08 17:49:29,,
text,out,b405fafb619e7b40d694436b90fd4c07f0e3dd3,2010-12-08 17:46:55,,
text,out,b405fafb619e7b40d694436b90fd4c07f0e3dd3,2010-12-08 17:44:21,,
text,out,b405fafb619e7b40d694436b90fd4c07f0e3dd3,2010-12-08 17:41:50,,
text,in,b405fafb619e7b40d694436b90fd4c07f0e3dd3,2010-12-09 21:07:16,,
text,in,b405fafb619e7b40d694436b90fd4c07f0e3dd3,2010-12-09 21:04:45,,
text,in,b405fafb619e7b40d694436b90fd4c07f0e3dd3,2010-12-09 20:17:01,,
text,in,b405fafb619e7b40d694436b90fd4c07f0e3dd3,2010-12-09 14:44:13,,
text,in,b405fafb619e7b40d694436b90fd4c07f0e3dd3,2010-12-09 14:41:51,,
text,in,b405fafb619e7b40d694436b90fd4c07f0e3dd3,2010-12-09 14:38:07,,
text,out,b405fafb619e7b40d694436b90fd4c07f0e3dd3,2010-12-09 21:05:14,,
text,out,b405fafb619e7b40d694436b90fd4c07f0e3dd3,2010-12-09 21:00:39,,
text,out,b405fafb619e7b40d694436b90fd4c07f0e3dd3,2010-12-09 14:42:46,,
text,out,b405fafb619e7b40d694436b90fd4c07f0e3dd3,2010-12-09 14:39:23,,
text,out,b405fafb619e7b40d694436b90fd4c07f0e3dd3,2010-12-09 14:36:26,,
text,in,b405fafb619e7b40d694436b90fd4c07f0e3dd3,2010-12-10 15:41:50,,
text,in,b405fafb619e7b40d694436b90fd4c07f0e3dd3,2010-12-10 15:18:21,,
text,in,b405fafb619e7b40d694436b90fd4c07f0e3dd3,2010-12-10 15:04:14,,
text,in,b405fafb619e7b40d694436b90fd4c07f0e3dd3,2010-12-10 11:47:57,,
text,out,b405fafb619e7b40d694436b90fd4c07f0e3dd3,2010-12-10 15:41:05,,
text,out,b405fafb619e7b40d694436b90fd4c07f0e3dd3,2010-12-10 15:35:34,,
text,out,b405fafb619e7b40d694436b90fd4c07f0e3dd3,2010-12-10 15:31:18,,
text,out,b405fafb619e7b40d694436b90fd4c07f0e3dd3,2010-12-10 15:16:44,,
text,out,b405fafb619e7b40d694436b90fd4c07f0e3dd3,2010-12-10 15:01:30,,
text,in,b405fafb619e7b40d694436b90fd4c07f0e3dd3,2010-12-11 00:10:48,,
text,in,b405fafb619e7b40d694436b90fd4c07f0e3dd3,2010-12-11 00:09:37,,
text,in,b405fafb619e7b40d694436b90fd4c07f0e3dd3,2010-12-11 00:04:22,,
text,in,b405fafb619e7b40d694436b90fd4c07f0e3dd3,2010-12-10 23:58:16,,
text,in,b405fafb619e7b40d694436b90fd4c07f0e3dd3,2010-12-10 23:48:51,,
text,in,b405fafb619e7b40d694436b90fd4c07f0e3dd3,2010-12-10 22:50:24,,
text,out,b405fafb619e7b40d694436b90fd4c07f0e3dd3,2010-12-11 00:10:03,,
text,out,b405fafb619e7b40d694436b90fd4c07f0e3dd3,2010-12-11 00:05:29,,
text,out,b405fafb619e7b40d694436b90fd4c07f0e3dd3,2010-12-11 00:02:08,,
text,out,b405fafb619e7b40d694436b90fd4c07f0e3dd3,2010-12-10 23:49:44,,
text,out,b405fafb619e7b40d694436b90fd4c07f0e3dd3,2010-12-10 23:27:20,,
text,in,b405fafb619e7b40d694436b90fd4c07f0e3dd3,2010-12-11 19:15:45,,
text,in,b405fafb619e7b40d694436b90fd4c07f0e3dd3,2010-12-11 19:09:37,,
text,in,b405fafb619e7b40d694436b90fd4c07f0e3dd3,2010-12-11 18:52:07,,
text,in,b405fafb619e7b40d694436b90fd4c07f0e3dd3,2010-12-11 17:34:17,,
text,in,b405fafb619e7b40d694436b90fd4c07f0e3dd3,2010-12-11 17:25:22,,
text,in,f177558fb1c889ac27573ae1c159def677e70143,2010-12-11 17:22:10,,
text,in,b405fafb619e7b40d694436b90fd4c07f0e3dd3,2010-12-11 16:50:41,,
text,in,b405fafb619e7b40d694436b90fd4c07f0e3dd3,2010-12-11 16:49:15,,
text,in,b405fafb619e7b40d694436b90fd4c07f0e3dd3,2010-12-11 16:37:46,,
text,in,b405fafb619e7b40d694436b90fd4c07f0e3dd3,2010-12-11 16:21:06,,
text,in,b405fafb619e7b40d694436b90fd4c07f0e3dd3,2010-12-11 16:17:24,,
text,in,b405fafb619e7b40d694436b90fd4c07f0e3dd3,2010-12-11 16:16:01,,
text,in,b405fafb619e7b40d694436b90fd4c07f0e3dd3,2010-12-11 16:12:23,,
text,in,b405fafb619e7b40d694436b90fd4c07f0e3dd3,2010-12-11 14:46:41,,
text,out,b405fafb619e7b40d694436b90fd4c07f0e3dd3,2010-12-11 20:22:09,,
text,out,b405fafb619e7b40d694436b90fd4c07f0e3dd3,2010-12-11 19:10:47,,
text,out,b405fafb619e7b40d694436b90fd4c07f0e3dd3,2010-12-11 19:05:29,,
text,out,b405fafb619e7b40d694436b90fd4c07f0e3dd3,2010-12-11 17:35:04,,
text,out,b405fafb619e7b40d694436b90fd4c07f0e3dd3,2010-12-11 17:30:10,,
text,out,b405fafb619e7b40d694436b90fd4c07f0e3dd3,2010-12-11 17:26:00,,
text,out,f177558fb1c889ac27573ae1c159def677e70143,2010-12-11 17:25:28,,
text,out,b405fafb619e7b40d694436b90fd4c07f0e3dd3,2010-12-11 16:50:02,,
text,out,b405fafb619e7b40d694436b90fd4c07f0e3dd3,2010-12-11 16:41:31,,
text,out,b405fafb619e7b40d694436b90fd4c07f0e3dd3,2010-12-11 16:19:47,,
text,out,b405fafb619e7b40d694436b90fd4c07f0e3dd3,2010-12-11 16:16:51,,
text,out,b405fafb619e7b40d694436b90fd4c07f0e3dd3,2010-12-11 16:13:23,,
text,out,b405fafb619e7b40d694436b90fd4c07f0e3dd3,2010-12-11 15:47:44,,
text,out,b405fafb619e7b40d694436b90fd4c07f0e3dd3,2010-12-11 14:14:29,,
text,in,b405fafb619e7b40d694436b90fd4c07f0e3dd3,2010-12-11 21:44:47,,
text,out,b405fafb619e7b40d694436b90fd4c07f0e3dd3,2010-12-11 23:31:32,,
text,out,b405fafb619e7b40d694436b90fd4c07f0e3dd3,2010-12-11 21:45:19,,
text,in,b405fafb619e7b40d694436b90fd4c07f0e3dd3,2010-12-12 11:37:16,,
text,in,b405fafb619e7b40d694436b90fd4c07f0e3dd3,2010-12-12 11:34:36,,
text,in,b405fafb619e7b40d694436b90fd4c07f0e3dd3,2010-12-12 11:04:55,,
text,in,b405fafb619e7b40d694436b90fd4c07f0e3dd3,2010-12-12 11:00:30,,
text,in,b405fafb619e7b40d694436b90fd4c07f0e3dd3,2010-12-12 10:46:27,,
text,in,b405fafb619e7b40d694436b90fd4c07f0e3dd3,2010-12-12 10:31:12,,
text,in,b405fafb619e7b40d694436b90fd4c07f0e3dd3,2010-12-12 00:25:47,,
text,out,b405fafb619e7b40d694436b90fd4c07f0e3dd3,2010-12-12 11:35:18,,
text,out,b405fafb619e7b40d694436b90fd4c07f0e3dd3,2010-12-12 11:23:10,,
text,out,b405fafb619e7b40d694436b90fd4c07f0e3dd3,2010-12-12 11:01:53,,
text,out,b405fafb619e7b40d694436b90fd4c07f0e3dd3,2010-12-12 10:48:13,,
text,out,b405fafb619e7b40d694436b90fd4c07f0e3dd3,2010-12-12 10:32:55,,
text,out,b405fafb619e7b40d694436b90fd4c07f0e3dd3,2010-12-12 10:29:26,,
text,in,b405fafb619e7b40d694436b90fd4c07f0e3dd3,2010-12-12 11:49:02,,
text,in,b405fafb619e7b40d694436b90fd4c07f0e3dd3,2010-12-12 11:46:15,,
text,out,b405fafb619e7b40d694436b90fd4c07f0e3dd3,2010-12-12 11:47:38,,
text,in,b405fafb619e7b40d694436b90fd4c07f0e3dd3,2010-12-12 20:33:07,,
text,in,b405fafb619e7b40d694436b90fd4c07f0e3dd3,2010-12-12 20:31:26,,
text,in,b405fafb619e7b40d694436b90fd4c07f0e3dd3,2010-12-12 13:03:06,,
text,in,b405fafb619e7b40d694436b90fd4c07f0e3dd3,2010-12-12 12:46:12,,
text,in,b405fafb619e7b40d694436b90fd4c07f0e3dd3,2010-12-12 12:42:12,,
text,in,b405fafb619e7b40d694436b90fd4c07f0e3dd3,2010-12-12 12:24:06,,
text,in,b405fafb619e7b40d694436b90fd4c07f0e3dd3,2010-12-12 12:21:31,,
text,in,b405fafb619e7b40d694436b90fd4c07f0e3dd3,2010-12-12 12:19:31,,
text,out,b405fafb619e7b40d694436b90fd4c07f0e3dd3,2010-12-12 23:33:17,,
text,out,b405fafb619e7b40d694436b90fd4c07f0e3dd3,2010-12-12 20:50:29,,
text,out,b405fafb619e7b40d694436b90fd4c07f0e3dd3,2010-12-12 20:32:23,,
text,out,b405fafb619e7b40d694436b90fd4c07f0e3dd3,2010-12-12 12:48:25,,
text,out,b405fafb619e7b40d694436b90fd4c07f0e3dd3,2010-12-12 12:45:08,,
text,out,b405fafb619e7b40d694436b90fd4c07f0e3dd3,2010-12-12 12:31:11,,
text,out,b405fafb619e7b40d694436b90fd4c07f0e3dd3,2010-12-12 12:23:02,,
text,out,b405fafb619e7b40d694436b90fd4c07f0e3dd3,2010-12-12 12:20:28,,
text,out,b405fafb619e7b40d694436b90fd4c07f0e3dd3,2010-12-12 12:18:29,,
text,in,b405fafb619e7b40d694436b90fd4c07f0e3dd3,2010-12-13 18:26:18,,
text,in,b405fafb619e7b40d694436b90fd4c07f0e3dd3,2010-12-13 18:22:37,,
text,in,b405fafb619e7b40d694436b90fd4c07f0e3dd3,2010-12-13 18:18:31,,
text,in,b405fafb619e7b40d694436b90fd4c07f0e3dd3,2010-12-13 18:16:05,,
text,in,b405fafb619e7b40d694436b90fd4c07f0e3dd3,2010-12-13 18:12:53,,
text,in,b405fafb619e7b40d694436b90fd4c07f0e3dd3,2010-12-13 18:11:02,,
text,in,b405fafb619e7b40d694436b90fd4c07f0e3dd3,2010-12-13 18:07:06,,
text,in,b405fafb619e7b40d694436b90fd4c07f0e3dd3,2010-12-13 18:02:09,,
text,in,b405fafb619e7b40d694436b90fd4c07f0e3dd3,2010-12-13 18:01:48,,
text,in,b405fafb619e7b40d694436b90fd4c07f0e3dd3,2010-12-13 17:56:26,,
text,in,b405fafb619e7b40d694436b90fd4c07f0e3dd3,2010-12-13 17:53:33,,
text,in,b405fafb619e7b40d694436b90fd4c07f0e3dd3,2010-12-13 17:50:48,,
text,in,b405fafb619e7b40d694436b90fd4c07f0e3dd3,2010-12-13 17:07:31,,
text,in,b405fafb619e7b40d694436b90fd4c07f0e3dd3,2010-12-13 17:00:17,,
text,in,b405fafb619e7b40d694436b90fd4c07f0e3dd3,2010-12-13 16:58:00,,
text,in,b405fafb619e7b40d694436b90fd4c07f0e3dd3,2010-12-13 16:51:09,,
text,in,b405fafb619e7b40d694436b90fd4c07f0e3dd3,2010-12-13 16:40:27,,
text,in,b405fafb619e7b40d694436b90fd4c07f0e3dd3,2010-12-13 16:38:42,,
text,in,b405fafb619e7b40d694436b90fd4c07f0e3dd3,2010-12-13 16:31:45,,
text,in,b405fafb619e7b40d694436b90fd4c07f0e3dd3,2010-12-13 15:12:16,,
text,in,b405fafb619e7b40d694436b90fd4c07f0e3dd3,2010-12-13 15:10:34,,
text,in,b405fafb619e7b40d694436b90fd4c07f0e3dd3,2010-12-13 13:56:28,,
text,in,f177558fb1c889ac27573ae1c159def677e70143,2010-12-13 13:45:54,,
text,in,f177558fb1c889ac27573ae1c159def677e70143,2010-12-13 13:41:30,,
text,in,b405fafb619e7b40d694436b90fd4c07f0e3dd3,2010-12-13 13:24:11,,
text,in,b405fafb619e7b40d694436b90fd4c07f0e3dd3,2010-12-13 13:19:40,,
text,in,b405fafb619e7b40d694436b90fd4c07f0e3dd3,2010-12-13 13:04:55,,
text,in,b405fafb619e7b40d694436b90fd4c07f0e3dd3,2010-12-13 13:01:33,,
text,out,b405fafb619e7b40d694436b90fd4c07f0e3dd3,2010-12-13 18:24:08,,
text,out,b405fafb619e7b40d694436b90fd4c07f0e3dd3,2010-12-13 18:20:00,,
text,out,b405fafb619e7b40d694436b90fd4c07f0e3dd3,2010-12-13 18:17:10,,
text,out,b405fafb619e7b40d694436b90fd4c07f0e3dd3,2010-12-13 18:13:56,,
text,out,b405fafb619e7b40d694436b90fd4c07f0e3dd3,2010-12-13 18:12:01,,
text,out,b405fafb619e7b40d694436b90fd4c07f0e3dd3,2010-12-13 18:09:47,,
text,out,b405fafb619e7b40d694436b90fd4c07f0e3dd3,2010-12-13 18:05:47,,
text,out,b405fafb619e7b40d694436b90fd4c07f0e3dd3,2010-12-13 17:59:54,,
text,out,b405fafb619e7b40d694436b90fd4c07f0e3dd3,2010-12-13 17:55:03,,
text,out,b405fafb619e7b40d694436b90fd4c07f0e3dd3,2010-12-13 17:51:54,,
text,out,b405fafb619e7b40d694436b90fd4c07f0e3dd3,2010-12-13 17:08:27,,
text,out,b405fafb619e7b40d694436b90fd4c07f0e3dd3,2010-12-13 17:01:51,,
text,out,b405fafb619e7b40d694436b90fd4c07f0e3dd3,2010-12-13 16:58:45,,
text,out,b405fafb619e7b40d694436b90fd4c07f0e3dd3,2010-12-13 16:56:46,,
text,out,b405fafb619e7b40d694436b90fd4c07f0e3dd3,2010-12-13 16:50:20,,
text,out,b405fafb619e7b40d694436b90fd4c07f0e3dd3,2010-12-13 16:48:35,,
text,out,b405fafb619e7b40d694436b90fd4c07f0e3dd3,2010-12-13 16:39:42,,
text,out,b405fafb619e7b40d694436b90fd4c07f0e3dd3,2010-12-13 16:33:35,,
text,out,b405fafb619e7b40d694436b90fd4c07f0e3dd3,2010-12-13 16:30:07,,
text,out,b405fafb619e7b40d694436b90fd4c07f0e3dd3,2010-12-13 15:54:33,,
text,out,b405fafb619e7b40d694436b90fd4c07f0e3dd3,2010-12-13 15:25:14,,
text,out,b405fafb619e7b40d694436b90fd4c07f0e3dd3,2010-12-13 15:11:08,,
text,out,b405fafb619e7b40d694436b90fd4c07f0e3dd3,2010-12-13 15:09:30,,
text,out,f177558fb1c889ac27573ae1c159def677e70143,2010-12-13 13:47:19,,
text,out,f177558fb1c889ac27573ae1c159def677e70143,2010-12-13 13:44:24,,
text,out,b405fafb619e7b40d694436b90fd4c07f0e3dd3,2010-12-13 13:25:40,,
text,out,b405fafb619e7b40d694436b90fd4c07f0e3dd3,2010-12-13 13:22:32,,
text,out,b405fafb619e7b40d694436b90fd4c07f0e3dd3,2010-12-13 13:05:51,,
text,out,b405fafb619e7b40d694436b90fd4c07f0e3dd3,2010-12-13 13:03:02,,
text,out,b405fafb619e7b40d694436b90fd4c07f0e3dd3,2010-12-13 12:59:30,,
text,in,b405fafb619e7b40d694436b90fd4c07f0e3dd3,2010-12-13 23:25:58,,
text,out,b405fafb619e7b40d694436b90fd4c07f0e3dd3,2010-12-13 23:26:31,,
text,in,b405fafb619e7b40d694436b90fd4c07f0e3dd3,2010-12-14 01:15:53,,
text,in,b405fafb619e7b40d694436b90fd4c07f0e3dd3,2010-12-13 23:41:12,,
text,in,b405fafb619e7b40d694436b90fd4c07f0e3dd3,2010-12-13 23:38:52,,
text,in,b405fafb619e7b40d694436b90fd4c07f0e3dd3,2010-12-13 23:34:15,,
text,in,b405fafb619e7b40d694436b90fd4c07f0e3dd3,2010-12-13 23:30:18,,
text,out,b405fafb619e7b40d694436b90fd4c07f0e3dd3,2010-12-14 08:43:33,,
text,out,b405fafb619e7b40d694436b90fd4c07f0e3dd3,2010-12-14 08:15:27,,
text,out,b405fafb619e7b40d694436b90fd4c07f0e3dd3,2010-12-13 23:40:39,,
text,in,b405fafb619e7b40d694436b90fd4c07f0e3dd3,2010-12-14 12:57:30,,
text,in,b405fafb619e7b40d694436b90fd4c07f0e3dd3,2010-12-14 12:40:35,,
text,in,b405fafb619e7b40d694436b90fd4c07f0e3dd3,2010-12-14 12:35:46,,
text,in,b405fafb619e7b40d694436b90fd4c07f0e3dd3,2010-12-14 12:31:42,,
text,in,b405fafb619e7b40d694436b90fd4c07f0e3dd3,2010-12-14 12:25:00,,
text,in,b405fafb619e7b40d694436b90fd4c07f0e3dd3,2010-12-14 12:23:01,,
text,in,b405fafb619e7b40d694436b90fd4c07f0e3dd3,2010-12-14 11:50:37,,
text,in,b405fafb619e7b40d694436b90fd4c07f0e3dd3,2010-12-14 11:49:30,,
text,out,b405fafb619e7b40d694436b90fd4c07f0e3dd3,2010-12-14 12:57:52,,
text,out,b405fafb619e7b40d694436b90fd4c07f0e3dd3,2010-12-14 12:39:38,,
text,out,b405fafb619e7b40d694436b90fd4c07f0e3dd3,2010-12-14 12:34:17,,
text,out,b405fafb619e7b40d694436b90fd4c07f0e3dd3,2010-12-14 12:33:12,,
text,out,b405fafb619e7b40d694436b90fd4c07f0e3dd3,2010-12-14 12:15:56,,
text,out,b405fafb619e7b40d694436b90fd4c07f0e3dd3,2010-12-14 12:03:01,,
text,out,b405fafb619e7b40d694436b90fd4c07f0e3dd3,2010-12-14 11:49:54,,
text,in,b405fafb619e7b40d694436b90fd4c07f0e3dd3,2010-12-14 16:26:10,,
text,in,b405fafb619e7b40d694436b90fd4c07f0e3dd3,2010-12-14 16:25:00,,
text,in,b405fafb619e7b40d694436b90fd4c07f0e3dd3,2010-12-14 16:23:16,,
text,in,b405fafb619e7b40d694436b90fd4c07f0e3dd3,2010-12-14 16:20:57,,
text,in,b405fafb619e7b40d694436b90fd4c07f0e3dd3,2010-12-14 14:26:25,,
text,in,b405fafb619e7b40d694436b90fd4c07f0e3dd3,2010-12-14 13:00:46,,
text,out,b405fafb619e7b40d694436b90fd4c07f0e3dd3,2010-12-14 16:25:04,,
text,out,b405fafb619e7b40d694436b90fd4c07f0e3dd3,2010-12-14 16:24:06,,
text,out,b405fafb619e7b40d694436b90fd4c07f0e3dd3,2010-12-14 16:21:45,,
text,out,b405fafb619e7b40d694436b90fd4c07f0e3dd3,2010-12-14 14:38:12,,
text,out,b405fafb619e7b40d694436b90fd4c07f0e3dd3,2010-12-14 14:23:45,,
text,in,b405fafb619e7b40d694436b90fd4c07f0e3dd3,2010-12-15 02:22:25,,
text,in,b405fafb619e7b40d694436b90fd4c07f0e3dd3,2010-12-14 20:09:52,,
text,in,b405fafb619e7b40d694436b90fd4c07f0e3dd3,2010-12-14 20:07:44,,
text,in,b405fafb619e7b40d694436b90fd4c07f0e3dd3,2010-12-14 20:06:20,,
text,in,b405fafb619e7b40d694436b90fd4c07f0e3dd3,2010-12-14 20:05:11,,
text,in,b405fafb619e7b40d694436b90fd4c07f0e3dd3,2010-12-14 20:01:10,,
text,in,b405fafb619e7b40d694436b90fd4c07f0e3dd3,2010-12-14 18:28:39,,
text,out,b405fafb619e7b40d694436b90fd4c07f0e3dd3,2010-12-15 02:24:40,,
text,out,b405fafb619e7b40d694436b90fd4c07f0e3dd3,2010-12-15 02:21:46,,
text,out,b405fafb619e7b40d694436b90fd4c07f0e3dd3,2010-12-14 20:08:35,,
text,out,b405fafb619e7b40d694436b90fd4c07f0e3dd3,2010-12-14 20:06:41,,
text,out,b405fafb619e7b40d694436b90fd4c07f0e3dd3,2010-12-14 20:05:36,,
text,out,b405fafb619e7b40d694436b90fd4c07f0e3dd3,2010-12-14 20:03:19,,
text,out,b405fafb619e7b40d694436b90fd4c07f0e3dd3,2010-12-14 20:00:48,,
text,out,b405fafb619e7b40d694436b90fd4c07f0e3dd3,2010-12-14 19:59:17,,
text,in,b405fafb619e7b40d694436b90fd4c07f0e3dd3,2010-12-15 02:31:48,,
text,in,9e031aefd8f1934340d1d99504dcf07cc8923701,2010-12-15 18:56:38,,
text,out,9e031aefd8f1934340d1d99504dcf07cc8923701,2010-12-15 18:57:16,,
text,in,b405fafb619e7b40d694436b90fd4c07f0e3dd3,2010-12-18 16:35:59,,
text,in,7785fa5f9269bc16f7e6d4b80a4dc0575c43401,2010-12-22 12:37:26,,
text,out,68566100704d026853526c18aa3c95d1dc2e450d,2010-12-22 14:40:01,,
text,out,68566100704d026853526c18aa3c95d1dc2e450d,2010-12-22 14:04:42,,
text,in,5bae374583346a7732ff3edd00e2a9ebb33358c7,2011-01-01 00:34:00,,
text,in,c056532e77877844f45135e37f33282d2c1e6b2c,2011-01-02 01:58:43,,
text,out,c056532e77877844f45135e37f33282d2c1e6b2c,2011-01-02 01:11:03,,
text,in,533943e25cf91c0e70d3a7ab602d471dfb65a11a,2011-01-03 15:16:01,,
text,in,533943e25cf91c0e70d3a7ab602d471dfb65a11a,2011-01-03 13:13:19,,
text,in,533943e25cf91c0e70d3a7ab602d471dfb65a11a,2011-01-03 13:13:16,,
text,out,533943e25cf91c0e70d3a7ab602d471dfb65a11a,2011-01-03 15:13:48,,
text,in,b405fafb619e7b40d694436b90fd4c07f0e3dd3,2011-01-05 13:53:11,,
text,in,b405fafb619e7b40d694436b90fd4c07f0e3dd3,2011-01-05 12:50:00,,
text,in,b405fafb619e7b40d694436b90fd4c07f0e3dd3,2011-01-05 12:46:42,,
text,in,b405fafb619e7b40d694436b90fd4c07f0e3dd3,2011-01-05 12:44:48,,
text,in,b405fafb619e7b40d694436b90fd4c07f0e3dd3,2011-01-05 12:40:59,,
text,out,b405fafb619e7b40d694436b90fd4c07f0e3dd3,2011-01-05 13:53:38,,
text,out,b405fafb619e7b40d694436b90fd4c07f0e3dd3,2011-01-05 13:49:49,,
text,out,b405fafb619e7b40d694436b90fd4c07f0e3dd3,2011-01-05 12:45:43,,
text,out,b405fafb619e7b40d694436b90fd4c07f0e3dd3,2011-01-05 12:42:07,,
text,in,3de808ab2a5d3236f46b803efe0a20fbe77e7e89,2011-01-05 20:51:54,,
text,in,b405fafb619e7b40d694436b90fd4c07f0e3dd3,2011-01-05 20:48:56,,
text,in,b405fafb619e7b40d694436b90fd4c07f0e3dd3,2011-01-05 20:39:17,,
text,in,b405fafb619e7b40d694436b90fd4c07f0e3dd3,2011-01-05 20:36:15,,
text,in,b405fafb619e7b40d694436b90fd4c07f0e3dd3,2011-01-05 20:35:26,,
text,out,b405fafb619e7b40d694436b90fd4c07f0e3dd3,2011-01-05 20:41:55,,
text,out,b405fafb619e7b40d694436b90fd4c07f0e3dd3,2011-01-05 20:41:01,,
text,out,b405fafb619e7b40d694436b90fd4c07f0e3dd3,2011-01-05 20:37:15,,
text,out,b405fafb619e7b40d694436b90fd4c07f0e3dd3,2011-01-05 20:34:20,,
text,out,b405fafb619e7b40d694436b90fd4c07f0e3dd3,2011-01-05 20:32:37,,
text,in,b405fafb619e7b40d694436b90fd4c07f0e3dd3,2011-01-09 17:14:32,,
text,in,b405fafb619e7b40d694436b90fd4c07f0e3dd3,2011-01-09 16:08:55,,
text,in,b405fafb619e7b40d694436b90fd4c07f0e3dd3,2011-01-09 15:39:34,,
text,in,b405fafb619e7b40d694436b90fd4c07f0e3dd3,2011-01-09 15:31:20,,
text,out,b405fafb619e7b40d694436b90fd4c07f0e3dd3,2011-01-09 15:41:15,,
text,out,b405fafb619e7b40d694436b90fd4c07f0e3dd3,2011-01-09 15:40:39,,
text,out,b405fafb619e7b40d694436b90fd4c07f0e3dd3,2011-01-09 15:02:53,,
text,out,b405fafb619e7b40d694436b90fd4c07f0e3dd3,2011-01-09 14:27:28,,
text,in,1766d0e83a3ce69f6deee411c73f5f32b58f865b,2011-01-09 17:42:07,,
text,out,1766d0e83a3ce69f6deee411c73f5f32b58f865b,2011-01-09 17:32:15,,
text,in,b405fafb619e7b40d694436b90fd4c07f0e3dd3,2011-01-09 22:57:28,,
text,in,b405fafb619e7b40d694436b90fd4c07f0e3dd3,2011-01-09 21:28:36,,
text,in,b405fafb619e7b40d694436b90fd4c07f0e3dd3,2011-01-09 19:07:10,,
text,out,b405fafb619e7b40d694436b90fd4c07f0e3dd3,2011-01-09 22:31:24,,
text,out,b405fafb619e7b40d694436b90fd4c07f0e3dd3,2011-01-09 19:05:42,,
text,in,57c1952944da8fd6e4bf9de2b0e77159b7cc7239,2011-01-11 14:10:05,,
text,in,b405fafb619e7b40d694436b90fd4c07f0e3dd3,2011-01-11 21:01:42,,
text,in,5d1878b253ee0c9b4f5cbebc3a54b5c7c5bfa6ea,2011-01-11 17:42:43,,
text,out,b405fafb619e7b40d694436b90fd4c07f0e3dd3,2011-01-11 20:25:42,,
text,out,5d1878b253ee0c9b4f5cbebc3a54b5c7c5bfa6ea,2011-01-11 17:37:17,,
text,in,c056532e77877844f45135e37f33282d2c1e6b2c,2011-01-12 07:05:19,,
text,out,c056532e77877844f45135e37f33282d2c1e6b2c,2011-01-12 07:06:17,,
text,in,b405fafb619e7b40d694436b90fd4c07f0e3dd3,2011-01-12 20:37:48,,
text,out,b405fafb619e7b40d694436b90fd4c07f0e3dd3,2011-01-12 21:05:37,,
text,in,b405fafb619e7b40d694436b90fd4c07f0e3dd3,2011-01-13 14:39:51,,
text,in,b405fafb619e7b40d694436b90fd4c07f0e3dd3,2011-01-13 14:37:32,,
text,in,b405fafb619e7b40d694436b90fd4c07f0e3dd3,2011-01-13 14:37:30,,
text,out,b405fafb619e7b40d694436b90fd4c07f0e3dd3,2011-01-13 14:46:01,,
text,out,b405fafb619e7b40d694436b90fd4c07f0e3dd3,2011-01-13 14:38:40,,
text,in,b405fafb619e7b40d694436b90fd4c07f0e3dd3,2011-01-13 21:43:28,,
text,in,b405fafb619e7b40d694436b90fd4c07f0e3dd3,2011-01-13 18:52:58,,
text,in,b405fafb619e7b40d694436b90fd4c07f0e3dd3,2011-01-13 18:28:21,,
text,out,b405fafb619e7b40d694436b90fd4c07f0e3dd3,2011-01-13 20:46:41,,
text,out,b405fafb619e7b40d694436b90fd4c07f0e3dd3,2011-01-13 18:36:14,,
text,out,b405fafb619e7b40d694436b90fd4c07f0e3dd3,2011-01-13 18:20:43,,
text,in,b405fafb619e7b40d694436b90fd4c07f0e3dd3,2011-01-14 02:13:49,,
text,in,b405fafb619e7b40d694436b90fd4c07f0e3dd3,2011-01-14 02:11:44,,
text,in,b405fafb619e7b40d694436b90fd4c07f0e3dd3,2011-01-14 01:44:50,,
text,out,b405fafb619e7b40d694436b90fd4c07f0e3dd3,2011-01-14 02:13:10,,
text,out,b405fafb619e7b40d694436b90fd4c07f0e3dd3,2011-01-14 02:09:38,,
text,out,b405fafb619e7b40d694436b90fd4c07f0e3dd3,2011-01-14 01:43:35,,
text,in,b405fafb619e7b40d694436b90fd4c07f0e3dd3,2011-01-14 19:20:01,,
text,in,b405fafb619e7b40d694436b90fd4c07f0e3dd3,2011-01-14 15:10:49,,
text,in,b405fafb619e7b40d694436b90fd4c07f0e3dd3,2011-01-14 14:30:33,,
text,in,b405fafb619e7b40d694436b90fd4c07f0e3dd3,2011-01-14 14:28:39,,
text,in,b405fafb619e7b40d694436b90fd4c07f0e3dd3,2011-01-14 12:13:55,,
text,out,404692932b879dc46ab94720e0f14b32a6823c40,2011-01-14 18:53:08,,
text,out,b405fafb619e7b40d694436b90fd4c07f0e3dd3,2011-01-14 14:43:43,,
text,out,b405fafb619e7b40d694436b90fd4c07f0e3dd3,2011-01-14 14:27:58,,
text,in,404692932b879dc46ab94720e0f14b32a6823c40,2011-01-15 22:39:21,,
text,out,404692932b879dc46ab94720e0f14b32a6823c40,2011-01-15 22:41:24,,
text,out,404692932b879dc46ab94720e0f14b32a6823c40,2011-01-15 21:28:06,,
text,in,7fc0be4196e8a24be4da70072fc1f432b94d8e3e,2011-01-16 17:13:58,,
text,in,7fc0be4196e8a24be4da70072fc1f432b94d8e3e,2011-01-16 17:11:22,,
text,in,7fc0be4196e8a24be4da70072fc1f432b94d8e3e,2011-01-16 16:48:55,,
text,in,b405fafb619e7b40d694436b90fd4c07f0e3dd3,2011-01-16 16:16:22,,
text,in,b405fafb619e7b40d694436b90fd4c07f0e3dd3,2011-01-16 16:09:01,,
text,in,b405fafb619e7b40d694436b90fd4c07f0e3dd3,2011-01-16 15:59:10,,
text,in,b405fafb619e7b40d694436b90fd4c07f0e3dd3,2011-01-16 15:56:57,,
text,in,b405fafb619e7b40d694436b90fd4c07f0e3dd3,2011-01-16 15:53:43,,
text,in,b405fafb619e7b40d694436b90fd4c07f0e3dd3,2011-01-16 14:03:37,,
text,out,7fc0be4196e8a24be4da70072fc1f432b94d8e3e,2011-01-16 17:17:06,,
text,out,7fc0be4196e8a24be4da70072fc1f432b94d8e3e,2011-01-16 17:14:44,,
text,out,7fc0be4196e8a24be4da70072fc1f432b94d8e3e,2011-01-16 17:12:39,,
text,out,7fc0be4196e8a24be4da70072fc1f432b94d8e3e,2011-01-16 17:10:29,,
text,out,7fc0be4196e8a24be4da70072fc1f432b94d8e3e,2011-01-16 16:48:08,,
text,out,b405fafb619e7b40d694436b90fd4c07f0e3dd3,2011-01-16 16:15:35,,
text,out,b405fafb619e7b40d694436b90fd4c07f0e3dd3,2011-01-16 15:58:11,,
text,out,b405fafb619e7b40d694436b90fd4c07f0e3dd3,2011-01-16 15:55:51,,
text,out,b405fafb619e7b40d694436b90fd4c07f0e3dd3,2011-01-16 15:46:47,,
text,out,b405fafb619e7b40d694436b90fd4c07f0e3dd3,2011-01-16 14:13:30,,
text,out,b405fafb619e7b40d694436b90fd4c07f0e3dd3,2011-01-16 20:39:18,,
text,in,b405fafb619e7b40d694436b90fd4c07f0e3dd3,2011-01-17 01:11:45,,
text,in,b405fafb619e7b40d694436b90fd4c07f0e3dd3,2011-01-17 01:10:24,,
text,in,b405fafb619e7b40d694436b90fd4c07f0e3dd3,2011-01-17 01:06:42,,
text,in,b405fafb619e7b40d694436b90fd4c07f0e3dd3,2011-01-16 21:57:29,,
text,in,b405fafb619e7b40d694436b90fd4c07f0e3dd3,2011-01-16 21:22:03,,
text,in,b405fafb619e7b40d694436b90fd4c07f0e3dd3,2011-01-16 21:03:52,,
text,in,b405fafb619e7b40d694436b90fd4c07f0e3dd3,2011-01-16 21:01:42,,
text,in,b405fafb619e7b40d694436b90fd4c07f0e3dd3,2011-01-16 20:53:11,,
text,in,b405fafb619e7b40d694436b90fd4c07f0e3dd3,2011-01-16 20:50:27,,
text,in,b405fafb619e7b40d694436b90fd4c07f0e3dd3,2011-01-16 20:45:25,,
text,out,b405fafb619e7b40d694436b90fd4c07f0e3dd3,2011-01-17 01:10:49,,
text,out,b405fafb619e7b40d694436b90fd4c07f0e3dd3,2011-01-17 01:07:43,,
text,out,b405fafb619e7b40d694436b90fd4c07f0e3dd3,2011-01-17 01:04:11,,
text,out,b405fafb619e7b40d694436b90fd4c07f0e3dd3,2011-01-16 21:21:25,,
text,out,b405fafb619e7b40d694436b90fd4c07f0e3dd3,2011-01-16 21:03:22,,
text,out,b405fafb619e7b40d694436b90fd4c07f0e3dd3,2011-01-16 21:00:03,,
text,out,b405fafb619e7b40d694436b90fd4c07f0e3dd3,2011-01-16 20:51:40,,
text,out,b405fafb619e7b40d694436b90fd4c07f0e3dd3,2011-01-16 20:48:40,,
text,in,1043dd4c862d583b48deaf69a104a8a6771b9b2d,2011-01-17 19:56:03,,
text,in,b405fafb619e7b40d694436b90fd4c07f0e3dd3,2011-01-17 13:28:34,,
text,in,b405fafb619e7b40d694436b90fd4c07f0e3dd3,2011-01-17 13:14:44,,
text,in,b405fafb619e7b40d694436b90fd4c07f0e3dd3,2011-01-17 13:13:11,,
text,in,b405fafb619e7b40d694436b90fd4c07f0e3dd3,2011-01-17 13:11:35,,
text,in,7fc0be4196e8a24be4da70072fc1f432b94d8e3e,2011-01-17 12:55:21,,
text,in,7fc0be4196e8a24be4da70072fc1f432b94d8e3e,2011-01-17 12:47:03,,
text,in,b405fafb619e7b40d694436b90fd4c07f0e3dd3,2011-01-17 11:50:58,,
text,in,b405fafb619e7b40d694436b90fd4c07f0e3dd3,2011-01-17 11:47:28,,
text,out,1043dd4c862d583b48deaf69a104a8a6771b9b2d,2011-01-17 20:06:52,,
text,out,b405fafb619e7b40d694436b90fd4c07f0e3dd3,2011-01-17 13:20:55,,
text,out,b405fafb619e7b40d694436b90fd4c07f0e3dd3,2011-01-17 13:13:53,,
text,out,b405fafb619e7b40d694436b90fd4c07f0e3dd3,2011-01-17 13:12:27,,
text,out,b405fafb619e7b40d694436b90fd4c07f0e3dd3,2011-01-17 13:10:22,,
text,out,7fc0be4196e8a24be4da70072fc1f432b94d8e3e,2011-01-17 12:55:43,,
text,out,7fc0be4196e8a24be4da70072fc1f432b94d8e3e,2011-01-17 12:48:43,,
text,out,7fc0be4196e8a24be4da70072fc1f432b94d8e3e,2011-01-17 12:45:12,,
text,out,b405fafb619e7b40d694436b90fd4c07f0e3dd3,2011-01-17 11:51:29,,
text,out,b405fafb619e7b40d694436b90fd4c07f0e3dd3,2011-01-17 11:48:12,,
text,in,b405fafb619e7b40d694436b90fd4c07f0e3dd3,2011-01-17 21:38:13,,
text,out,b405fafb619e7b40d694436b90fd4c07f0e3dd3,2011-01-17 21:32:22,,
text,in,b405fafb619e7b40d694436b90fd4c07f0e3dd3,2011-01-18 00:41:06,,
text,out,b405fafb619e7b40d694436b90fd4c07f0e3dd3,2011-01-18 00:39:32,,
text,in,5ba8a982fad6ad27d6118293d9219489ce24bbbc,2011-01-18 20:58:25,,
text,out,5ba8a982fad6ad27d6118293d9219489ce24bbbc,2011-01-18 20:56:01,,
text,in,b405fafb619e7b40d694436b90fd4c07f0e3dd3,2011-01-19 00:42:29,,
text,in,b405fafb619e7b40d694436b90fd4c07f0e3dd3,2011-01-19 00:40:37,,
text,in,b405fafb619e7b40d694436b90fd4c07f0e3dd3,2011-01-19 00:36:01,,
text,in,b405fafb619e7b40d694436b90fd4c07f0e3dd3,2011-01-18 22:41:21,,
text,out,b405fafb619e7b40d694436b90fd4c07f0e3dd3,2011-01-19 00:41:31,,
text,out,b405fafb619e7b40d694436b90fd4c07f0e3dd3,2011-01-19 00:38:11,,
text,out,b405fafb619e7b40d694436b90fd4c07f0e3dd3,2011-01-19 00:34:08,,
text,out,b405fafb619e7b40d694436b90fd4c07f0e3dd3,2011-01-18 22:38:45,,
text,in,b405fafb619e7b40d694436b90fd4c07f0e3dd3,2011-01-19 16:01:37,,
text,in,b405fafb619e7b40d694436b90fd4c07f0e3dd3,2011-01-19 15:37:50,,
text,out,b405fafb619e7b40d694436b90fd4c07f0e3dd3,2011-01-19 15:40:07,,
text,out,b405fafb619e7b40d694436b90fd4c07f0e3dd3,2011-01-19 15:16:38,,
text,in,b405fafb619e7b40d694436b90fd4c07f0e3dd3,2011-01-20 22:17:15,,
text,in,b405fafb619e7b40d694436b90fd4c07f0e3dd3,2011-01-20 22:14:30,,
text,out,b405fafb619e7b40d694436b90fd4c07f0e3dd3,2011-01-20 22:14:57,,
text,in,b405fafb619e7b40d694436b90fd4c07f0e3dd3,2011-01-21 10:36:47,,
text,in,b405fafb619e7b40d694436b90fd4c07f0e3dd3,2011-01-21 09:54:26,,
text,in,b405fafb619e7b40d694436b90fd4c07f0e3dd3,2011-01-21 09:36:52,,
text,out,b405fafb619e7b40d694436b90fd4c07f0e3dd3,2011-01-21 09:49:41,,
text,out,b405fafb619e7b40d694436b90fd4c07f0e3dd3,2011-01-21 09:30:42,,
text,in,b405fafb619e7b40d694436b90fd4c07f0e3dd3,2011-01-21 18:03:21,,
text,in,b405fafb619e7b40d694436b90fd4c07f0e3dd3,2011-01-21 17:20:36,,
text,in,b405fafb619e7b40d694436b90fd4c07f0e3dd3,2011-01-21 17:15:51,,
text,out,b405fafb619e7b40d694436b90fd4c07f0e3dd3,2011-01-21 20:18:19,,
text,out,b405fafb619e7b40d694436b90fd4c07f0e3dd3,2011-01-21 16:40:48,,
text,out,b405fafb619e7b40d694436b90fd4c07f0e3dd3,2011-01-21 16:33:04,,
text,in,b405fafb619e7b40d694436b90fd4c07f0e3dd3,2011-01-21 22:10:21,,
text,in,b405fafb619e7b40d694436b90fd4c07f0e3dd3,2011-01-21 22:07:57,,
text,in,b405fafb619e7b40d694436b90fd4c07f0e3dd3,2011-01-21 20:55:47,,
text,in,b405fafb619e7b40d694436b90fd4c07f0e3dd3,2011-01-21 20:35:48,,
text,in,b405fafb619e7b40d694436b90fd4c07f0e3dd3,2011-01-21 20:35:29,,
text,out,b405fafb619e7b40d694436b90fd4c07f0e3dd3,2011-01-21 22:12:51,,
text,out,b405fafb619e7b40d694436b90fd4c07f0e3dd3,2011-01-21 21:53:04,,
text,out,b405fafb619e7b40d694436b90fd4c07f0e3dd3,2011-01-21 20:54:11,,
text,in,b405fafb619e7b40d694436b90fd4c07f0e3dd3,2011-01-22 15:36:48,,
text,out,b405fafb619e7b40d694436b90fd4c07f0e3dd3,2011-01-22 11:38:13,,
text,out,b405fafb619e7b40d694436b90fd4c07f0e3dd3,2011-01-22 11:19:15,,
text,in,b405fafb619e7b40d694436b90fd4c07f0e3dd3,2011-01-22 18:33:59,,
text,out,b405fafb619e7b40d694436b90fd4c07f0e3dd3,2011-01-22 18:48:54,,
text,out,b405fafb619e7b40d694436b90fd4c07f0e3dd3,2011-01-22 18:31:50,,