interaction,direction,correspondent_id,datetime,call_duration,antenna_id
call,out,fa10-01-79,2010-10-20 21:44:07,,
call,in,fa10-01-79,2010-10-21 21:36:39,,
call,out,fa10-01-79,2010-10-21 21:35:47,,
call,out,fa10-01-79,2010-10-21 21:33:21,,
call,out,fa10-01-21,2010-10-21 21:30:43,,
call,out,fa10-01-79,2010-10-21 19:43:40,,
call,out,fa10-01-79,2010-10-21 19:17:32,,
call,in,fa10-01-79,2010-10-21 16:28:44,,
call,out,fa10-01-79,2010-10-21 11:53:26,,
call,out,9aba8151e80469720dc660bea63fae9ca7c8a2c2,2010-10-21 11:51:50,,
call,out,fa10-01-79,2010-10-21 11:51:02,,
call,in,ca99b98ea13cb367c6d5c3e83f5237c4cb48e26,2010-10-22 18:32:37,,
call,in,ca99b98ea13cb367c6d5c3e83f5237c4cb48e26,2010-10-22 18:32:16,,
call,in,6d67e3c5726c9724dbe6820af864ea02e55c7f2,2010-10-22 18:01:53,,
call,out,4ba7d4c557d3e0e58e3bc90cd8b362be87da810e,2010-10-23 06:35:32,,
call,out,de458214c0feeaaeb66224f2f7c4549a58707f36,2010-10-23 06:35:16,,
call,in,4a0e64288aeedbebfba622209165d81bcf5269ca,2010-10-23 08:45:14,,
call,in,40c387ecbcb9a3d2b243d4dbaf3df54c43a169eb,2010-10-23 18:32:39,,
call,out,40c387ecbcb9a3d2b243d4dbaf3df54c43a169eb,2010-10-23 18:31:51,,
call,out,40c387ecbcb9a3d2b243d4dbaf3df54c43a169eb,2010-10-23 18:10:07,,
call,out,bdfa2bfe240f8f5be93dc0a32f8788997a29026e,2010-10-23 18:09:23,,
call,out,bdfa2bfe240f8f5be93dc0a32f8788997a29026e,2010-10-23 18:04:08,,
call,out,bdfa2bfe240f8f5be93dc0a32f8788997a29026e,2010-10-23 17:55:37,,
call,out,bdfa2bfe240f8f5be93dc0a32f8788997a29026e,2010-10-23 17:55:16,,
call,out,bdfa2bfe240f8f5be93dc0a32f8788997a29026e,2010-10-23 17:53:43,,
call,out,bdfa2bfe240f8f5be93dc0a32f8788997a29026e,2010-10-23 17:52:25,,
call,out,bdfa2bfe240f8f5be93dc0a32f8788997a29026e,2010-10-23 17:51:40,,
call,out,bdfa2bfe240f8f5be93dc0a32f8788997a29026e,2010-10-23 17:50:53,,
call,out,bdfa2bfe240f8f5be93dc0a32f8788997a29026e,2010-10-23 17:46:02,,
call,out,bdfa2bfe240f8f5be93dc0a32f8788997a29026e,2010-10-23 17:45:12,,
call,in,7bb4f9b1d0df4ba29af216a43f27f864af517420,2010-10-23 14:21:35,,
call,out,bdfa2bfe240f8f5be93dc0a32f8788997a29026e,2010-10-23 14:07:37,,
call,out,bdfa2bfe240f8f5be93dc0a32f8788997a29026e,2010-10-23 14:06:58,,
call,out,bdfa2bfe240f8f5be93dc0a32f8788997a29026e,2010-10-23 14:06:19,,
call,out,bdfa2bfe240f8f5be93dc0a32f8788997a29026e,2010-10-23 14:03:08,,
call,out,bdfa2bfe240f8f5be93dc0a32f8788997a29026e,2010-10-23 14:02:14,,
call,out,bdfa2bfe240f8f5be93dc0a32f8788997a29026e,2010-10-23 13:58:41,,
call,out,bdfa2bfe240f8f5be93dc0a32f8788997a29026e,2010-10-23 13:58:29,,
call,out,bdfa2bfe240f8f5be93dc0a32f8788997a29026e,2010-10-23 13:57:38,,
call,out,bdfa2bfe240f8f5be93dc0a32f8788997a29026e,2010-10-23 13:51:43,,
call,out,bdfa2bfe240f8f5be93dc0a32f8788997a29026e,2010-10-23 13:48:35,,
call,out,bdfa2bfe240f8f5be93dc0a32f8788997a29026e,2010-10-23 13:47:41,,
call,out,bdfa2bfe240f8f5be93dc0a32f8788997a29026e,2010-10-23 13:46:32,,
call,out,bdfa2bfe240f8f5be93dc0a32f8788997a29026e,2010-10-23 13:45:22,,
call,out,bdfa2bfe240f8f5be93dc0a32f8788997a29026e,2010-10-23 13:44:56,,
call,out,bdfa2bfe240f8f5be93dc0a32f8788997a29026e,2010-10-23 13:44:16,,
call,out,bdfa2bfe240f8f5be93dc0a32f8788997a29026e,2010-10-23 13:43:09,,
call,out,bdfa2bfe240f8f5be93dc0a32f8788997a29026e,2010-10-23 13:41:57,,
call,out,bdfa2bfe240f8f5be93dc0a32f8788997a29026e,2010-10-23 13:41:11,,
call,out,bdfa2bfe240f8f5be93dc0a32f8788997a29026e,2010-10-23 13:40:46,,
call,out,bdfa2bfe240f8f5be93dc0a32f8788997a29026e,2010-10-23 13:39:13,,
call,out,bdfa2bfe240f8f5be93dc0a32f8788997a29026e,2010-10-23 13:37:59,,
call,out,bdfa2bfe240f8f5be93dc0a32f8788997a29026e,2010-10-23 13:36:55,,
call,out,bdfa2bfe240f8f5be93dc0a32f8788997a29026e,2010-10-23 13:35:39,,
call,out,bdfa2bfe240f8f5be93dc0a32f8788997a29026e,2010-10-23 13:35:13,,
call,out,bdfa2bfe240f8f5be93dc0a32f8788997a29026e,2010-10-23 13:34:20,,
call,out,bdfa2bfe240f8f5be93dc0a32f8788997a29026e,2010-10-23 13:33:28,,
call,out,bdfa2bfe240f8f5be93dc0a32f8788997a29026e,2010-10-23 13:32:48,,
call,out,bdfa2bfe240f8f5be93dc0a32f8788997a29026e,2010-10-23 13:32:02,,
call,out,bdfa2bfe240f8f5be93dc0a32f8788997a29026e,2010-10-23 13:30:23,,
call,out,bdfa2bfe240f8f5be93dc0a32f8788997a29026e,2010-10-23 13:29:11,,
call,out,bdfa2bfe240f8f5be93dc0a32f8788997a29026e,2010-10-23 13:28:16,,
call,out,bdfa2bfe240f8f5be93dc0a32f8788997a29026e,2010-10-23 13:27:20,,
call,out,bdfa2bfe240f8f5be93dc0a32f8788997a29026e,2010-10-23 13:25:36,,
call,out,4b361408555e9cbc58a3768ae68ccb9bf9d85ed3,2010-10-23 13:03:08,,
call,in,4b361408555e9cbc58a3768ae68ccb9bf9d85ed3,2010-10-23 13:01:13,,
call,out,eff351fae537e22dd0c78d468f6eeb44b172f720,2010-10-24 07:16:45,,
call,in,fa10-01-21,2010-10-24 09:29:59,,
call,out,4fdedc44742d9696607d2e5e089756d4a6eb6c01,2010-10-24 09:45:48,,
call,in,40c387ecbcb9a3d2b243d4dbaf3df54c43a169eb,2010-10-25 20:31:13,,
call,out,a819a81f29c08992127095f4e6848c5c630367a1,2010-10-25 18:31:02,,
call,out,fa10-01-22,2010-10-25 16:54:19,,
call,in,fa10-01-22,2010-10-25 16:49:04,,
call,out,fa10-01-22,2010-10-25 16:41:04,,
call,out,bdfa2bfe240f8f5be93dc0a32f8788997a29026e,2010-10-25 15:18:04,,
call,out,bdfa2bfe240f8f5be93dc0a32f8788997a29026e,2010-10-25 15:17:25,,
call,out,bdfa2bfe240f8f5be93dc0a32f8788997a29026e,2010-10-25 15:16:58,,
call,out,c68553174453ebcaa4ea44414fabdd8c678cc370,2010-10-25 15:03:03,,
call,out,c68553174453ebcaa4ea44414fabdd8c678cc370,2010-10-25 14:58:00,,
call,out,191b35d0780bba4d4a2d5e6d2e63b4371dd951bd,2010-10-25 14:06:19,,
call,out,fa10-01-22,2010-10-25 14:04:59,,
call,out,fa10-01-22,2010-10-25 12:59:30,,
call,in,fa10-01-22,2010-10-25 11:04:28,,
call,out,191b35d0780bba4d4a2d5e6d2e63b4371dd951bd,2010-10-25 11:01:34,,
call,out,fa10-01-22,2010-10-25 11:00:53,,
call,out,sp10-01-23,2010-10-25 11:00:25,,
call,in,7bb4f9b1d0df4ba29af216a43f27f864af517420,2010-10-25 10:45:19,,
call,in,7bb4f9b1d0df4ba29af216a43f27f864af517420,2010-10-25 10:41:02,,
call,out,fa10-01-22,2010-10-25 10:19:28,,
call,in,e49e02906fef7be29ac805e00d230261f76891e1,2010-10-25 10:15:12,,
call,out,bdfa2bfe240f8f5be93dc0a32f8788997a29026e,2010-10-26 07:05:57,,
call,in,fa10-01-22,2010-10-26 12:00:05,,
call,in,fa10-01-22,2010-10-26 11:34:46,,
call,out,fa10-01-22,2010-10-26 11:32:28,,
call,out,bdfa2bfe240f8f5be93dc0a32f8788997a29026e,2010-10-26 10:43:48,,
call,out,bdfa2bfe240f8f5be93dc0a32f8788997a29026e,2010-10-26 10:41:11,,
call,out,bdfa2bfe240f8f5be93dc0a32f8788997a29026e,2010-10-26 10:40:41,,
call,in,40c387ecbcb9a3d2b243d4dbaf3df54c43a169eb,2010-10-26 20:00:56,,
call,out,6d78335a6d44dfd22edf38b370f850ef95f8a8c7,2010-10-26 16:16:38,,
call,in,fa10-01-22,2010-10-26 15:46:58,,
call,out,fa10-01-22,2010-10-26 15:32:41,,
call,out,fa10-01-22,2010-10-26 15:28:35,,
call,in,7bb4f9b1d0df4ba29af216a43f27f864af517420,2010-10-26 14:14:00,,
call,out,40c387ecbcb9a3d2b243d4dbaf3df54c43a169eb,2010-10-26 13:09:17,,
call,out,bdfa2bfe240f8f5be93dc0a32f8788997a29026e,2010-10-26 13:08:23,,
call,out,bdfa2bfe240f8f5be93dc0a32f8788997a29026e,2010-10-26 13:07:21,,
call,out,bdfa2bfe240f8f5be93dc0a32f8788997a29026e,2010-10-26 13:06:51,,
call,out,bdfa2bfe240f8f5be93dc0a32f8788997a29026e,2010-10-26 13:06:29,,
call,out,bdfa2bfe240f8f5be93dc0a32f8788997a29026e,2010-10-27 11:46:10,,
call,out,bdfa2bfe240f8f5be93dc0a32f8788997a29026e,2010-10-27 11:45:18,,
call,out,bdfa2bfe240f8f5be93dc0a32f8788997a29026e,2010-10-27 11:45:09,,
call,out,bdfa2bfe240f8f5be93dc0a32f8788997a29026e,2010-10-27 11:44:47,,
call,out,bdfa2bfe240f8f5be93dc0a32f8788997a29026e,2010-10-27 11:44:04,,
call,in,4a0e64288aeedbebfba622209165d81bcf5269ca,2010-10-27 11:00:26,,
call,in,4a0e64288aeedbebfba622209165d81bcf5269ca,2010-10-27 10:56:21,,
call,out,bdfa2bfe240f8f5be93dc0a32f8788997a29026e,2010-10-27 07:54:27,,
call,out,bdfa2bfe240f8f5be93dc0a32f8788997a29026e,2010-10-27 15:04:37,,
call,in,4a0e64288aeedbebfba622209165d81bcf5269ca,2010-10-27 13:41:37,,
call,in,4a0e64288aeedbebfba622209165d81bcf5269ca,2010-10-27 13:39:47,,
call,out,sp10-01-23,2010-10-27 13:38:31,,
call,out,bdfa2bfe240f8f5be93dc0a32f8788997a29026e,2010-10-27 13:35:31,,
call,out,bdfa2bfe240f8f5be93dc0a32f8788997a29026e,2010-10-27 13:32:07,,
call,out,fa10-01-21,2010-10-27 17:57:29,,
call,out,bdfa2bfe240f8f5be93dc0a32f8788997a29026e,2010-10-27 16:17:06,,
call,out,bdfa2bfe240f8f5be93dc0a32f8788997a29026e,2010-10-27 16:16:45,,
call,in,fa10-01-22,2010-10-28 15:09:15,,
call,in,7bb4f9b1d0df4ba29af216a43f27f864af517420,2010-10-28 13:11:28,,
call,out,sp10-01-23,2010-10-28 11:34:02,,
call,in,4a0e64288aeedbebfba622209165d81bcf5269ca,2010-10-28 11:32:57,,
call,out,bdfa2bfe240f8f5be93dc0a32f8788997a29026e,2010-10-28 10:31:15,,
call,out,bdfa2bfe240f8f5be93dc0a32f8788997a29026e,2010-10-28 10:10:16,,
call,out,bdfa2bfe240f8f5be93dc0a32f8788997a29026e,2010-10-28 10:06:57,,
call,out,bdfa2bfe240f8f5be93dc0a32f8788997a29026e,2010-10-28 10:06:04,,
call,out,bdfa2bfe240f8f5be93dc0a32f8788997a29026e,2010-10-28 08:10:53,,
call,out,bdfa2bfe240f8f5be93dc0a32f8788997a29026e,2010-10-28 07:24:51,,
call,out,bdfa2bfe240f8f5be93dc0a32f8788997a29026e,2010-10-28 06:33:04,,
call,out,bdfa2bfe240f8f5be93dc0a32f8788997a29026e,2010-10-28 06:32:44,,
call,out,fa10-01-22,2010-10-29 18:42:44,,
call,out,c8744b648176a119fc94458aef5196107496253,2010-10-29 18:30:46,,
call,out,c8744b648176a119fc94458aef5196107496253,2010-10-29 17:55:42,,
call,in,fa10-01-22,2010-10-29 16:58:52,,
call,out,fa10-01-22,2010-10-29 16:27:29,,
call,out,fa10-01-22,2010-10-29 15:50:48,,
call,out,sp10-01-23,2010-10-29 14:42:32,,
call,out,fa10-01-22,2010-10-29 14:41:54,,
call,in,fa10-01-22,2010-10-29 12:46:58,,
call,out,fa10-01-22,2010-10-29 11:48:23,,
call,out,f78b57c358091ce21215ac23ac4cba170fbcc93f,2010-10-29 11:46:14,,
call,in,4a0e64288aeedbebfba622209165d81bcf5269ca,2010-10-29 08:43:32,,
call,out,40c387ecbcb9a3d2b243d4dbaf3df54c43a169eb,2010-10-30 18:05:07,,
call,out,fc2dbc8cf3378258aa94ca3a0c42609526a2e198,2010-10-30 14:00:57,,
call,out,fc2dbc8cf3378258aa94ca3a0c42609526a2e198,2010-10-30 13:59:07,,
call,out,fa10-01-21,2010-10-30 13:21:59,,
call,out,fa10-01-22,2010-10-30 13:20:46,,
call,in,4a0e64288aeedbebfba622209165d81bcf5269ca,2010-10-30 09:36:45,,
call,in,4a0e64288aeedbebfba622209165d81bcf5269ca,2010-10-30 08:56:32,,
call,in,4a0e64288aeedbebfba622209165d81bcf5269ca,2010-10-31 07:28:37,,
call,in,e2a80bab8dce5c0820bc616cad281a7a7848e039,2010-10-31 11:44:07,,
call,out,6d78335a6d44dfd22edf38b370f850ef95f8a8c7,2010-10-31 17:46:15,,
call,in,7bb4f9b1d0df4ba29af216a43f27f864af517420,2010-11-01 10:28:55,,
call,in,4a0e64288aeedbebfba622209165d81bcf5269ca,2010-11-01 07:17:37,,
call,out,fa10-01-21,2010-11-01 20:03:37,,
call,out,fa10-01-22,2010-11-01 19:36:18,,
call,out,fa10-01-79,2010-11-01 18:01:38,,
call,out,fa10-01-79,2010-11-01 18:01:01,,
call,out,fa10-01-79,2010-11-01 18:00:53,,
call,in,fa10-01-22,2010-11-01 16:50:30,,
call,in,9aba8151e80469720dc660bea63fae9ca7c8a2c2,2010-11-01 16:42:46,,
call,out,b68075ad4dde137983b7ac843e567e4a4ffd958,2010-11-01 16:30:06,,
call,in,4a0e64288aeedbebfba622209165d81bcf5269ca,2010-11-02 10:30:17,,
call,out,6ea3e04e34baeedcf41b1557738fb186e89072bc,2010-11-02 19:17:48,,
call,in,40c387ecbcb9a3d2b243d4dbaf3df54c43a169eb,2010-11-02 18:41:43,,
call,out,fa10-01-22,2010-11-02 18:37:39,,
call,in,4a0e64288aeedbebfba622209165d81bcf5269ca,2010-11-03 06:58:08,,
call,out,fa10-01-21,2010-11-03 18:25:10,,
call,in,fa10-01-22,2010-11-03 22:03:05,,
call,out,fa10-01-21,2010-11-03 21:57:51,,
call,out,fa10-01-22,2010-11-03 21:56:59,,
call,in,fa10-01-22,2010-11-03 20:44:41,,
call,in,fa10-01-22,2010-11-03 20:43:52,,
call,in,40c387ecbcb9a3d2b243d4dbaf3df54c43a169eb,2010-11-03 18:42:57,,
call,in,40c387ecbcb9a3d2b243d4dbaf3df54c43a169eb,2010-11-03 18:39:19,,
call,out,fa10-01-21,2010-11-03 18:29:17,,
call,in,356a192b7913b04c54574d18c28d46e6395428ab,2010-11-04 07:17:03,,
call,out,bdfa2bfe240f8f5be93dc0a32f8788997a29026e,2010-11-04 07:03:56,,
call,out,sp10-01-23,2010-11-04 07:00:21,,
call,in,ca99b98ea13cb367c6d5c3e83f5237c4cb48e26,2010-11-04 06:59:56,,
call,out,bdfa2bfe240f8f5be93dc0a32f8788997a29026e,2010-11-04 06:31:10,,
call,out,bdfa2bfe240f8f5be93dc0a32f8788997a29026e,2010-11-04 06:30:02,,
call,out,bdfa2bfe240f8f5be93dc0a32f8788997a29026e,2010-11-04 06:29:41,,
call,out,fa10-01-22,2010-11-04 17:14:35,,
call,out,fc2dbc8cf3378258aa94ca3a0c42609526a2e198,2010-11-04 11:28:39,,
call,out,fa10-01-74,2010-11-04 11:03:16,,
call,out,7b1b9d437a44d73eca50350855287d0fa72b7ab,2010-11-04 11:02:52,,
call,in,4a0e64288aeedbebfba622209165d81bcf5269ca,2010-11-04 07:50:46,,
call,in,60e7f4c2cda5809747db575058bde6f104b81d7e,2010-11-05 15:21:48,,
call,out,6ea3e04e34baeedcf41b1557738fb186e89072bc,2010-11-05 20:18:41,,
call,out,6ea3e04e34baeedcf41b1557738fb186e89072bc,2010-11-05 20:00:15,,
call,out,6ea3e04e34baeedcf41b1557738fb186e89072bc,2010-11-05 19:59:26,,
call,out,bdfa2bfe240f8f5be93dc0a32f8788997a29026e,2010-11-06 15:07:51,,
call,out,bdfa2bfe240f8f5be93dc0a32f8788997a29026e,2010-11-06 14:31:11,,
call,out,bdfa2bfe240f8f5be93dc0a32f8788997a29026e,2010-11-06 14:30:35,,
call,out,bdfa2bfe240f8f5be93dc0a32f8788997a29026e,2010-11-06 13:36:12,,
call,out,40c387ecbcb9a3d2b243d4dbaf3df54c43a169eb,2010-11-06 12:39:55,,
call,out,fa10-01-79,2010-11-06 19:49:03,,
call,out,5bf40c8b24b03869a52c074e589c3f6bc180ee5,2010-11-06 19:29:06,,
call,in,4a0e64288aeedbebfba622209165d81bcf5269ca,2010-11-07 18:07:18,,
call,in,356a192b7913b04c54574d18c28d46e6395428ab,2010-11-07 11:34:29,,
call,out,sp10-01-23,2010-11-07 11:29:42,,
call,in,800747325b867d8d83eaa6a791213f27182f3252,2010-11-07 10:15:55,,
call,in,fa10-01-22,2010-11-08 16:42:24,,
call,out,bdfa2bfe240f8f5be93dc0a32f8788997a29026e,2010-11-08 15:48:26,,
call,out,bdfa2bfe240f8f5be93dc0a32f8788997a29026e,2010-11-08 15:06:48,,
call,out,bdfa2bfe240f8f5be93dc0a32f8788997a29026e,2010-11-08 15:04:41,,
call,out,7500ff854f04d2ae2c974116344f01703d9b28,2010-11-08 15:01:40,,
call,out,7500ff854f04d2ae2c974116344f01703d9b28,2010-11-08 15:00:47,,
call,out,fa10-01-79,2010-11-09 18:23:31,,
call,in,fa10-01-79,2010-11-09 11:35:59,,
call,in,7500ff854f04d2ae2c974116344f01703d9b28,2010-11-09 09:11:52,,
call,out,fa10-01-79,2010-11-09 19:16:33,,
call,out,sp10-01-23,2010-11-09 19:11:34,,
call,out,fa10-01-79,2010-11-09 19:04:46,,
call,out,fa10-01-79,2010-11-09 19:03:39,,
call,out,fa10-01-79,2010-11-10 14:15:22,,
call,in,40c387ecbcb9a3d2b243d4dbaf3df54c43a169eb,2010-11-10 18:08:25,,
call,out,fa10-01-79,2010-11-10 16:57:12,,
call,out,fa10-01-79,2010-11-10 16:53:52,,
call,out,fa10-01-79,2010-11-10 20:52:27,,
call,out,fa10-01-79,2010-11-10 20:29:15,,
call,out,40c387ecbcb9a3d2b243d4dbaf3df54c43a169eb,2010-11-10 19:51:04,,
call,out,fd0ca185782b2e072845a33a1f0de1161cfec2b,2010-11-11 14:42:53,,
call,in,2a6a2d07b4139f05438e09a01ba427affd86ecca,2010-11-11 21:12:42,,
call,out,fa10-01-79,2010-11-11 19:39:04,,
call,out,fa10-01-21,2010-11-12 16:14:41,,
call,out,fa10-01-21,2010-11-12 15:46:31,,
call,out,fa10-01-21,2010-11-12 14:16:02,,
call,out,2a6a2d07b4139f05438e09a01ba427affd86ecca,2010-11-12 12:54:21,,
call,out,fa10-01-79,2010-11-12 10:44:52,,
call,in,fa10-01-79,2010-11-12 07:13:03,,
call,out,fa10-01-21,2010-11-12 19:01:04,,
call,out,fa10-01-79,2010-11-12 18:55:31,,
call,out,fa10-01-79,2010-11-12 18:52:31,,
call,in,fa10-01-79,2010-11-13 14:47:02,,
call,out,40c387ecbcb9a3d2b243d4dbaf3df54c43a169eb,2010-11-13 14:42:15,,
call,out,20b936e0b0fef213080ff5ca4f10bebf60ee729b,2010-11-13 11:14:19,,
call,out,40c387ecbcb9a3d2b243d4dbaf3df54c43a169eb,2010-11-13 11:13:17,,
call,out,fa10-01-21,2010-11-13 20:28:47,,
call,out,fa10-01-79,2010-11-13 20:04:03,,
call,in,40c387ecbcb9a3d2b243d4dbaf3df54c43a169eb,2010-11-13 19:33:36,,
call,out,fa10-01-79,2010-11-13 15:32:35,,
call,in,40c387ecbcb9a3d2b243d4dbaf3df54c43a169eb,2010-11-13 14:52:29,,
call,in,6ea3e04e34baeedcf41b1557738fb186e89072bc,2010-11-14 23:44:22,,
call,in,fa10-01-22,2010-11-14 19:07:29,,
call,in,fa10-01-22,2010-11-14 18:27:47,,
call,out,c9514b6f106fde650b496b3c11e91e1746e2175,2010-11-14 17:58:55,,
call,out,fa10-01-22,2010-11-14 17:51:44,,
call,out,fa10-01-79,2010-11-14 17:42:29,,
call,out,fa10-01-79,2010-11-15 14:11:08,,
call,out,fa10-01-21,2010-11-15 14:06:24,,
call,out,fa10-01-79,2010-11-15 14:04:37,,
call,in,fa10-01-79,2010-11-15 12:19:17,,
call,out,fa10-01-79,2010-11-15 11:19:43,,
call,in,40c387ecbcb9a3d2b243d4dbaf3df54c43a169eb,2010-11-15 21:08:03,,
call,out,fa10-01-79,2010-11-15 20:39:32,,
call,out,sp10-01-23,2010-11-15 18:03:54,,
call,in,fa10-01-79,2010-11-15 17:54:50,,
call,out,fa10-01-79,2010-11-16 14:32:42,,
call,in,fa10-01-79,2010-11-16 11:24:23,,
call,in,fa10-01-79,2010-11-16 10:22:48,,
call,out,fa10-01-79,2010-11-16 10:20:01,,
call,in,fa10-01-79,2010-11-16 10:12:21,,
call,in,fa10-01-79,2010-11-16 19:45:01,,
call,in,fa10-01-79,2010-11-16 19:44:05,,
call,in,fa10-01-79,2010-11-16 19:21:51,,
call,out,fa10-01-79,2010-11-17 17:51:29,,
call,out,fa10-01-79,2010-11-17 17:04:07,,
call,out,fa10-01-79,2010-11-17 15:45:16,,
call,out,fa10-01-79,2010-11-17 15:36:44,,
call,out,fa10-01-79,2010-11-17 15:29:48,,
call,in,fa10-01-79,2010-11-17 15:16:06,,
call,out,fa10-01-79,2010-11-17 13:36:03,,
call,out,fa10-01-79,2010-11-17 13:35:33,,
call,out,fa10-01-79,2010-11-17 12:19:39,,
call,in,fa10-01-79,2010-11-17 12:04:11,,
call,in,fa10-01-79,2010-11-17 12:03:28,,
call,out,6d67e3c5726c9724dbe6820af864ea02e55c7f2,2010-11-17 19:14:26,,
call,in,6d78335a6d44dfd22edf38b370f850ef95f8a8c7,2010-11-17 19:01:43,,
call,out,fa10-01-79,2010-11-18 17:54:18,,
call,out,fa10-01-79,2010-11-18 15:35:57,,
call,out,fa10-01-79,2010-11-18 15:05:29,,
call,out,sp10-01-23,2010-11-18 14:58:08,,
call,out,fa10-01-79,2010-11-18 12:39:45,,
call,in,fa10-01-79,2010-11-18 12:39:34,,
call,out,fa10-01-79,2010-11-18 21:59:28,,
call,out,fa10-01-79,2010-11-18 20:38:18,,
call,in,fa10-01-22,2010-11-19 16:47:39,,
call,out,fa10-01-22,2010-11-19 15:49:28,,
call,out,sp10-01-23,2010-11-19 15:46:27,,
call,in,fa10-01-22,2010-11-19 13:34:07,,
call,out,fa10-01-22,2010-11-19 13:25:08,,
call,out,fa10-01-79,2010-11-19 12:21:31,,
call,out,d5c2dff580ccb5b2a7d9778b830a3685d7a5cf71,2010-11-19 12:20:42,,
call,out,9aba8151e80469720dc660bea63fae9ca7c8a2c2,2010-11-19 12:20:04,,
call,out,9aba8151e80469720dc660bea63fae9ca7c8a2c2,2010-11-19 11:34:43,,
call,out,31c52f897bf84a5534430edc2f3e88010f342f2a,2010-11-19 21:44:44,,
call,out,f95184e0ec15c1dc3133dacfa941ccfa91654bf6,2010-11-19 21:43:00,,
call,in,fa10-01-79,2010-11-19 20:37:55,,
call,out,fa10-01-79,2010-11-19 20:16:01,,
call,out,fa10-01-79,2010-11-19 19:54:51,,
call,out,fa10-01-79,2010-11-19 19:01:26,,
call,in,fa10-01-22,2010-11-19 18:02:49,,
call,in,fa10-01-79,2010-11-20 12:57:44,,
call,in,fa10-01-79,2010-11-20 12:51:53,,
call,out,c9514b6f106fde650b496b3c11e91e1746e2175,2010-11-20 12:33:47,,
call,out,fa10-01-79,2010-11-20 12:13:08,,
call,out,c9514b6f106fde650b496b3c11e91e1746e2175,2010-11-20 12:08:55,,
call,out,c9514b6f106fde650b496b3c11e91e1746e2175,2010-11-20 12:08:35,,
call,out,ac6e859c18cf9ce03504023b3cfd9a531036a4d9,2010-11-20 11:56:48,,
call,in,356a192b7913b04c54574d18c28d46e6395428ab,2010-11-20 09:18:45,,
call,out,40c387ecbcb9a3d2b243d4dbaf3df54c43a169eb,2010-11-21 16:16:38,,
call,out,fa10-01-79,2010-11-21 11:10:58,,
call,in,fa10-01-79,2010-11-21 10:27:14,,
call,out,fa10-01-79,2010-11-21 10:26:27,,
call,out,fa10-01-79,2010-11-21 10:25:15,,
call,out,fa10-01-22,2010-11-21 10:11:35,,
call,out,fa10-01-22,2010-11-21 10:10:49,,
call,out,fa10-01-79,2010-11-22 14:24:57,,
call,out,fa10-01-79,2010-11-22 14:00:57,,
call,in,fa10-01-79,2010-11-22 14:00:12,,
call,in,fa10-01-79,2010-11-22 12:29:02,,
call,out,fa10-01-79,2010-11-22 11:46:27,,
call,out,fa10-01-79,2010-11-22 22:04:36,,
call,out,fa10-01-79,2010-11-22 22:02:00,,
call,in,40c387ecbcb9a3d2b243d4dbaf3df54c43a169eb,2010-11-22 21:30:58,,
call,in,40c387ecbcb9a3d2b243d4dbaf3df54c43a169eb,2010-11-22 21:04:21,,
call,out,fa10-01-79,2010-11-22 20:24:27,,
call,out,fa10-01-79,2010-11-22 20:21:48,,
call,in,cc57cf8a47180ea48a9985177a1e5ba9c40e0dc7,2010-11-22 18:01:19,,
call,out,fa10-01-79,2010-11-23 15:45:11,,
call,in,fa10-01-79,2010-11-23 14:33:21,,
call,in,fa10-01-79,2010-11-23 14:31:59,,
call,out,fa10-01-79,2010-11-23 14:25:34,,
call,out,fa10-01-22,2010-11-23 14:04:50,,
call,out,fa10-01-79,2010-11-23 09:44:06,,
call,out,fa10-01-79,2010-11-23 19:38:46,,
call,out,fa10-01-79,2010-11-23 19:37:44,,
call,out,fa10-01-79,2010-11-23 19:09:41,,
call,out,fa10-01-22,2010-11-23 16:54:54,,
call,in,fa10-01-22,2010-11-23 16:52:43,,
call,out,fa10-01-22,2010-11-24 16:11:32,,
call,out,fa10-01-79,2010-11-24 13:28:44,,
call,in,4b361408555e9cbc58a3768ae68ccb9bf9d85ed3,2010-11-24 13:23:10,,
call,in,fa10-01-79,2010-11-24 12:38:49,,
call,out,fa10-01-79,2010-11-24 12:22:12,,
call,out,fa10-01-79,2010-11-24 12:21:31,,
call,out,fa10-01-79,2010-11-24 10:19:27,,
call,out,fa10-01-79,2010-11-24 09:34:42,,
call,out,fa10-01-79,2010-11-25 00:12:33,,
call,in,4b361408555e9cbc58a3768ae68ccb9bf9d85ed3,2010-11-24 21:59:37,,
call,out,4b361408555e9cbc58a3768ae68ccb9bf9d85ed3,2010-11-24 21:44:04,,
call,in,40c387ecbcb9a3d2b243d4dbaf3df54c43a169eb,2010-11-24 21:39:30,,
call,out,4b361408555e9cbc58a3768ae68ccb9bf9d85ed3,2010-11-24 21:22:00,,
call,in,4b361408555e9cbc58a3768ae68ccb9bf9d85ed3,2010-11-24 21:17:52,,
call,out,fa10-01-79,2010-11-24 18:13:34,,
call,out,fa10-01-79,2010-11-24 18:11:26,,
call,out,fa10-01-22,2010-11-25 16:09:57,,
call,out,40c387ecbcb9a3d2b243d4dbaf3df54c43a169eb,2010-11-25 15:50:59,,
call,in,4b361408555e9cbc58a3768ae68ccb9bf9d85ed3,2010-11-25 15:44:19,,
call,out,4b361408555e9cbc58a3768ae68ccb9bf9d85ed3,2010-11-25 15:42:37,,
call,out,4b361408555e9cbc58a3768ae68ccb9bf9d85ed3,2010-11-25 15:40:48,,
call,out,4b361408555e9cbc58a3768ae68ccb9bf9d85ed3,2010-11-25 15:40:22,,
call,out,40c387ecbcb9a3d2b243d4dbaf3df54c43a169eb,2010-11-25 15:36:56,,
call,out,40c387ecbcb9a3d2b243d4dbaf3df54c43a169eb,2010-11-25 15:33:57,,
call,out,fa10-01-79,2010-11-25 15:33:50,,
call,in,fa10-01-79,2010-11-25 14:57:42,,
call,out,fa10-01-22,2010-11-25 16:26:15,,
call,in,fa10-01-22,2010-11-25 16:25:28,,
call,in,d1f4dbe3781f143236686238a35fde8643f95bff,2010-11-26 15:03:24,,
call,in,d1f4dbe3781f143236686238a35fde8643f95bff,2010-11-26 14:41:21,,
call,out,fa10-01-22,2010-11-26 09:25:22,,
call,out,b5e858ef1b790c6df27f1552018c0203f4e0c617,2010-11-27 10:35:30,,
call,in,d1f4dbe3781f143236686238a35fde8643f95bff,2010-11-27 18:25:57,,
call,out,40c387ecbcb9a3d2b243d4dbaf3df54c43a169eb,2010-11-28 17:51:11,,
call,in,40c387ecbcb9a3d2b243d4dbaf3df54c43a169eb,2010-11-28 17:41:28,,
call,out,40c387ecbcb9a3d2b243d4dbaf3df54c43a169eb,2010-11-28 15:38:47,,
call,in,6ea3e04e34baeedcf41b1557738fb186e89072bc,2010-11-28 13:33:02,,
call,in,fa10-01-22,2010-11-29 20:15:26,,
call,out,2a6a2d07b4139f05438e09a01ba427affd86ecca,2010-11-29 19:58:15,,
call,out,2a6a2d07b4139f05438e09a01ba427affd86ecca,2010-11-29 19:51:07,,
call,out,fa10-01-22,2010-11-29 19:38:54,,
call,in,fa10-01-79,2010-11-29 15:20:46,,
call,in,fa10-01-79,2010-11-29 11:15:27,,
call,out,fa10-01-79,2010-11-29 11:12:20,,
call,out,fa10-01-79,2010-11-29 22:34:15,,
call,in,fa10-01-79,2010-11-29 22:18:50,,
call,out,fa10-01-79,2010-11-30 18:58:36,,
call,in,fa10-01-79,2010-11-30 15:09:56,,
call,in,fa10-01-79,2010-11-30 13:10:30,,
call,in,fa10-01-79,2010-11-30 13:05:11,,
call,in,6d67e3c5726c9724dbe6820af864ea02e55c7f2,2010-11-30 12:23:40,,
call,in,fa10-01-79,2010-11-30 12:01:50,,
call,out,fa10-01-79,2010-11-30 22:54:26,,
call,out,59f0196b76b5836aa23a93462df842bc2007c1db,2010-12-01 15:57:40,,
call,out,fa10-01-79,2010-12-01 15:06:06,,
call,out,fa10-01-79,2010-12-01 14:13:40,,
call,out,fa10-01-79,2010-12-01 13:37:19,,
call,out,fa10-01-79,2010-12-01 11:55:15,,
call,out,fa10-01-79,2010-12-01 18:49:03,,
call,out,fa10-01-79,2010-12-01 18:47:08,,
call,out,6ea3e04e34baeedcf41b1557738fb186e89072bc,2010-12-01 19:14:10,,
call,out,fa10-01-79,2010-12-01 19:09:01,,
call,out,fa10-01-79,2010-12-02 12:09:01,,
call,out,fa10-01-79,2010-12-02 09:00:20,,
call,out,fa10-01-79,2010-12-03 19:20:37,,
call,out,fa10-01-79,2010-12-03 18:46:51,,
call,out,fa10-01-79,2010-12-03 16:36:35,,
call,out,fa10-01-79,2010-12-03 12:24:10,,
call,out,fa10-01-79,2010-12-03 11:20:56,,
call,out,fa10-01-21,2010-12-04 16:08:20,,
call,in,40c387ecbcb9a3d2b243d4dbaf3df54c43a169eb,2010-12-04 12:27:19,,
call,out,fa10-01-79,2010-12-04 12:26:46,,
call,in,40c387ecbcb9a3d2b243d4dbaf3df54c43a169eb,2010-12-04 12:26:08,,
call,out,40c387ecbcb9a3d2b243d4dbaf3df54c43a169eb,2010-12-04 12:25:53,,
call,in,40c387ecbcb9a3d2b243d4dbaf3df54c43a169eb,2010-12-04 12:12:23,,
call,out,fa10-01-21,2010-12-04 18:32:45,,
call,out,fa10-01-22,2010-12-04 18:31:48,,
call,in,40c387ecbcb9a3d2b243d4dbaf3df54c43a169eb,2010-12-04 17:59:06,,
call,out,fa10-01-79,2010-12-04 21:00:44,,
call,in,fa10-01-22,2010-12-04 18:47:35,,
call,out,fa10-01-79,2010-12-05 18:01:24,,
call,out,fa10-01-21,2010-12-05 17:58:49,,
call,out,fa10-01-21,2010-12-05 17:17:22,,
call,out,40c387ecbcb9a3d2b243d4dbaf3df54c43a169eb,2010-12-05 13:24:43,,
call,out,fa10-01-79,2010-12-05 13:23:06,,
call,in,6ea3e04e34baeedcf41b1557738fb186e89072bc,2010-12-05 11:39:36,,
call,out,2a6a2d07b4139f05438e09a01ba427affd86ecca,2010-12-05 11:24:43,,
call,out,sp10-01-23,2010-12-05 10:04:38,,
call,out,fa10-01-21,2010-12-05 22:08:48,,
call,in,40c387ecbcb9a3d2b243d4dbaf3df54c43a169eb,2010-12-05 22:07:33,,
call,out,40c387ecbcb9a3d2b243d4dbaf3df54c43a169eb,2010-12-05 22:06:19,,
call,out,40c387ecbcb9a3d2b243d4dbaf3df54c43a169eb,2010-12-05 22:05:41,,
call,out,fa10-01-79,2010-12-06 18:27:29,,
call,out,ba5d2a4861b8a3bf117fd7a98e4ff86e10e60c18,2010-12-06 16:11:02,,
call,in,fa10-01-79,2010-12-06 13:06:31,,
call,out,fa10-01-79,2010-12-06 12:19:10,,
call,out,f78b57c358091ce21215ac23ac4cba170fbcc93f,2010-12-06 11:14:08,,
call,in,fa10-01-79,2010-12-07 05:24:57,,
call,out,fa10-01-79,2010-12-07 05:21:11,,
call,out,fa10-01-79,2010-12-07 05:03:29,,
call,in,fa10-01-79,2010-12-07 14:45:50,,
call,in,6ea3e04e34baeedcf41b1557738fb186e89072bc,2010-12-07 13:58:16,,
call,in,fa10-01-79,2010-12-07 09:58:22,,
call,in,fa10-01-79,2010-12-07 09:46:19,,
call,in,fa10-01-79,2010-12-07 22:27:10,,
call,in,fa10-01-79,2010-12-07 22:08:26,,
call,out,fa10-01-79,2010-12-07 21:33:13,,
call,in,fa10-01-79,2010-12-07 18:49:19,,
call,in,fa10-01-79,2010-12-08 08:00:44,,
call,out,fa10-01-79,2010-12-08 21:12:06,,
call,out,fa10-01-79,2010-12-08 19:33:11,,
call,in,fa10-01-79,2010-12-08 17:00:08,,
call,out,fa10-01-22,2010-12-08 11:27:56,,
call,in,fa10-01-79,2010-12-09 09:40:44,,
call,out,fa10-01-79,2010-12-09 08:45:20,,
call,in,fa10-01-79,2010-12-09 08:38:44,,
call,in,fa10-01-79,2010-12-09 08:15:29,,
call,out,fa10-01-79,2010-12-09 07:56:35,,
call,in,fa10-01-79,2010-12-09 18:35:36,,
call,in,fa10-01-79,2010-12-09 18:12:55,,
call,in,fa10-01-79,2010-12-09 18:02:08,,
call,out,fa10-01-79,2010-12-09 17:49:51,,
call,out,fa10-01-79,2010-12-09 17:47:00,,
call,out,fa10-01-22,2010-12-09 17:35:55,,
call,out,fa10-01-79,2010-12-09 14:18:22,,
call,out,sp10-01-23,2010-12-09 14:18:12,,
call,out,a9d3ea6bbe493ae500f8c8ff685fd7e856fa370e,2010-12-09 14:15:27,,
call,out,fa10-01-79,2010-12-09 14:06:21,,
call,out,fa10-01-79,2010-12-09 13:50:02,,
call,out,sp10-01-23,2010-12-09 13:49:23,,
call,out,fa10-01-79,2010-12-09 13:25:30,,
call,out,fa10-01-79,2010-12-09 13:20:34,,
call,out,fa10-01-79,2010-12-09 13:20:23,,
call,out,a9d3ea6bbe493ae500f8c8ff685fd7e856fa370e,2010-12-09 13:10:04,,
call,out,fa10-01-79,2010-12-09 13:07:47,,
call,out,fa10-01-79,2010-12-09 13:07:22,,
call,in,fa10-01-79,2010-12-09 12:54:19,,
call,in,2a6a2d07b4139f05438e09a01ba427affd86ecca,2010-12-10 18:51:14,,
call,out,fa10-01-21,2010-12-10 16:08:47,,
call,in,fa10-01-21,2010-12-10 15:31:05,,
call,out,sp10-01-23,2010-12-10 13:34:21,,
call,in,fa10-01-21,2010-12-10 11:21:11,,
call,out,67a782a9ffd1493f131762748f31644fb176efc2,2010-12-11 17:22:35,,
call,in,67a782a9ffd1493f131762748f31644fb176efc2,2010-12-11 17:21:23,,
call,in,67a782a9ffd1493f131762748f31644fb176efc2,2010-12-11 17:11:44,,
call,out,fa10-01-79,2010-12-11 17:10:16,,
call,out,67a782a9ffd1493f131762748f31644fb176efc2,2010-12-11 17:05:31,,
call,out,67a782a9ffd1493f131762748f31644fb176efc2,2010-12-11 17:04:41,,
call,out,67a782a9ffd1493f131762748f31644fb176efc2,2010-12-11 14:20:46,,
call,out,fa10-01-21,2010-12-11 14:06:33,,
call,in,fa10-01-21,2010-12-11 14:04:39,,
call,in,2a6a2d07b4139f05438e09a01ba427affd86ecca,2010-12-12 13:39:44,,
call,in,40c387ecbcb9a3d2b243d4dbaf3df54c43a169eb,2010-12-12 10:54:22,,
call,out,40c387ecbcb9a3d2b243d4dbaf3df54c43a169eb,2010-12-12 10:41:26,,
call,out,2a6a2d07b4139f05438e09a01ba427affd86ecca,2010-12-13 20:31:51,,
call,out,fa10-01-79,2010-12-13 20:29:47,,
call,out,fa10-01-79,2010-12-13 20:20:06,,
call,in,fa10-01-79,2010-12-13 19:41:26,,
call,out,fa10-01-79,2010-12-13 22:50:36,,
call,out,fa10-01-79,2010-12-13 22:49:50,,
call,out,fa10-01-79,2010-12-13 21:57:30,,
call,out,fa10-01-79,2010-12-14 19:27:37,,
call,out,ebe9186afd5f722e96a3ebb12f89fe2f0ef3f936,2010-12-14 12:15:54,,
call,out,ebe9186afd5f722e96a3ebb12f89fe2f0ef3f936,2010-12-14 12:15:45,,
call,out,ebe9186afd5f722e96a3ebb12f89fe2f0ef3f936,2010-12-14 12:15:32,,
call,out,fa10-01-79,2010-12-14 23:32:48,,
call,out,fa10-01-79,2010-12-14 22:25:05,,
call,out,fa10-01-79,2010-12-14 21:34:53,,
call,in,fa10-01-79,2010-12-14 20:41:29,,
call,out,40c387ecbcb9a3d2b243d4dbaf3df54c43a169eb,2010-12-15 13:43:04,,
call,out,40c387ecbcb9a3d2b243d4dbaf3df54c43a169eb,2010-12-15 13:31:55,,
call,out,fa10-01-79,2010-12-15 13:02:12,,
call,out,fa10-01-79,2010-12-15 12:59:02,,
call,out,fa10-01-79,2010-12-15 12:58:16,,
call,in,356a192b7913b04c54574d18c28d46e6395428ab,2010-12-15 08:42:35,,
call,out,fa10-01-79,2010-12-16 18:35:38,,
call,in,fa10-01-22,2010-12-16 14:26:33,,
call,out,fa10-01-79,2010-12-16 23:06:04,,
call,in,fa10-01-79,2010-12-16 20:12:11,,
call,out,eebdd83e15696e03643155758b187c7541b513c0,2010-12-21 19:58:25,,
call,out,6d67e3c5726c9724dbe6820af864ea02e55c7f2,2010-12-21 19:57:31,,
call,out,fa10-01-79,2010-12-21 19:50:12,,
call,out,fa10-01-79,2010-12-21 19:21:29,,
call,out,fa10-01-22,2010-12-21 19:20:54,,
call,out,fa10-01-79,2010-12-21 19:19:43,,
call,in,fa10-01-22,2010-12-21 19:06:26,,
call,out,fa10-01-79,2010-12-21 18:03:04,,
call,out,8dd1c8263a6774a8c5188ee9cad095d52be15e8c,2010-12-21 17:58:13,,
call,out,40c387ecbcb9a3d2b243d4dbaf3df54c43a169eb,2010-12-21 16:33:00,,
call,out,fa10-01-22,2010-12-21 16:24:35,,
call,in,8dd1c8263a6774a8c5188ee9cad095d52be15e8c,2010-12-21 15:57:38,,
call,out,8dd1c8263a6774a8c5188ee9cad095d52be15e8c,2010-12-21 15:56:21,,
call,out,fa10-01-79,2010-12-21 15:47:56,,
call,out,fa10-01-79,2010-12-22 10:26:52,,
call,out,fa10-01-79,2010-12-22 19:43:12,,
call,out,fa10-01-22,2010-12-22 18:50:13,,
call,out,fa10-01-79,2010-12-22 18:12:38,,
call,in,e04d14b253df91b0b2a4342132ccff2757f1835b,2010-12-22 15:51:50,,
call,in,fa10-01-22,2010-12-22 14:43:42,,
call,out,fa10-01-22,2010-12-22 14:37:04,,
call,in,fa10-01-79,2010-12-22 14:10:50,,
call,in,fa10-01-79,2010-12-22 14:02:15,,
call,out,fa10-01-79,2010-12-22 13:54:54,,
call,out,fa10-01-79,2010-12-22 13:09:02,,
call,out,fa10-01-79,2010-12-22 11:54:09,,
call,in,fa10-01-79,2010-12-22 11:28:48,,
call,in,fa10-01-22,2010-12-22 10:40:56,,
call,out,fa10-01-79,2010-12-22 10:27:47,,
call,out,fa10-01-79,2010-12-22 21:12:16,,
call,in,fa10-01-22,2010-12-23 18:44:46,,
call,in,6d67e3c5726c9724dbe6820af864ea02e55c7f2,2010-12-23 17:51:17,,
call,in,fa10-01-79,2010-12-23 17:22:45,,
call,in,fa10-01-79,2010-12-23 16:22:30,,
call,out,fa10-01-22,2010-12-23 15:49:52,,
call,out,fa10-01-79,2010-12-23 15:11:40,,
call,out,fa10-01-79,2010-12-23 14:54:34,,
call,out,fa10-01-79,2010-12-23 14:41:46,,
call,out,fa10-01-79,2010-12-23 14:39:16,,
call,in,fa10-01-79,2010-12-23 13:52:29,,
call,in,fa10-01-22,2010-12-23 13:49:17,,
call,out,fa10-01-79,2010-12-23 13:26:34,,
call,in,eebdd83e15696e03643155758b187c7541b513c0,2010-12-23 10:58:20,,
call,out,fa10-01-79,2010-12-23 22:53:23,,
call,in,fa10-01-79,2010-12-24 18:41:25,,
call,out,fa10-01-79,2010-12-24 18:38:22,,
call,in,fa10-01-79,2010-12-24 18:14:22,,
call,out,fa10-01-79,2010-12-24 17:06:08,,
call,in,40c387ecbcb9a3d2b243d4dbaf3df54c43a169eb,2010-12-24 16:13:43,,
call,out,40c387ecbcb9a3d2b243d4dbaf3df54c43a169eb,2010-12-24 11:22:41,,
call,out,fa10-01-22,2010-12-25 18:57:47,,
call,out,fa10-01-22,2010-12-25 11:49:02,,
call,in,4b361408555e9cbc58a3768ae68ccb9bf9d85ed3,2010-12-25 10:43:07,,
call,in,e04d14b253df91b0b2a4342132ccff2757f1835b,2010-12-25 20:28:23,,
call,in,2a6a2d07b4139f05438e09a01ba427affd86ecca,2010-12-26 20:00:10,,
call,out,2a6a2d07b4139f05438e09a01ba427affd86ecca,2010-12-26 19:47:54,,
call,out,8dd1c8263a6774a8c5188ee9cad095d52be15e8c,2010-12-26 19:47:08,,
call,in,fa10-01-79,2010-12-26 14:09:35,,
call,out,fa10-01-79,2010-12-26 14:08:35,,
call,out,fa10-01-79,2010-12-26 14:07:27,,
call,in,2a6a2d07b4139f05438e09a01ba427affd86ecca,2010-12-26 13:39:52,,
call,in,8dd1c8263a6774a8c5188ee9cad095d52be15e8c,2010-12-26 11:49:55,,
call,out,fa10-01-22,2010-12-27 10:50:25,,
call,out,fa10-01-22,2010-12-27 10:41:56,,
call,out,fa10-01-22,2010-12-27 10:41:07,,
call,in,fa10-01-22,2010-12-27 16:55:03,,
call,in,fa10-01-22,2010-12-27 16:30:46,,
call,out,fa10-01-22,2010-12-27 16:29:11,,
call,out,fa10-01-22,2010-12-27 13:42:39,,
call,out,fa10-01-79,2010-12-27 13:22:32,,
call,in,fa10-01-79,2010-12-27 13:20:39,,
call,in,2a6a2d07b4139f05438e09a01ba427affd86ecca,2010-12-27 12:58:31,,
call,in,fa10-01-22,2010-12-27 12:48:54,,
call,out,fa10-01-22,2010-12-27 12:35:39,,
call,out,fa10-01-79,2010-12-27 11:46:51,,
call,in,fa10-01-79,2010-12-27 11:36:43,,
call,out,fa10-01-79,2010-12-28 13:05:40,,
call,out,fa10-01-79,2010-12-28 22:11:25,,
call,out,8dd1c8263a6774a8c5188ee9cad095d52be15e8c,2010-12-28 18:58:48,,
call,in,fa10-01-22,2010-12-28 18:57:39,,
call,in,8dd1c8263a6774a8c5188ee9cad095d52be15e8c,2010-12-28 18:15:52,,
call,out,fa10-01-79,2010-12-28 17:47:14,,
call,out,fa10-01-22,2010-12-28 17:04:52,,
call,out,fa10-01-22,2010-12-29 11:34:39,,
call,in,fa10-01-22,2010-12-29 11:33:24,,
call,in,fa10-01-22,2010-12-29 11:32:54,,
call,out,fa10-01-21,2010-12-29 22:44:41,,
call,in,8dd1c8263a6774a8c5188ee9cad095d52be15e8c,2010-12-29 21:35:41,,
call,out,8dd1c8263a6774a8c5188ee9cad095d52be15e8c,2010-12-29 18:16:33,,
call,out,8dd1c8263a6774a8c5188ee9cad095d52be15e8c,2010-12-29 18:15:38,,
call,out,fa10-01-79,2010-12-29 17:01:59,,
call,out,fa10-01-22,2010-12-29 14:46:29,,
call,in,fa10-01-22,2010-12-29 14:39:33,,
call,in,2a6a2d07b4139f05438e09a01ba427affd86ecca,2010-12-29 14:35:51,,
call,in,fa10-01-22,2010-12-29 13:48:37,,
call,out,fa10-01-22,2010-12-29 13:48:14,,
call,out,fa10-01-22,2010-12-29 13:46:02,,
call,in,8dd1c8263a6774a8c5188ee9cad095d52be15e8c,2010-12-29 13:10:37,,
call,in,fa10-01-22,2010-12-29 12:10:22,,
call,out,fa10-01-79,2010-12-30 19:19:15,,
call,out,40c387ecbcb9a3d2b243d4dbaf3df54c43a169eb,2010-12-30 18:53:44,,
call,in,fa10-01-79,2010-12-30 18:37:50,,
call,out,2a6a2d07b4139f05438e09a01ba427affd86ecca,2010-12-30 14:45:02,,
call,out,8dd1c8263a6774a8c5188ee9cad095d52be15e8c,2010-12-31 22:37:57,,
call,out,fa10-01-22,2010-12-31 22:08:03,,
call,in,fa10-01-22,2010-12-31 21:50:08,,
call,out,35ce18d18fa3b09461aa6ca0f223e2991ad21941,2010-12-31 18:50:27,,
call,out,fa10-01-22,2010-12-31 14:55:18,,
call,out,fa10-01-22,2010-12-31 14:21:41,,
call,in,fa10-01-79,2011-01-01 11:23:54,,
call,out,fa10-01-79,2011-01-01 10:47:13,,
call,out,fa10-01-79,2011-01-01 10:31:25,,
call,out,eff351fae537e22dd0c78d468f6eeb44b172f720,2011-01-01 10:04:02,,
call,in,8dd1c8263a6774a8c5188ee9cad095d52be15e8c,2011-01-01 17:40:21,,
call,out,40c387ecbcb9a3d2b243d4dbaf3df54c43a169eb,2011-01-01 13:17:33,,
call,in,8dd1c8263a6774a8c5188ee9cad095d52be15e8c,2011-01-01 13:11:34,,
call,in,fa10-01-22,2011-01-01 12:54:14,,
call,in,fa10-01-79,2011-01-01 12:31:45,,
call,in,800747325b867d8d83eaa6a791213f27182f3252,2011-01-02 09:12:46,,
call,out,2a6a2d07b4139f05438e09a01ba427affd86ecca,2011-01-02 19:27:56,,
call,out,8dd1c8263a6774a8c5188ee9cad095d52be15e8c,2011-01-02 19:26:07,,
call,in,fa10-01-79,2011-01-02 19:12:01,,
call,out,8dd1c8263a6774a8c5188ee9cad095d52be15e8c,2011-01-02 17:37:29,,
call,in,fa10-01-79,2011-01-02 16:27:21,,
call,in,fa10-01-79,2011-01-02 13:10:26,,
call,in,fa10-01-22,2011-01-02 12:38:58,,
call,out,6d67e3c5726c9724dbe6820af864ea02e55c7f2,2011-01-02 23:55:15,,
call,in,8dd1c8263a6774a8c5188ee9cad095d52be15e8c,2011-01-03 19:06:13,,
call,out,8dd1c8263a6774a8c5188ee9cad095d52be15e8c,2011-01-03 19:04:16,,
call,in,8dd1c8263a6774a8c5188ee9cad095d52be15e8c,2011-01-03 17:46:11,,
call,out,8dd1c8263a6774a8c5188ee9cad095d52be15e8c,2011-01-03 17:44:50,,
call,out,8dd1c8263a6774a8c5188ee9cad095d52be15e8c,2011-01-03 13:12:29,,
call,in,eebdd83e15696e03643155758b187c7541b513c0,2011-01-03 13:11:36,,
call,out,sp10-01-23,2011-01-03 13:09:20,,
call,out,eebdd83e15696e03643155758b187c7541b513c0,2011-01-03 13:07:29,,
call,out,fa10-01-79,2011-01-03 13:06:12,,
call,in,8dd1c8263a6774a8c5188ee9cad095d52be15e8c,2011-01-03 12:56:33,,
call,out,8dd1c8263a6774a8c5188ee9cad095d52be15e8c,2011-01-03 12:39:19,,
call,out,8dd1c8263a6774a8c5188ee9cad095d52be15e8c,2011-01-04 20:14:56,,
call,out,fa10-01-79,2011-01-04 18:57:46,,
call,out,fa10-01-79,2011-01-04 16:29:54,,
call,in,e04d14b253df91b0b2a4342132ccff2757f1835b,2011-01-04 16:21:15,,
call,out,fa10-01-79,2011-01-04 11:32:20,,
call,out,6ea3e04e34baeedcf41b1557738fb186e89072bc,2011-01-05 17:43:35,,
call,in,cd2e2533ac4f44d36b02bc62c3d25c4d05691e1a,2011-01-05 12:24:37,,
call,out,fa10-01-79,2011-01-06 13:02:37,,
call,out,fa10-01-79,2011-01-06 18:57:23,,
call,out,40c387ecbcb9a3d2b243d4dbaf3df54c43a169eb,2011-01-06 18:46:59,,
call,in,fa10-01-79,2011-01-06 18:45:04,,
call,out,edd14d5c15758e5f7194183a86852b689fe7e609,2011-01-06 18:27:29,,
call,out,fa10-01-79,2011-01-06 18:17:06,,
call,out,40c387ecbcb9a3d2b243d4dbaf3df54c43a169eb,2011-01-06 17:54:07,,
call,out,40c387ecbcb9a3d2b243d4dbaf3df54c43a169eb,2011-01-06 15:56:52,,
call,in,fa10-01-79,2011-01-06 14:04:18,,
call,out,fa10-01-79,2011-01-06 13:31:51,,
call,in,40c387ecbcb9a3d2b243d4dbaf3df54c43a169eb,2011-01-07 13:06:52,,
call,out,fa10-01-79,2011-01-07 22:56:03,,
call,in,fa10-01-79,2011-01-07 22:37:56,,
call,out,fa10-01-79,2011-01-07 22:23:19,,
call,out,fa10-01-79,2011-01-07 22:22:35,,
call,out,fa10-01-79,2011-01-07 20:17:53,,
call,out,fa10-01-79,2011-01-07 18:48:12,,
call,out,sp10-01-23,2011-01-07 17:58:48,,
call,in,40c387ecbcb9a3d2b243d4dbaf3df54c43a169eb,2011-01-07 17:57:23,,
call,out,40c387ecbcb9a3d2b243d4dbaf3df54c43a169eb,2011-01-07 17:50:25,,
call,in,fa10-01-79,2011-01-07 17:49:44,,
call,in,fa10-01-79,2011-01-07 17:32:49,,
call,out,fa10-01-79,2011-01-07 16:39:44,,
call,out,sp10-01-23,2011-01-08 20:13:31,,
call,in,6ea3e04e34baeedcf41b1557738fb186e89072bc,2011-01-08 19:35:39,,
call,out,6ea3e04e34baeedcf41b1557738fb186e89072bc,2011-01-08 19:20:26,,
call,in,6ea3e04e34baeedcf41b1557738fb186e89072bc,2011-01-08 18:43:24,,
call,out,6ea3e04e34baeedcf41b1557738fb186e89072bc,2011-01-09 11:55:47,,
call,out,6ea3e04e34baeedcf41b1557738fb186e89072bc,2011-01-09 11:36:57,,
call,out,fa10-01-21,2011-01-10 13:59:18,,
call,out,fa10-01-22,2011-01-10 13:58:48,,
call,out,fa10-01-22,2011-01-10 13:34:44,,
call,out,9aba8151e80469720dc660bea63fae9ca7c8a2c2,2011-01-10 12:19:50,,
call,out,fa10-01-79,2011-01-10 12:19:01,,
call,out,9aba8151e80469720dc660bea63fae9ca7c8a2c2,2011-01-10 12:17:12,,
call,out,fa10-01-79,2011-01-10 12:16:10,,
call,out,fa10-01-79,2011-01-10 20:55:20,,
call,in,fa10-01-79,2011-01-10 20:55:10,,
call,out,fa10-01-79,2011-01-10 20:54:21,,
call,out,fa10-01-79,2011-01-10 20:53:37,,
call,out,fa10-01-21,2011-01-10 19:39:32,,
call,out,fa10-01-79,2011-01-10 19:39:14,,
call,out,fa10-01-22,2011-01-10 19:30:08,,
call,out,fa10-01-21,2011-01-10 19:24:24,,
call,in,fa10-01-22,2011-01-10 19:18:05,,
call,out,fa10-01-79,2011-01-10 18:51:10,,
call,out,fa10-01-79,2011-01-10 16:48:43,,
call,out,fa10-01-79,2011-01-10 16:04:14,,
call,out,fa10-01-79,2011-01-11 13:15:36,,
call,in,fa10-01-79,2011-01-11 13:14:34,,
call,out,fa10-01-79,2011-01-11 21:47:09,,
call,in,fa10-01-79,2011-01-11 21:35:18,,
call,out,fa10-01-79,2011-01-11 20:59:35,,
call,out,fa10-01-79,2011-01-12 16:19:25,,
call,out,40c387ecbcb9a3d2b243d4dbaf3df54c43a169eb,2011-01-12 10:50:45,,
call,out,fa10-01-79,2011-01-12 21:11:21,,
call,in,fa10-01-79,2011-01-12 17:27:26,,
call,in,fa10-01-22,2011-01-12 17:18:43,,
call,out,40c387ecbcb9a3d2b243d4dbaf3df54c43a169eb,2011-01-13 14:05:03,,
call,in,40c387ecbcb9a3d2b243d4dbaf3df54c43a169eb,2011-01-13 14:04:38,,
call,out,fa10-01-79,2011-01-13 12:38:52,,
call,out,bdfa2bfe240f8f5be93dc0a32f8788997a29026e,2011-01-13 12:37:31,,
call,out,fa10-01-79,2011-01-13 12:27:44,,
call,in,fa10-01-22,2011-01-13 12:26:06,,
call,out,40c387ecbcb9a3d2b243d4dbaf3df54c43a169eb,2011-01-13 12:19:00,,
call,out,eebdd83e15696e03643155758b187c7541b513c0,2011-01-13 11:08:07,,
call,out,40c387ecbcb9a3d2b243d4dbaf3df54c43a169eb,2011-01-13 10:46:13,,
call,out,eebdd83e15696e03643155758b187c7541b513c0,2011-01-13 10:35:57,,
call,out,6d67e3c5726c9724dbe6820af864ea02e55c7f2,2011-01-13 10:35:34,,
call,out,eebdd83e15696e03643155758b187c7541b513c0,2011-01-13 10:34:58,,
call,out,40c387ecbcb9a3d2b243d4dbaf3df54c43a169eb,2011-01-13 22:46:16,,
call,out,40c387ecbcb9a3d2b243d4dbaf3df54c43a169eb,2011-01-13 22:24:05,,
call,out,40c387ecbcb9a3d2b243d4dbaf3df54c43a169eb,2011-01-14 16:54:13,,
call,out,40c387ecbcb9a3d2b243d4dbaf3df54c43a169eb,2011-01-14 16:13:02,,
call,out,eebdd83e15696e03643155758b187c7541b513c0,2011-01-14 15:45:28,,
call,out,eebdd83e15696e03643155758b187c7541b513c0,2011-01-14 15:32:51,,
call,out,fa10-01-79,2011-01-14 15:17:39,,
call,in,eebdd83e15696e03643155758b187c7541b513c0,2011-01-14 14:43:30,,
call,in,dca7ed4bc1dfc30730951040438c01446f2193a7,2011-01-14 13:00:34,,
call,in,fa10-01-22,2011-01-14 12:56:27,,
call,in,40c387ecbcb9a3d2b243d4dbaf3df54c43a169eb,2011-01-14 12:52:14,,
call,out,40c387ecbcb9a3d2b243d4dbaf3df54c43a169eb,2011-01-14 11:46:10,,
call,in,eebdd83e15696e03643155758b187c7541b513c0,2011-01-14 11:02:56,,
call,in,fa10-01-79,2011-01-14 20:17:34,,
call,out,fa10-01-79,2011-01-14 20:17:27,,
call,in,fa10-01-22,2011-01-14 19:29:26,,
call,out,fa10-01-79,2011-01-14 18:59:46,,
call,in,fa10-01-22,2011-01-14 18:06:27,,
call,out,fa10-01-79,2011-01-15 14:08:38,,
call,out,8dd1c8263a6774a8c5188ee9cad095d52be15e8c,2011-01-15 19:23:37,,
call,in,8dd1c8263a6774a8c5188ee9cad095d52be15e8c,2011-01-15 19:23:19,,
call,out,8dd1c8263a6774a8c5188ee9cad095d52be15e8c,2011-01-15 19:21:34,,
call,out,40c387ecbcb9a3d2b243d4dbaf3df54c43a169eb,2011-01-15 15:41:14,,
call,out,8dd1c8263a6774a8c5188ee9cad095d52be15e8c,2011-01-16 14:12:19,,
call,in,40c387ecbcb9a3d2b243d4dbaf3df54c43a169eb,2011-01-16 10:25:32,,
call,out,bdfa2bfe240f8f5be93dc0a32f8788997a29026e,2011-01-16 09:36:40,,
call,out,bdfa2bfe240f8f5be93dc0a32f8788997a29026e,2011-01-16 09:35:22,,
call,in,8dd1c8263a6774a8c5188ee9cad095d52be15e8c,2011-01-16 18:52:15,,
call,out,5b7693322b16939e8a618554bd44ef536cfc26c4,2011-01-17 08:49:03,,
call,out,fa10-01-22,2011-01-17 20:41:07,,
call,out,fa10-01-79,2011-01-17 17:49:39,,
call,out,fa10-01-79,2011-01-17 16:57:44,,
call,in,40c387ecbcb9a3d2b243d4dbaf3df54c43a169eb,2011-01-18 20:14:54,,
call,out,fa10-01-79,2011-01-18 11:10:29,,
call,out,fa10-01-79,2011-01-18 11:04:36,,
call,out,fa10-01-79,2011-01-18 11:04:15,,
call,in,fa10-01-22,2011-01-19 19:39:13,,
call,out,fa10-01-22,2011-01-19 17:44:43,,
call,out,8dd1c8263a6774a8c5188ee9cad095d52be15e8c,2011-01-19 16:45:30,,
call,out,fa10-01-22,2011-01-19 15:20:02,,
call,in,fa10-01-22,2011-01-20 19:16:04,,
call,out,fa10-01-22,2011-01-20 18:54:00,,
call,out,fa10-01-79,2011-01-20 18:35:38,,
call,out,fa10-01-22,2011-01-20 18:35:20,,
call,out,fa10-01-22,2011-01-20 18:30:54,,
call,in,fa10-01-22,2011-01-20 18:07:25,,
call,out,fa10-01-22,2011-01-20 18:04:00,,
call,out,fa10-01-22,2011-01-20 17:21:58,,
call,out,fa10-01-22,2011-01-20 17:17:40,,
call,in,fa10-01-22,2011-01-20 17:15:52,,
call,out,fa10-01-22,2011-01-20 17:14:40,,
call,in,fa10-01-22,2011-01-20 17:14:16,,
call,in,fa10-01-22,2011-01-20 17:13:02,,
call,out,976a0f212676f1a6a520520f938feb5c26d3d484,2011-01-21 09:25:40,,
call,out,15b0b074a7b7359d823ccc864ab5ad29cbf1d3ab,2011-01-21 09:25:10,,
call,out,afec0a624d2ceb4211a2053cb0fc7ceaa94b86c0,2011-01-21 09:24:16,,
call,out,5fda867027b3276fb9f3c3a8d5f03e9af5eebde,2011-01-21 09:23:54,,
call,in,fa10-01-79,2011-01-21 18:19:09,,
call,out,fa10-01-22,2011-01-21 15:31:30,,
call,out,fa10-01-21,2011-01-22 10:39:29,,
call,in,cc57cf8a47180ea48a9985177a1e5ba9c40e0dc7,2011-01-22 10:34:35,,
call,out,cc57cf8a47180ea48a9985177a1e5ba9c40e0dc7,2011-01-22 10:11:58,,
call,out,40c387ecbcb9a3d2b243d4dbaf3df54c43a169eb,2011-01-22 21:53:08,,
call,out,6d67e3c5726c9724dbe6820af864ea02e55c7f2,2011-01-22 17:57:06,,
call,out,8dd1c8263a6774a8c5188ee9cad095d52be15e8c,2011-01-22 14:24:30,,
call,out,8dd1c8263a6774a8c5188ee9cad095d52be15e8c,2011-01-22 14:23:21,,
call,out,6ea3e04e34baeedcf41b1557738fb186e89072bc,2011-01-22 14:22:14,,
call,out,fa10-01-22,2011-01-23 20:10:08,,
call,out,40c387ecbcb9a3d2b243d4dbaf3df54c43a169eb,2011-01-23 17:56:57,,
call,out,sp10-01-23,2011-01-23 15:00:12,,
call,in,fa10-01-22,2011-01-23 14:59:55,,
call,in,40c387ecbcb9a3d2b243d4dbaf3df54c43a169eb,2011-01-24 18:24:03,,
call,out,fa10-01-79,2011-01-24 15:15:14,,
call,out,46992fafcaf174ff6cfe428fe9b420d61a6e49cb,2011-01-25 13:52:59,,
call,out,2a6a2d07b4139f05438e09a01ba427affd86ecca,2011-01-25 13:51:06,,
call,in,fa10-01-79,2011-01-25 13:03:08,,
call,out,2a6a2d07b4139f05438e09a01ba427affd86ecca,2011-01-25 12:30:27,,
call,in,46992fafcaf174ff6cfe428fe9b420d61a6e49cb,2011-01-26 10:55:08,,
call,in,46992fafcaf174ff6cfe428fe9b420d61a6e49cb,2011-01-26 10:53:41,,
call,out,fa10-01-79,2011-01-26 10:27:18,,
call,out,46992fafcaf174ff6cfe428fe9b420d61a6e49cb,2011-01-26 10:12:13,,
call,out,2a6a2d07b4139f05438e09a01ba427affd86ecca,2011-01-26 20:04:44,,
call,out,8dd1c8263a6774a8c5188ee9cad095d52be15e8c,2011-01-26 19:59:05,,
call,out,8dd1c8263a6774a8c5188ee9cad095d52be15e8c,2011-01-26 19:58:50,,
call,in,fa10-01-79,2011-01-26 15:52:38,,
call,out,fa10-01-79,2011-01-26 15:41:25,,
call,in,fa10-01-79,2011-01-26 15:22:56,,
call,in,fa10-01-79,2011-01-27 11:56:27,,
call,in,fa10-01-79,2011-01-27 09:10:39,,
call,out,fa10-01-79,2011-01-27 22:35:52,,
call,in,40c387ecbcb9a3d2b243d4dbaf3df54c43a169eb,2011-01-27 20:02:17,,
call,out,4b361408555e9cbc58a3768ae68ccb9bf9d85ed3,2011-01-27 19:38:41,,
call,out,fa10-01-21,2011-01-28 14:45:46,,
call,out,40c387ecbcb9a3d2b243d4dbaf3df54c43a169eb,2011-01-29 08:54:29,,
call,in,6d67e3c5726c9724dbe6820af864ea02e55c7f2,2011-01-29 18:45:59,,
call,out,6d67e3c5726c9724dbe6820af864ea02e55c7f2,2011-01-29 18:34:19,,
call,out,9822bc94b9ae321db238756516d1b895efdae37a,2011-01-29 18:32:09,,
call,out,sp10-01-23,2011-01-30 09:48:54,,
call,out,fa10-01-79,2011-01-30 19:59:22,,
call,out,6ea3e04e34baeedcf41b1557738fb186e89072bc,2011-01-30 19:46:19,,
call,out,c9514b6f106fde650b496b3c11e91e1746e2175,2011-01-30 19:45:23,,
call,in,fa10-01-79,2011-01-30 18:27:06,,
call,out,fa10-01-79,2011-01-30 18:20:39,,
call,out,fa10-01-21,2011-01-30 18:19:21,,
call,out,c9514b6f106fde650b496b3c11e91e1746e2175,2011-01-30 17:41:32,,
call,out,fa10-01-79,2011-01-30 15:45:00,,
call,in,8dd1c8263a6774a8c5188ee9cad095d52be15e8c,2011-01-30 15:40:25,,
call,in,fa10-01-79,2011-01-31 22:16:54,,
call,out,fa10-01-79,2011-01-31 21:55:32,,
call,out,fa10-01-79,2011-01-31 21:13:37,,
call,out,8dd1c8263a6774a8c5188ee9cad095d52be15e8c,2011-01-31 20:12:57,,
call,in,fa10-01-79,2011-01-31 20:10:51,,
call,out,fa10-01-79,2011-01-31 19:53:56,,
call,out,fa10-01-79,2011-02-01 16:58:02,,
call,out,40c387ecbcb9a3d2b243d4dbaf3df54c43a169eb,2011-02-01 16:26:14,,
call,in,40c387ecbcb9a3d2b243d4dbaf3df54c43a169eb,2011-02-01 16:17:23,,
call,out,fa10-01-22,2011-02-01 15:08:24,,
call,in,fa10-01-79,2011-02-01 09:53:08,,
call,out,fa10-01-22,2011-02-01 20:48:52,,
call,out,6d78335a6d44dfd22edf38b370f850ef95f8a8c7,2011-02-01 20:26:57,,
call,in,fa10-01-79,2011-02-01 19:11:51,,
call,in,fa10-01-79,2011-02-01 19:07:10,,
call,out,fa10-01-79,2011-02-02 15:55:24,,
call,out,fa10-01-79,2011-02-02 15:44:27,,
call,in,356a192b7913b04c54574d18c28d46e6395428ab,2011-02-02 10:37:19,,
call,in,356a192b7913b04c54574d18c28d46e6395428ab,2011-02-02 10:28:33,,
call,out,9aba8151e80469720dc660bea63fae9ca7c8a2c2,2011-02-03 17:05:04,,
call,out,fa10-01-79,2011-02-03 17:03:24,,
call,out,fa10-01-79,2011-02-03 16:34:52,,
call,in,fa10-01-79,2011-02-03 16:16:49,,
call,out,fa10-01-79,2011-02-03 16:15:16,,
call,out,fa10-01-79,2011-02-03 16:14:06,,
call,out,fa10-01-22,2011-02-03 15:27:29,,
call,in,fa10-01-22,2011-02-03 15:26:14,,
call,in,fa10-01-21,2011-02-03 15:08:57,,
call,in,fa10-01-22,2011-02-03 14:57:44,,
call,out,fa10-01-22,2011-02-03 14:55:34,,
call,out,fa10-01-22,2011-02-03 14:25:40,,
call,out,fa10-01-21,2011-02-03 14:22:00,,
call,out,fa10-01-79,2011-02-03 14:16:54,,
call,out,b021a17ff6b671989335c32948257470a028a993,2011-02-03 14:15:26,,
call,out,b021a17ff6b671989335c32948257470a028a993,2011-02-03 13:59:18,,
call,out,fa10-01-79,2011-02-03 13:49:24,,
call,in,b021a17ff6b671989335c32948257470a028a993,2011-02-03 13:33:50,,
call,in,b021a17ff6b671989335c32948257470a028a993,2011-02-03 13:16:40,,
call,out,b021a17ff6b671989335c32948257470a028a993,2011-02-03 13:06:10,,
call,in,fa10-01-79,2011-02-03 17:36:32,,
call,in,fa10-01-79,2011-02-04 12:28:34,,
call,out,fa10-01-79,2011-02-04 11:31:41,,
call,in,fa10-01-22,2011-02-05 12:04:38,,
call,out,9aba8151e80469720dc660bea63fae9ca7c8a2c2,2011-02-05 19:40:45,,
call,out,fa10-01-22,2011-02-06 11:09:54,,
call,out,fa10-01-79,2011-02-06 20:35:09,,
call,out,8dd1c8263a6774a8c5188ee9cad095d52be15e8c,2011-02-06 20:27:54,,
call,out,8dd1c8263a6774a8c5188ee9cad095d52be15e8c,2011-02-07 09:44:34,,
call,out,fa10-01-79,2011-02-07 22:44:25,,
call,out,fa10-01-79,2011-02-07 22:43:50,,
call,out,fa10-01-79,2011-02-07 20:57:20,,
call,in,fa10-01-79,2011-02-07 13:34:16,,
call,in,fa10-01-79,2011-02-07 13:33:48,,
call,out,fa10-01-79,2011-02-07 12:11:31,,
call,out,fa10-01-79,2011-02-07 11:44:58,,
call,out,d1f4dbe3781f143236686238a35fde8643f95bff,2011-02-07 11:41:33,,
call,out,fa10-01-79,2011-02-07 11:33:05,,
call,in,8dd1c8263a6774a8c5188ee9cad095d52be15e8c,2011-02-08 10:23:13,,
call,out,8dd1c8263a6774a8c5188ee9cad095d52be15e8c,2011-02-08 10:20:04,,
call,out,fa10-01-79,2011-02-08 22:26:58,,
call,out,fa10-01-79,2011-02-08 20:28:41,,
call,out,fa10-01-79,2011-02-08 20:15:44,,
call,out,fa10-01-21,2011-02-08 20:14:03,,
call,out,fa10-01-79,2011-02-08 20:12:08,,
call,out,fa10-01-79,2011-02-08 20:04:55,,