interaction,direction,correspondent_id,datetime,call_duration,antenna_id
call,out,7eb4b3d406f746a54a0222b4b9eae924084eec2c,2010-10-08 10:42:29,,
call,out,7eb4b3d406f746a54a0222b4b9eae924084eec2c,2010-10-08 10:37:29,,
call,in,2076d41d7146786229ebc64b158d02e41b204569,2010-10-08 17:29:22,,
call,in,2076d41d7146786229ebc64b158d02e41b204569,2010-10-08 18:01:51,,
call,in,b2c40f8219c90eb8ed819856f6e692708b4de43f,2010-10-09 12:31:36,,
call,out,7a83ee554d8dbfb6ec8155edd815a2ce0ac92894,2010-10-09 12:27:46,,
call,out,7eb4b3d406f746a54a0222b4b9eae924084eec2c,2010-10-09 12:27:13,,
call,out,29f5a6f00d191c234055aad9bb3032fde46c7d8,2010-10-11 18:42:01,,
call,out,29f5a6f00d191c234055aad9bb3032fde46c7d8,2010-10-11 18:54:04,,
call,in,440b2ad9279bd9ca245b582914ebe5580e137f9d,2010-10-12 17:34:02,,
call,out,b07e5e026c1c3fb7bd2701854a29ca0848347508,2010-10-13 14:57:09,,
call,out,fa10-01-04,2010-10-13 14:51:00,,
call,out,440b2ad9279bd9ca245b582914ebe5580e137f9d,2010-10-15 18:44:20,,
call,in,ee30d79bcd66367e8f08bc66acc6f24455c48e4b,2010-10-16 22:06:58,,
call,out,96ca1ab0ceba89e789f2453b66ef2f77e9bbf0b4,2010-10-16 20:16:42,,
call,out,2076d41d7146786229ebc64b158d02e41b204569,2010-10-16 19:21:39,,
call,out,29f5a6f00d191c234055aad9bb3032fde46c7d8,2010-10-16 19:15:56,,
call,in,b1c62a7a300ca75e21215a94dfa02e036f0eb1ec,2010-10-17 14:25:57,,
call,in,b07e5e026c1c3fb7bd2701854a29ca0848347508,2010-10-18 14:01:19,,
call,in,b07e5e026c1c3fb7bd2701854a29ca0848347508,2010-10-18 12:54:52,,
call,out,440b2ad9279bd9ca245b582914ebe5580e137f9d,2010-10-18 10:14:44,,
call,out,440b2ad9279bd9ca245b582914ebe5580e137f9d,2010-10-18 18:08:51,,
call,out,440b2ad9279bd9ca245b582914ebe5580e137f9d,2010-10-18 18:07:59,,
call,out,fa10-01-04,2010-10-19 12:08:12,,
call,in,440b2ad9279bd9ca245b582914ebe5580e137f9d,2010-10-19 18:18:42,,
call,out,fa10-01-04,2010-10-19 18:52:10,,
call,out,fa10-01-04,2010-10-19 22:02:55,,
call,out,96ca1ab0ceba89e789f2453b66ef2f77e9bbf0b4,2010-10-19 21:52:05,,
call,out,440b2ad9279bd9ca245b582914ebe5580e137f9d,2010-10-19 21:48:22,,
call,out,440b2ad9279bd9ca245b582914ebe5580e137f9d,2010-10-19 21:48:06,,
call,out,fa10-01-04,2010-10-19 21:37:04,,
call,out,440b2ad9279bd9ca245b582914ebe5580e137f9d,2010-10-19 18:54:39,,
call,out,440b2ad9279bd9ca245b582914ebe5580e137f9d,2010-10-20 11:08:13,,
call,out,440b2ad9279bd9ca245b582914ebe5580e137f9d,2010-10-20 10:19:33,,
call,out,b2c40f8219c90eb8ed819856f6e692708b4de43f,2010-10-20 10:15:10,,
call,out,440b2ad9279bd9ca245b582914ebe5580e137f9d,2010-10-20 10:12:32,,
call,in,440b2ad9279bd9ca245b582914ebe5580e137f9d,2010-10-20 10:02:44,,
call,in,356a192b7913b04c54574d18c28d46e6395428ab,2010-10-20 10:00:10,,
call,out,b2c40f8219c90eb8ed819856f6e692708b4de43f,2010-10-20 09:30:46,,
call,out,b2c40f8219c90eb8ed819856f6e692708b4de43f,2010-10-20 09:30:39,,
call,out,96ca1ab0ceba89e789f2453b66ef2f77e9bbf0b4,2010-10-20 16:33:22,,
call,out,96ca1ab0ceba89e789f2453b66ef2f77e9bbf0b4,2010-10-20 16:32:33,,
call,out,440b2ad9279bd9ca245b582914ebe5580e137f9d,2010-10-20 16:32:28,,
call,out,440b2ad9279bd9ca245b582914ebe5580e137f9d,2010-10-20 15:47:44,,
call,out,440b2ad9279bd9ca245b582914ebe5580e137f9d,2010-10-20 15:47:34,,
call,out,96ca1ab0ceba89e789f2453b66ef2f77e9bbf0b4,2010-10-20 15:44:59,,
call,out,440b2ad9279bd9ca245b582914ebe5580e137f9d,2010-10-20 15:40:23,,
call,out,96ca1ab0ceba89e789f2453b66ef2f77e9bbf0b4,2010-10-20 15:38:55,,
call,out,52fdb9f68c503e11d168fe52035901864c0a4861,2010-10-20 15:32:47,,
call,out,5f0ff60f0c17135ce0f70a6343f6523a8686265c,2010-10-20 15:31:54,,
call,out,96ca1ab0ceba89e789f2453b66ef2f77e9bbf0b4,2010-10-20 15:30:52,,
call,out,96ca1ab0ceba89e789f2453b66ef2f77e9bbf0b4,2010-10-20 15:29:30,,
call,out,96ca1ab0ceba89e789f2453b66ef2f77e9bbf0b4,2010-10-21 13:13:00,,
call,out,b07e5e026c1c3fb7bd2701854a29ca0848347508,2010-10-21 13:12:14,,
call,out,b07e5e026c1c3fb7bd2701854a29ca0848347508,2010-10-21 12:53:18,,
call,out,440b2ad9279bd9ca245b582914ebe5580e137f9d,2010-10-22 16:16:42,,
call,out,7eb4b3d406f746a54a0222b4b9eae924084eec2c,2010-10-22 16:16:37,,
call,out,440b2ad9279bd9ca245b582914ebe5580e137f9d,2010-10-22 18:05:19,,
call,out,7eb4b3d406f746a54a0222b4b9eae924084eec2c,2010-10-22 18:13:52,,
call,in,7eb4b3d406f746a54a0222b4b9eae924084eec2c,2010-10-22 18:12:58,,
call,in,4e51500cef13006df9f732d1414440a7a5121824,2010-10-23 13:14:10,,
call,out,4e51500cef13006df9f732d1414440a7a5121824,2010-10-24 23:37:15,,
call,out,7eb4b3d406f746a54a0222b4b9eae924084eec2c,2010-10-25 11:51:59,,
call,out,7eb4b3d406f746a54a0222b4b9eae924084eec2c,2010-10-25 11:51:22,,
call,in,826df422935a744faea3421bb8a3fe6dc03c777,2010-10-25 11:18:10,,
call,out,826df422935a744faea3421bb8a3fe6dc03c777,2010-10-25 18:41:20,,
call,out,440b2ad9279bd9ca245b582914ebe5580e137f9d,2010-10-25 18:40:49,,
call,out,440b2ad9279bd9ca245b582914ebe5580e137f9d,2010-10-29 18:10:40,,
call,out,b2c40f8219c90eb8ed819856f6e692708b4de43f,2010-10-29 18:08:59,,
call,out,7eb4b3d406f746a54a0222b4b9eae924084eec2c,2010-10-29 17:21:00,,
call,out,b2c40f8219c90eb8ed819856f6e692708b4de43f,2010-10-29 17:19:16,,
call,out,b2c40f8219c90eb8ed819856f6e692708b4de43f,2010-10-30 11:05:53,,
call,out,33087256df8f642ead33092fa41797ae997e6a8d,2010-11-03 13:11:52,,
call,in,b2c40f8219c90eb8ed819856f6e692708b4de43f,2010-11-10 18:47:17,,
call,out,b2c40f8219c90eb8ed819856f6e692708b4de43f,2010-11-11 19:35:52,,
call,in,b2c40f8219c90eb8ed819856f6e692708b4de43f,2010-11-16 21:14:12,,
call,in,440b2ad9279bd9ca245b582914ebe5580e137f9d,2010-11-19 14:30:01,,
call,in,b2c40f8219c90eb8ed819856f6e692708b4de43f,2010-11-19 19:14:01,,
call,out,b2c40f8219c90eb8ed819856f6e692708b4de43f,2010-11-19 19:02:52,,
call,out,b2c40f8219c90eb8ed819856f6e692708b4de43f,2010-11-19 18:58:48,,
call,out,440b2ad9279bd9ca245b582914ebe5580e137f9d,2010-11-19 18:56:51,,
call,in,b2c40f8219c90eb8ed819856f6e692708b4de43f,2010-11-24 20:23:38,,
call,out,fa10-01-04,2010-12-06 15:10:30,,
call,out,b2c40f8219c90eb8ed819856f6e692708b4de43f,2010-12-09 13:35:25,,
call,out,b2c40f8219c90eb8ed819856f6e692708b4de43f,2010-12-09 22:01:37,,
call,out,b2c40f8219c90eb8ed819856f6e692708b4de43f,2010-12-09 22:01:10,,
call,out,b2c40f8219c90eb8ed819856f6e692708b4de43f,2010-12-10 22:07:43,,
call,out,b2c40f8219c90eb8ed819856f6e692708b4de43f,2010-12-10 22:07:02,,
call,out,b2c40f8219c90eb8ed819856f6e692708b4de43f,2010-12-10 21:21:14,,
call,out,b2c40f8219c90eb8ed819856f6e692708b4de43f,2010-12-10 21:20:08,,
call,out,fa10-01-04,2011-01-03 14:54:31,,
call,out,fa10-01-04,2011-01-05 09:56:23,,
call,out,b2c40f8219c90eb8ed819856f6e692708b4de43f,2011-01-05 09:56:05,,
call,out,fa10-01-04,2011-01-05 09:53:16,,
call,in,b2c40f8219c90eb8ed819856f6e692708b4de43f,2011-01-06 09:22:39,,
call,out,bc9c0c2650f209cc11213bf6eb81c7ee2c5ae787,2011-01-06 10:35:28,,
call,out,bc9c0c2650f209cc11213bf6eb81c7ee2c5ae787,2011-01-06 10:01:06,,
call,out,fa10-01-04,2011-01-07 15:17:03,,
call,out,b2c40f8219c90eb8ed819856f6e692708b4de43f,2011-01-07 16:09:36,,
call,out,fa10-01-04,2011-01-08 07:29:54,,
call,out,b2c40f8219c90eb8ed819856f6e692708b4de43f,2011-01-10 17:53:18,,
call,out,7eb4b3d406f746a54a0222b4b9eae924084eec2c,2011-01-12 13:31:54,,
call,in,440b2ad9279bd9ca245b582914ebe5580e137f9d,2011-01-13 13:50:06,,
call,in,440b2ad9279bd9ca245b582914ebe5580e137f9d,2011-01-13 13:49:05,,
call,in,6072528eceb7ffc0b2fc75c1a996e7c173c65f83,2011-01-14 18:05:59,,
call,in,b2c40f8219c90eb8ed819856f6e692708b4de43f,2011-01-18 21:56:12,,
call,out,b2c40f8219c90eb8ed819856f6e692708b4de43f,2011-01-18 21:42:45,,
call,in,b2c40f8219c90eb8ed819856f6e692708b4de43f,2011-01-18 21:41:35,,
call,out,fa10-01-04,2011-01-19 17:31:56,,
call,out,fa10-01-04,2011-01-19 17:49:27,,
call,out,fa10-01-04,2011-01-19 17:42:55,,
call,in,440b2ad9279bd9ca245b582914ebe5580e137f9d,2011-01-20 15:44:42,,
call,out,cbc029a91ff3597ba94e65605f116be37f163667,2011-01-21 10:27:21,,
call,out,fa10-01-04,2011-01-24 14:40:52,,
call,out,440b2ad9279bd9ca245b582914ebe5580e137f9d,2011-01-25 19:17:59,,
call,out,7eb4b3d406f746a54a0222b4b9eae924084eec2c,2011-01-25 15:10:59,,
call,in,6072528eceb7ffc0b2fc75c1a996e7c173c65f83,2011-01-26 20:33:39,,
call,out,6072528eceb7ffc0b2fc75c1a996e7c173c65f83,2011-01-29 21:13:51,,
call,out,fa10-01-04,2011-01-29 21:12:31,,
call,out,fa10-01-04,2011-02-04 07:45:49,,
call,out,fa10-01-04,2011-02-04 19:05:45,,
call,in,440b2ad9279bd9ca245b582914ebe5580e137f9d,2011-02-07 13:45:10,,
call,out,fa10-01-04,2011-02-07 21:08:02,,
call,out,fa10-01-04,2011-02-08 08:33:06,,
call,out,fa10-01-04,2011-02-08 08:32:41,,
call,out,fa10-01-04,2011-02-08 08:31:56,,
call,out,fa10-01-04,2011-02-08 08:31:01,,
call,in,440b2ad9279bd9ca245b582914ebe5580e137f9d,2011-02-08 19:43:33,,
call,out,440b2ad9279bd9ca245b582914ebe5580e137f9d,2011-02-08 18:02:25,,
call,out,440b2ad9279bd9ca245b582914ebe5580e137f9d,2011-02-09 15:05:13,,
call,out,fa10-01-04,2011-02-09 14:58:52,,
call,out,fa10-01-04,2011-02-09 14:58:00,,
call,out,fa10-01-04,2011-02-09 14:57:05,,
call,out,440b2ad9279bd9ca245b582914ebe5580e137f9d,2011-02-09 14:56:26,,
call,out,fa10-01-04,2011-02-11 08:41:57,,
call,out,440b2ad9279bd9ca245b582914ebe5580e137f9d,2011-02-09 17:17:48,,
call,out,440b2ad9279bd9ca245b582914ebe5580e137f9d,2011-02-09 17:00:53,,
call,in,440b2ad9279bd9ca245b582914ebe5580e137f9d,2011-02-09 15:42:24,,
call,out,440b2ad9279bd9ca245b582914ebe5580e137f9d,2011-02-11 17:03:57,,
call,out,440b2ad9279bd9ca245b582914ebe5580e137f9d,2011-02-14 16:39:32,,
call,in,440b2ad9279bd9ca245b582914ebe5580e137f9d,2011-02-15 19:07:10,,
call,out,440b2ad9279bd9ca245b582914ebe5580e137f9d,2011-02-15 19:01:08,,
call,out,440b2ad9279bd9ca245b582914ebe5580e137f9d,2011-02-15 13:03:53,,
call,in,440b2ad9279bd9ca245b582914ebe5580e137f9d,2011-02-15 19:33:26,,
call,out,440b2ad9279bd9ca245b582914ebe5580e137f9d,2011-02-15 19:33:19,,
call,out,b2c40f8219c90eb8ed819856f6e692708b4de43f,2011-02-15 19:32:31,,
call,out,fa10-01-04,2011-02-16 18:25:43,59,
call,in,440b2ad9279bd9ca245b582914ebe5580e137f9d,2011-02-15 19:33:26,25,
call,out,440b2ad9279bd9ca245b582914ebe5580e137f9d,2011-02-15 19:33:19,38,
call,out,b2c40f8219c90eb8ed819856f6e692708b4de43f,2011-02-15 19:32:31,5,
call,in,440b2ad9279bd9ca245b582914ebe5580e137f9d,2011-02-15 19:07:10,106,
call,out,440b2ad9279bd9ca245b582914ebe5580e137f9d,2011-02-15 19:01:08,5,
call,out,440b2ad9279bd9ca245b582914ebe5580e137f9d,2011-02-15 13:03:53,19,
call,out,440b2ad9279bd9ca245b582914ebe5580e137f9d,2011-02-14 16:39:32,17,
call,out,440b2ad9279bd9ca245b582914ebe5580e137f9d,2011-02-11 17:03:57,56,
call,out,fa10-01-04,2011-02-11 08:41:57,53,
call,out,440b2ad9279bd9ca245b582914ebe5580e137f9d,2011-02-09 17:17:48,94,
call,out,440b2ad9279bd9ca245b582914ebe5580e137f9d,2011-02-09 17:00:53,5,
call,in,440b2ad9279bd9ca245b582914ebe5580e137f9d,2011-02-09 15:42:24,126,
call,out,440b2ad9279bd9ca245b582914ebe5580e137f9d,2011-02-09 15:05:13,8,
call,out,fa10-01-04,2011-02-09 14:58:52,53,
call,out,fa10-01-04,2011-02-09 14:58:00,39,
call,out,fa10-01-04,2011-02-09 14:57:05,44,
call,out,440b2ad9279bd9ca245b582914ebe5580e137f9d,2011-02-09 14:56:26,9,
call,in,440b2ad9279bd9ca245b582914ebe5580e137f9d,2011-02-08 19:43:33,32,
call,out,440b2ad9279bd9ca245b582914ebe5580e137f9d,2011-02-08 18:02:25,54,
call,out,fa10-01-04,2011-02-08 08:33:06,0,
call,out,fa10-01-04,2011-02-08 08:32:41,12,
call,out,fa10-01-04,2011-02-08 08:31:56,31,
call,out,fa10-01-04,2011-02-08 08:31:01,20,
call,out,fa10-01-04,2011-02-07 21:08:02,9,
call,in,440b2ad9279bd9ca245b582914ebe5580e137f9d,2011-02-07 13:45:10,58,
call,out,fa10-01-04,2011-02-04 19:05:45,0,
call,out,fa10-01-04,2011-02-04 07:45:49,0,
call,out,6072528eceb7ffc0b2fc75c1a996e7c173c65f83,2011-01-29 21:13:51,9,
call,out,fa10-01-04,2011-01-29 21:12:31,55,
call,in,6072528eceb7ffc0b2fc75c1a996e7c173c65f83,2011-01-26 20:33:39,11,
call,out,440b2ad9279bd9ca245b582914ebe5580e137f9d,2011-01-25 19:17:59,77,
call,out,7eb4b3d406f746a54a0222b4b9eae924084eec2c,2011-01-25 15:10:59,70,
call,out,fa10-01-04,2011-01-24 14:40:52,49,
call,out,cbc029a91ff3597ba94e65605f116be37f163667,2011-01-21 10:27:21,0,
call,in,440b2ad9279bd9ca245b582914ebe5580e137f9d,2011-01-20 15:44:42,182,
call,out,fa10-01-04,2011-01-19 17:49:27,107,
call,out,fa10-01-04,2011-01-19 17:42:55,0,
call,out,fa10-01-04,2011-01-19 17:31:56,19,
call,in,b2c40f8219c90eb8ed819856f6e692708b4de43f,2011-01-18 21:56:12,59,
call,out,b2c40f8219c90eb8ed819856f6e692708b4de43f,2011-01-18 21:42:45,6,
call,in,b2c40f8219c90eb8ed819856f6e692708b4de43f,2011-01-18 21:41:35,28,
call,in,6072528eceb7ffc0b2fc75c1a996e7c173c65f83,2011-01-14 18:05:59,43,
call,in,440b2ad9279bd9ca245b582914ebe5580e137f9d,2011-01-13 13:50:06,124,
call,in,440b2ad9279bd9ca245b582914ebe5580e137f9d,2011-01-13 13:49:05,25,
call,out,7eb4b3d406f746a54a0222b4b9eae924084eec2c,2011-01-12 13:31:54,18,
call,out,b2c40f8219c90eb8ed819856f6e692708b4de43f,2011-01-10 17:53:18,52,
call,out,fa10-01-04,2011-01-08 07:29:54,65,
call,out,b2c40f8219c90eb8ed819856f6e692708b4de43f,2011-01-07 16:09:36,40,
call,out,fa10-01-04,2011-01-07 15:17:03,54,
call,out,bc9c0c2650f209cc11213bf6eb81c7ee2c5ae787,2011-01-06 10:35:28,13,
call,out,bc9c0c2650f209cc11213bf6eb81c7ee2c5ae787,2011-01-06 10:01:06,9,
call,in,b2c40f8219c90eb8ed819856f6e692708b4de43f,2011-01-06 09:22:39,54,
call,out,fa10-01-04,2011-01-05 09:56:23,121,
call,out,b2c40f8219c90eb8ed819856f6e692708b4de43f,2011-01-05 09:56:05,0,
call,out,fa10-01-04,2011-01-05 09:53:16,72,
call,out,fa10-01-04,2011-01-03 14:54:31,47,
call,out,b2c40f8219c90eb8ed819856f6e692708b4de43f,2010-12-10 22:07:43,9,
call,out,b2c40f8219c90eb8ed819856f6e692708b4de43f,2010-12-10 22:07:02,43,
call,out,b2c40f8219c90eb8ed819856f6e692708b4de43f,2010-12-10 21:21:14,10,
call,out,b2c40f8219c90eb8ed819856f6e692708b4de43f,2010-12-10 21:20:08,44,
call,out,b2c40f8219c90eb8ed819856f6e692708b4de43f,2010-12-09 22:01:37,0,
call,out,b2c40f8219c90eb8ed819856f6e692708b4de43f,2010-12-09 22:01:10,0,
call,out,b2c40f8219c90eb8ed819856f6e692708b4de43f,2010-12-09 13:35:25,49,
call,out,fa10-01-04,2010-12-06 15:10:30,27,
call,in,b2c40f8219c90eb8ed819856f6e692708b4de43f,2010-11-24 20:23:38,42,
call,in,b2c40f8219c90eb8ed819856f6e692708b4de43f,2010-11-19 19:14:01,86,
call,out,b2c40f8219c90eb8ed819856f6e692708b4de43f,2010-11-19 19:02:52,6,
call,out,b2c40f8219c90eb8ed819856f6e692708b4de43f,2010-11-19 18:58:48,8,
call,out,440b2ad9279bd9ca245b582914ebe5580e137f9d,2010-11-19 18:56:51,16,
call,in,440b2ad9279bd9ca245b582914ebe5580e137f9d,2010-11-19 14:30:01,75,
call,out,440b2ad9279bd9ca245b582914ebe5580e137f9d,2011-02-17 16:20:18,1,
call,out,440b2ad9279bd9ca245b582914ebe5580e137f9d,2011-02-17 15:16:44,336,
call,out,440b2ad9279bd9ca245b582914ebe5580e137f9d,2011-02-17 15:09:46,11,
call,out,fa10-01-04,2011-02-16 18:25:43,,
call,out,440b2ad9279bd9ca245b582914ebe5580e137f9d,2011-02-18 18:06:07,1,
call,out,440b2ad9279bd9ca245b582914ebe5580e137f9d,2011-02-18 18:03:59,99,
call,in,b2c40f8219c90eb8ed819856f6e692708b4de43f,2011-02-18 15:39:47,131,
call,in,6072528eceb7ffc0b2fc75c1a996e7c173c65f83,2011-02-18 15:35:25,10,
call,in,c3198ffb618264ddb67835a37a0c516f83dffe27,2011-02-18 12:01:58,70,
call,in,a83fa2dea0f87a4d9119dfc2670b06bbce77878c,2011-02-18 12:01:01,19,
call,out,440b2ad9279bd9ca245b582914ebe5580e137f9d,2011-02-21 10:26:24,0,
call,out,440b2ad9279bd9ca245b582914ebe5580e137f9d,2011-02-22 18:06:20,13,
call,out,440b2ad9279bd9ca245b582914ebe5580e137f9d,2011-02-23 17:52:58,70,
call,in,440b2ad9279bd9ca245b582914ebe5580e137f9d,2011-02-23 12:51:57,43,
call,out,440b2ad9279bd9ca245b582914ebe5580e137f9d,2011-02-23 12:51:00,29,
call,out,440b2ad9279bd9ca245b582914ebe5580e137f9d,2011-02-23 12:41:55,77,
call,out,440b2ad9279bd9ca245b582914ebe5580e137f9d,2011-02-23 12:41:24,5,
call,out,440b2ad9279bd9ca245b582914ebe5580e137f9d,2011-02-23 12:31:59,6,
call,out,440b2ad9279bd9ca245b582914ebe5580e137f9d,2011-02-23 12:28:12,71,
call,in,6072528eceb7ffc0b2fc75c1a996e7c173c65f83,2011-02-23 18:20:11,22,
call,out,3e4e5b34d6e3f9ab440b226cdd3d9e7c133f7138,2011-02-26 11:01:59,213,
call,out,fa10-01-04,2011-02-26 21:18:20,36,
call,out,440b2ad9279bd9ca245b582914ebe5580e137f9d,2011-02-28 18:36:21,61,
call,out,440b2ad9279bd9ca245b582914ebe5580e137f9d,2011-03-01 18:39:32,44,
call,out,fa10-01-04,2011-03-03 17:36:03,20,
call,out,fa10-01-04,2011-03-04 10:06:48,49,
call,out,7a83ee554d8dbfb6ec8155edd815a2ce0ac92894,2011-03-03 21:46:39,40,
call,out,fa10-01-04,2011-03-03 21:43:38,12,
call,out,b64050ad0ce3e1b6ddb8e89e8ab731f21aa81187,2011-03-03 17:51:45,214,
call,in,6072528eceb7ffc0b2fc75c1a996e7c173c65f83,2011-03-05 14:55:55,11,
call,in,b1c62a7a300ca75e21215a94dfa02e036f0eb1ec,2011-03-07 18:46:36,193,
call,in,6d198b5157c156d73f9d4c7c022188d9aa402b02,2011-03-09 13:27:11,21,
call,in,440b2ad9279bd9ca245b582914ebe5580e137f9d,2011-03-09 12:13:52,102,
call,out,440b2ad9279bd9ca245b582914ebe5580e137f9d,2011-03-09 17:31:21,46,
call,out,440b2ad9279bd9ca245b582914ebe5580e137f9d,2011-03-09 17:29:46,0,
call,out,440b2ad9279bd9ca245b582914ebe5580e137f9d,2011-03-09 17:29:10,11,
call,out,440b2ad9279bd9ca245b582914ebe5580e137f9d,2011-03-09 17:22:33,8,
call,out,7a83ee554d8dbfb6ec8155edd815a2ce0ac92894,2011-03-10 17:56:44,0,
call,out,e2676acaa54452372e62536d1af4a3b979ba676f,2011-03-10 17:56:04,8,
call,out,440b2ad9279bd9ca245b582914ebe5580e137f9d,2011-03-10 15:21:58,68,
call,out,7a83ee554d8dbfb6ec8155edd815a2ce0ac92894,2011-03-11 15:03:14,66,
call,out,440b2ad9279bd9ca245b582914ebe5580e137f9d,2011-03-11 13:54:56,0,
call,in,a83fa2dea0f87a4d9119dfc2670b06bbce77878c,2011-03-11 11:57:33,31,
call,out,7a83ee554d8dbfb6ec8155edd815a2ce0ac92894,2011-03-14 16:41:04,0,
call,out,41f2fca3644610f7f3eb364839deabf0e9bde3a3,2011-03-14 18:41:39,10,
call,out,41f2fca3644610f7f3eb364839deabf0e9bde3a3,2011-03-14 18:40:51,12,
call,out,41f2fca3644610f7f3eb364839deabf0e9bde3a3,2011-03-14 17:56:28,33,
call,out,7a83ee554d8dbfb6ec8155edd815a2ce0ac92894,2011-03-14 17:45:34,0,
call,out,b2c40f8219c90eb8ed819856f6e692708b4de43f,2011-03-14 17:36:58,9,
call,out,440b2ad9279bd9ca245b582914ebe5580e137f9d,2011-03-14 17:36:10,5,
call,out,41f2fca3644610f7f3eb364839deabf0e9bde3a3,2011-03-14 17:29:10,9,
call,out,440b2ad9279bd9ca245b582914ebe5580e137f9d,2011-03-14 17:28:01,6,
call,out,7a83ee554d8dbfb6ec8155edd815a2ce0ac92894,2011-03-14 17:27:13,0,
call,out,b2c40f8219c90eb8ed819856f6e692708b4de43f,2011-03-15 17:34:09,88,
call,in,b2c40f8219c90eb8ed819856f6e692708b4de43f,2011-03-15 14:49:44,215,
call,in,6072528eceb7ffc0b2fc75c1a996e7c173c65f83,2011-03-16 19:44:13,12,
call,out,b2c40f8219c90eb8ed819856f6e692708b4de43f,2011-03-16 17:57:22,230,
call,out,b2c40f8219c90eb8ed819856f6e692708b4de43f,2011-03-17 18:39:27,25,
call,out,7a83ee554d8dbfb6ec8155edd815a2ce0ac92894,2011-03-17 18:37:10,0,
call,in,440b2ad9279bd9ca245b582914ebe5580e137f9d,2011-03-17 18:19:24,74,
call,out,440b2ad9279bd9ca245b582914ebe5580e137f9d,2011-03-17 18:14:59,5,
call,out,b2c40f8219c90eb8ed819856f6e692708b4de43f,2011-03-17 18:08:01,17,
call,out,440b2ad9279bd9ca245b582914ebe5580e137f9d,2011-03-17 18:07:29,5,
call,out,b2c40f8219c90eb8ed819856f6e692708b4de43f,2011-03-17 17:53:47,50,
call,out,440b2ad9279bd9ca245b582914ebe5580e137f9d,2011-03-17 17:53:28,7,
call,in,440b2ad9279bd9ca245b582914ebe5580e137f9d,2011-03-17 17:51:32,83,
call,out,b2c40f8219c90eb8ed819856f6e692708b4de43f,2011-03-17 17:50:51,107,
call,out,440b2ad9279bd9ca245b582914ebe5580e137f9d,2011-03-24 17:52:56,5,
call,out,440b2ad9279bd9ca245b582914ebe5580e137f9d,2011-03-24 17:36:00,5,
call,out,7a83ee554d8dbfb6ec8155edd815a2ce0ac92894,2011-03-24 13:24:26,0,
call,out,440b2ad9279bd9ca245b582914ebe5580e137f9d,2011-03-24 13:22:18,111,
call,out,41f2fca3644610f7f3eb364839deabf0e9bde3a3,2011-03-24 13:19:49,17,
call,in,b2c40f8219c90eb8ed819856f6e692708b4de43f,2011-03-24 12:16:56,44,
call,out,b2c40f8219c90eb8ed819856f6e692708b4de43f,2011-03-24 12:15:50,7,
call,in,b2c40f8219c90eb8ed819856f6e692708b4de43f,2011-03-24 11:37:40,250,
call,in,b2c40f8219c90eb8ed819856f6e692708b4de43f,2011-03-25 12:36:07,7,
call,out,440b2ad9279bd9ca245b582914ebe5580e137f9d,2011-03-25 16:56:20,125,
call,out,440b2ad9279bd9ca245b582914ebe5580e137f9d,2011-03-25 16:54:29,97,
call,in,b0fd65e453047e020d8b23420e46ae6698e31ffa,2011-03-25 14:24:02,34,
call,in,b2c40f8219c90eb8ed819856f6e692708b4de43f,2011-03-27 15:45:23,90,
call,out,b2c40f8219c90eb8ed819856f6e692708b4de43f,2011-03-27 14:52:24,51,
call,out,b2c40f8219c90eb8ed819856f6e692708b4de43f,2011-03-27 14:49:15,83,
call,out,b2c40f8219c90eb8ed819856f6e692708b4de43f,2011-03-27 14:26:35,5,
call,out,b2c40f8219c90eb8ed819856f6e692708b4de43f,2011-03-27 14:06:52,7,
call,out,b2c40f8219c90eb8ed819856f6e692708b4de43f,2011-03-27 14:06:22,0,
call,out,fa10-01-04,2011-03-27 13:25:11,16,
call,in,b2c40f8219c90eb8ed819856f6e692708b4de43f,2011-03-28 18:30:11,27,
call,in,b2c40f8219c90eb8ed819856f6e692708b4de43f,2011-03-28 18:29:15,6,
call,out,fa10-01-04,2011-03-29 18:36:33,45,
call,out,440b2ad9279bd9ca245b582914ebe5580e137f9d,2011-04-04 16:17:13,56,
call,out,440b2ad9279bd9ca245b582914ebe5580e137f9d,2011-04-05 16:48:12,22,
call,out,fa10-01-04,2011-04-05 16:43:31,6,
call,out,fa10-01-04,2011-04-12 11:30:44,30,
call,out,fa10-01-04,2011-04-12 11:28:49,29,
call,out,fa10-01-04,2011-04-12 11:28:09,24,
call,out,47b5035809f8af03f46366d1ef1a6f3dc8613f2d,2011-04-12 18:14:43,2,
call,out,b2c40f8219c90eb8ed819856f6e692708b4de43f,2011-04-12 18:13:59,1,
call,out,440b2ad9279bd9ca245b582914ebe5580e137f9d,2011-04-12 18:06:28,10,
call,out,440b2ad9279bd9ca245b582914ebe5580e137f9d,2011-04-12 16:40:37,14,
call,out,440b2ad9279bd9ca245b582914ebe5580e137f9d,2011-04-12 15:31:19,6,
call,out,fa10-01-04,2011-04-12 15:30:53,7,
call,out,440b2ad9279bd9ca245b582914ebe5580e137f9d,2011-04-12 15:30:43,0,
call,out,440b2ad9279bd9ca245b582914ebe5580e137f9d,2011-04-12 15:30:25,0,
call,out,7eb4b3d406f746a54a0222b4b9eae924084eec2c,2011-04-14 16:44:44,101,
call,in,6072528eceb7ffc0b2fc75c1a996e7c173c65f83,2011-04-15 16:39:29,11,
call,in,6072528eceb7ffc0b2fc75c1a996e7c173c65f83,2011-04-15 14:38:46,12,
call,out,fa10-01-04,2011-04-15 09:04:03,104,
call,out,b2c40f8219c90eb8ed819856f6e692708b4de43f,2011-04-22 15:16:14,7,
call,out,b2c40f8219c90eb8ed819856f6e692708b4de43f,2011-04-22 15:14:54,8,
call,in,6072528eceb7ffc0b2fc75c1a996e7c173c65f83,2011-05-02 19:49:57,7,
call,in,b2c40f8219c90eb8ed819856f6e692708b4de43f,2011-05-03 09:29:03,20,
call,out,fa10-01-04,2011-05-07 11:05:10,69,
call,out,64aa15e4a5b021817c02f9738cde6452fc3f7f48,2011-05-07 10:15:31,23,
call,out,64aa15e4a5b021817c02f9738cde6452fc3f7f48,2011-05-07 10:14:18,54,
call,in,64aa15e4a5b021817c02f9738cde6452fc3f7f48,2011-05-07 10:10:03,98,
call,in,64aa15e4a5b021817c02f9738cde6452fc3f7f48,2011-05-07 10:04:49,51,
call,in,b83062814f16846547712fb45f65977f73fba63d,2011-05-07 10:01:44,47,
call,in,64aa15e4a5b021817c02f9738cde6452fc3f7f48,2011-05-07 09:42:19,29,
call,out,64aa15e4a5b021817c02f9738cde6452fc3f7f48,2011-05-07 09:28:04,44,
call,in,b83062814f16846547712fb45f65977f73fba63d,2011-05-07 09:18:11,73,
call,in,6072528eceb7ffc0b2fc75c1a996e7c173c65f83,2011-05-11 15:59:56,13,
call,out,c2fa591a2027216ce06e62707ac21b71116c79c9,2011-05-12 15:47:39,102,
call,out,440b2ad9279bd9ca245b582914ebe5580e137f9d,2011-05-12 15:36:59,93,
call,in,440b2ad9279bd9ca245b582914ebe5580e137f9d,2011-05-12 16:11:39,60,
call,out,440b2ad9279bd9ca245b582914ebe5580e137f9d,2011-05-13 12:49:52,8,
call,out,440b2ad9279bd9ca245b582914ebe5580e137f9d,2011-05-19 13:01:12,55,
call,out,440b2ad9279bd9ca245b582914ebe5580e137f9d,2011-05-19 12:59:39,15,
call,out,b2c40f8219c90eb8ed819856f6e692708b4de43f,2011-05-19 19:41:21,35,
call,in,b2c40f8219c90eb8ed819856f6e692708b4de43f,2011-05-19 19:40:09,7,
call,out,440b2ad9279bd9ca245b582914ebe5580e137f9d,2011-05-23 19:01:32,16,
call,out,440b2ad9279bd9ca245b582914ebe5580e137f9d,2011-05-23 18:19:55,78,
call,out,b2c40f8219c90eb8ed819856f6e692708b4de43f,2011-05-24 18:19:22,0,
call,out,440b2ad9279bd9ca245b582914ebe5580e137f9d,2011-05-24 17:44:38,49,
call,in,440b2ad9279bd9ca245b582914ebe5580e137f9d,2011-05-24 17:28:20,106,
call,out,440b2ad9279bd9ca245b582914ebe5580e137f9d,2011-05-24 17:22:37,5,
call,out,440b2ad9279bd9ca245b582914ebe5580e137f9d,2011-05-24 17:18:03,13,
call,out,440b2ad9279bd9ca245b582914ebe5580e137f9d,2011-05-24 16:28:12,68,
call,out,440b2ad9279bd9ca245b582914ebe5580e137f9d,2011-05-24 16:26:37,83,
call,out,440b2ad9279bd9ca245b582914ebe5580e137f9d,2011-05-24 15:03:35,57,
call,out,b2c40f8219c90eb8ed819856f6e692708b4de43f,2011-05-25 18:43:23,34,
call,out,440b2ad9279bd9ca245b582914ebe5580e137f9d,2011-05-25 18:42:40,5,
call,out,440b2ad9279bd9ca245b582914ebe5580e137f9d,2011-05-25 18:27:57,7,
call,out,b2c40f8219c90eb8ed819856f6e692708b4de43f,2011-05-25 18:27:32,12,
call,out,440b2ad9279bd9ca245b582914ebe5580e137f9d,2011-05-25 18:26:59,5,
call,out,440b2ad9279bd9ca245b582914ebe5580e137f9d,2011-05-25 18:26:44,0,
call,out,440b2ad9279bd9ca245b582914ebe5580e137f9d,2011-05-25 18:25:17,76,
call,out,7a83ee554d8dbfb6ec8155edd815a2ce0ac92894,2011-05-25 18:24:05,0,
call,out,b2c40f8219c90eb8ed819856f6e692708b4de43f,2011-05-25 18:22:12,18,
call,out,440b2ad9279bd9ca245b582914ebe5580e137f9d,2011-05-25 18:17:05,5,
call,in,6072528eceb7ffc0b2fc75c1a996e7c173c65f83,2011-05-25 17:30:08,12,
call,in,80d0aae8125b2076e3de3719080b670d220a27a2,2011-05-25 15:19:49,10,
call,out,440b2ad9279bd9ca245b582914ebe5580e137f9d,2011-05-30 14:37:38,7,
call,in,356a192b7913b04c54574d18c28d46e6395428ab,2011-06-06 17:50:14,99,
text,in,ec7f1f65067126f3b2bd1037de8a18d0db2ec84b,2010-10-06 11:28:08,,
text,in,a045b7efa463c6ed195c644163f4168952fbd34a,2010-10-09 12:42:12,,
text,in,49a902f495386ab6b700fc669cc1174b1065ba79,2010-10-09 12:41:12,,
text,in,bd7c809d7d47026e7390ba3c6b253d24efcbe8cf,2010-10-19 18:56:21,,
text,in,51eac6b471a284d3341d8c0c63d0f1a286262a18,2010-10-20 15:38:03,,
text,in,51eac6b471a284d3341d8c0c63d0f1a286262a18,2010-10-20 15:37:51,,
text,in,b2c40f8219c90eb8ed819856f6e692708b4de43f,2010-10-22 21:56:24,,
text,in,7eb4b3d406f746a54a0222b4b9eae924084eec2c,2010-11-03 12:25:20,,
text,in,51eac6b471a284d3341d8c0c63d0f1a286262a18,2010-11-19 10:42:48,,
text,in,51eac6b471a284d3341d8c0c63d0f1a286262a18,2010-11-19 10:42:48,,
text,in,51eac6b471a284d3341d8c0c63d0f1a286262a18,2010-11-19 10:40:44,,
text,in,51eac6b471a284d3341d8c0c63d0f1a286262a18,2010-11-19 10:33:27,,
text,in,c7c84432177153d5e9feb8cc40ed8c765261e484,2010-11-24 12:07:34,,
text,in,c7c84432177153d5e9feb8cc40ed8c765261e484,2010-11-24 12:07:33,,
text,in,b2c40f8219c90eb8ed819856f6e692708b4de43f,2011-02-08 13:40:27,,
text,in,41f2fca3644610f7f3eb364839deabf0e9bde3a3,2011-03-14 17:57:02,,
text,out,41f2fca3644610f7f3eb364839deabf0e9bde3a3,2011-03-14 17:52:42,,
text,in,b2c40f8219c90eb8ed819856f6e692708b4de43f,2011-03-15 15:01:33,,
text,in,b2c40f8219c90eb8ed819856f6e692708b4de43f,2011-03-24 11:36:47,,
text,in,8247f0435d5e4dcdc87feb7d4d185c9a96794f9d,2011-03-27 07:56:35,,
text,out,cbc029a91ff3597ba94e65605f116be37f163667,2011-05-02 14:14:09,,
text,in,66020dbf98aa32f3aeb3beda1a879b4d3fa2d2b1,2011-05-24 16:32:43,,
text,in,66020dbf98aa32f3aeb3beda1a879b4d3fa2d2b1,2011-05-24 16:32:39,,