interaction,direction,correspondent_id,datetime,call_duration,antenna_id
call,out,bb60217e13abbf14257492a5a2560383368f7b0,2010-09-24 12:31:51,,
call,out,bb60217e13abbf14257492a5a2560383368f7b0,2010-09-24 17:22:09,,
call,out,b084026a94ebe17cc7a5fbc895ef468dac2b534f,2010-09-24 17:21:22,,
call,in,b084026a94ebe17cc7a5fbc895ef468dac2b534f,2010-09-24 16:56:15,,
call,in,f0a1d6f6c144c63ebc6c6200498ea6665d598249,2010-09-24 15:50:02,,
call,out,bb60217e13abbf14257492a5a2560383368f7b0,2010-09-24 12:33:47,,
call,out,b084026a94ebe17cc7a5fbc895ef468dac2b534f,2010-09-24 12:33:35,,
call,out,b084026a94ebe17cc7a5fbc895ef468dac2b534f,2010-09-25 07:52:21,,
call,out,b084026a94ebe17cc7a5fbc895ef468dac2b534f,2010-09-25 07:48:51,,
call,in,b084026a94ebe17cc7a5fbc895ef468dac2b534f,2010-09-25 07:08:58,,
call,in,b084026a94ebe17cc7a5fbc895ef468dac2b534f,2010-09-27 09:29:29,,
call,in,b084026a94ebe17cc7a5fbc895ef468dac2b534f,2010-09-27 09:28:52,,
call,in,b084026a94ebe17cc7a5fbc895ef468dac2b534f,2010-09-30 11:19:04,,
call,out,bb60217e13abbf14257492a5a2560383368f7b0,2010-09-30 18:35:08,,
call,out,bb60217e13abbf14257492a5a2560383368f7b0,2010-09-30 18:34:22,,
call,out,bb60217e13abbf14257492a5a2560383368f7b0,2010-10-02 15:42:27,,
call,out,bb60217e13abbf14257492a5a2560383368f7b0,2010-10-02 14:38:01,,
call,out,bb60217e13abbf14257492a5a2560383368f7b0,2010-10-02 13:13:49,,
call,out,18473db47cae437da46d355ebf7ba2b4f352bae1,2010-10-09 14:53:40,,
call,out,e66bf20f6aeb65745427af10f91c00da90b86c4c,2010-10-09 14:53:12,,
call,out,18473db47cae437da46d355ebf7ba2b4f352bae1,2010-10-09 14:51:54,,
call,out,b084026a94ebe17cc7a5fbc895ef468dac2b534f,2010-10-09 14:50:28,,
call,out,b084026a94ebe17cc7a5fbc895ef468dac2b534f,2010-10-09 12:24:25,,
call,out,b084026a94ebe17cc7a5fbc895ef468dac2b534f,2010-10-09 12:07:46,,
call,out,1fe0856780342a393090076f7282476bb54ef515,2010-10-10 18:59:04,,
call,out,bb60217e13abbf14257492a5a2560383368f7b0,2010-10-11 10:57:49,,
call,out,b084026a94ebe17cc7a5fbc895ef468dac2b534f,2010-10-11 10:29:03,,
call,out,bb60217e13abbf14257492a5a2560383368f7b0,2010-10-11 10:24:57,,
call,out,1fe0856780342a393090076f7282476bb54ef515,2010-10-11 10:12:09,,
call,in,4735efabb657efe83cc23feade367093d571b9e2,2010-10-11 16:07:08,,
call,in,1fe0856780342a393090076f7282476bb54ef515,2010-10-11 18:53:31,,
call,out,4735efabb657efe83cc23feade367093d571b9e2,2010-10-11 18:47:43,,
call,in,1fe0856780342a393090076f7282476bb54ef515,2010-10-11 18:47:02,,
call,out,4735efabb657efe83cc23feade367093d571b9e2,2010-10-11 18:46:45,,
call,out,83fdc3407ccf68718bfb9aaddefa7cc0e40529db,2010-10-12 09:24:14,,
call,in,b084026a94ebe17cc7a5fbc895ef468dac2b534f,2010-10-14 17:20:54,,
call,out,b084026a94ebe17cc7a5fbc895ef468dac2b534f,2010-10-16 11:38:06,,
call,out,b084026a94ebe17cc7a5fbc895ef468dac2b534f,2010-10-16 11:32:27,,
call,in,b084026a94ebe17cc7a5fbc895ef468dac2b534f,2010-10-16 11:29:12,,
call,out,b084026a94ebe17cc7a5fbc895ef468dac2b534f,2010-10-16 11:14:17,,
call,out,b084026a94ebe17cc7a5fbc895ef468dac2b534f,2010-10-16 11:12:29,,
call,out,b084026a94ebe17cc7a5fbc895ef468dac2b534f,2010-10-16 14:32:56,,
call,out,b084026a94ebe17cc7a5fbc895ef468dac2b534f,2010-10-16 14:32:37,,
call,out,b084026a94ebe17cc7a5fbc895ef468dac2b534f,2010-10-16 14:30:04,,
call,out,b084026a94ebe17cc7a5fbc895ef468dac2b534f,2010-10-16 14:28:29,,
call,out,b084026a94ebe17cc7a5fbc895ef468dac2b534f,2010-10-16 14:16:43,,
call,out,b084026a94ebe17cc7a5fbc895ef468dac2b534f,2010-10-16 14:13:28,,
call,in,b084026a94ebe17cc7a5fbc895ef468dac2b534f,2010-10-16 12:12:04,,
call,in,b084026a94ebe17cc7a5fbc895ef468dac2b534f,2010-10-16 12:04:01,,
call,out,b084026a94ebe17cc7a5fbc895ef468dac2b534f,2010-10-16 12:03:50,,
call,out,b084026a94ebe17cc7a5fbc895ef468dac2b534f,2010-10-16 11:52:07,,
call,out,bb60217e13abbf14257492a5a2560383368f7b0,2010-10-16 11:51:56,,
call,out,b084026a94ebe17cc7a5fbc895ef468dac2b534f,2010-10-16 11:45:46,,
call,out,bb60217e13abbf14257492a5a2560383368f7b0,2010-10-17 16:52:17,,
call,out,bb60217e13abbf14257492a5a2560383368f7b0,2010-10-17 16:50:14,,
call,out,b084026a94ebe17cc7a5fbc895ef468dac2b534f,2010-10-17 16:49:54,,
call,out,b084026a94ebe17cc7a5fbc895ef468dac2b534f,2010-10-26 20:35:37,,
call,in,93eb08428836417eca0f7414540104abfc5ddfd4,2010-10-28 18:02:15,,
call,in,b084026a94ebe17cc7a5fbc895ef468dac2b534f,2010-10-28 20:05:24,,
call,out,b084026a94ebe17cc7a5fbc895ef468dac2b534f,2010-10-29 18:32:46,,
call,out,bb60217e13abbf14257492a5a2560383368f7b0,2010-10-29 16:25:13,,
call,out,b084026a94ebe17cc7a5fbc895ef468dac2b534f,2010-10-29 16:08:52,,
call,out,5d505c95f5b8bbdbe8f8aece23179e857f17e9b3,2010-10-30 20:56:47,,
call,out,bb60217e13abbf14257492a5a2560383368f7b0,2010-10-31 18:43:43,,
call,in,6aa63e55fa3db889dfedfd4cb4d30dcf4a9e6499,2010-11-01 16:19:08,,
call,out,3d0433ef165bb605ceeb3e47fe7824918ff7fdb5,2010-11-01 15:05:39,,
call,out,3d0433ef165bb605ceeb3e47fe7824918ff7fdb5,2010-11-01 15:05:03,,
call,out,b084026a94ebe17cc7a5fbc895ef468dac2b534f,2010-11-01 21:32:26,,
call,out,3d0433ef165bb605ceeb3e47fe7824918ff7fdb5,2010-11-02 09:28:28,,
call,out,b084026a94ebe17cc7a5fbc895ef468dac2b534f,2010-11-05 18:53:45,,
call,out,b084026a94ebe17cc7a5fbc895ef468dac2b534f,2010-11-05 18:52:39,,
call,out,b084026a94ebe17cc7a5fbc895ef468dac2b534f,2010-11-05 16:38:22,,
call,out,b084026a94ebe17cc7a5fbc895ef468dac2b534f,2010-11-06 16:51:43,,
call,out,88629ad8dfe0d51ffb81d53df25d932b42164ecc,2010-11-06 20:07:25,,
call,out,b084026a94ebe17cc7a5fbc895ef468dac2b534f,2010-11-06 20:07:01,,
call,out,bb60217e13abbf14257492a5a2560383368f7b0,2010-11-06 19:23:01,,
call,out,b084026a94ebe17cc7a5fbc895ef468dac2b534f,2010-11-07 08:44:44,,
call,out,bb60217e13abbf14257492a5a2560383368f7b0,2010-11-07 08:52:27,,
call,out,88629ad8dfe0d51ffb81d53df25d932b42164ecc,2010-11-07 08:51:38,,
call,out,b084026a94ebe17cc7a5fbc895ef468dac2b534f,2010-11-07 17:05:55,,
call,in,356a192b7913b04c54574d18c28d46e6395428ab,2010-11-08 10:25:19,,
call,out,b084026a94ebe17cc7a5fbc895ef468dac2b534f,2010-11-10 17:26:41,,
call,out,bb60217e13abbf14257492a5a2560383368f7b0,2010-11-12 17:09:54,,
call,out,bb60217e13abbf14257492a5a2560383368f7b0,2010-11-12 17:02:37,,
call,out,b084026a94ebe17cc7a5fbc895ef468dac2b534f,2010-11-13 15:03:15,,
call,out,b084026a94ebe17cc7a5fbc895ef468dac2b534f,2010-11-13 13:18:03,,
call,in,e62a755337084cf81f55a4f2ade70bf386215fbb,2010-11-15 19:08:26,,
call,out,bb60217e13abbf14257492a5a2560383368f7b0,2010-11-15 13:30:25,,
call,out,bb60217e13abbf14257492a5a2560383368f7b0,2010-11-19 20:10:00,,
call,out,bb60217e13abbf14257492a5a2560383368f7b0,2010-11-19 19:43:18,,
call,out,bb60217e13abbf14257492a5a2560383368f7b0,2010-11-19 19:43:13,,
call,out,b084026a94ebe17cc7a5fbc895ef468dac2b534f,2010-11-19 19:43:08,,
call,out,b084026a94ebe17cc7a5fbc895ef468dac2b534f,2010-11-19 19:43:01,,
call,out,bb60217e13abbf14257492a5a2560383368f7b0,2010-11-19 19:35:37,,
call,out,b084026a94ebe17cc7a5fbc895ef468dac2b534f,2010-11-20 16:03:54,,
call,out,f6326da51bc76ed44451d629c4ba630f4809080c,2010-11-20 13:18:37,,
call,out,d7ae953ddb8f7522f39741110c920fe6fc3ac4fa,2010-11-26 09:47:56,,
call,out,76753cc23044674c7285406d1e888c63bb5f1426,2010-11-26 09:46:59,,
call,out,93eb08428836417eca0f7414540104abfc5ddfd4,2010-11-26 17:18:31,,
call,out,b084026a94ebe17cc7a5fbc895ef468dac2b534f,2010-11-27 22:41:39,,
call,out,b084026a94ebe17cc7a5fbc895ef468dac2b534f,2010-11-27 22:41:15,,
call,out,bb60217e13abbf14257492a5a2560383368f7b0,2010-11-27 22:40:41,,
call,out,10bef022027d432fc8b370893c922f97f0afce68,2010-11-27 21:38:35,,
call,out,10bef022027d432fc8b370893c922f97f0afce68,2010-11-27 13:38:46,,
call,out,b084026a94ebe17cc7a5fbc895ef468dac2b534f,2010-11-27 13:32:29,,
call,out,bb60217e13abbf14257492a5a2560383368f7b0,2010-11-27 13:30:48,,
call,out,e659fcb3ace13aeb29bd85997a1b70ac81701083,2010-11-27 12:58:12,,
call,out,83fdc3407ccf68718bfb9aaddefa7cc0e40529db,2010-11-27 12:57:55,,
call,out,b084026a94ebe17cc7a5fbc895ef468dac2b534f,2010-11-28 17:02:03,,
call,out,d7ae953ddb8f7522f39741110c920fe6fc3ac4fa,2010-12-04 09:31:46,,
call,out,bb60217e13abbf14257492a5a2560383368f7b0,2010-12-04 09:30:20,,
call,out,b084026a94ebe17cc7a5fbc895ef468dac2b534f,2010-12-04 09:29:30,,
call,out,10bef022027d432fc8b370893c922f97f0afce68,2010-12-05 18:57:27,,
call,out,b084026a94ebe17cc7a5fbc895ef468dac2b534f,2010-12-06 13:14:45,,
call,in,b084026a94ebe17cc7a5fbc895ef468dac2b534f,2010-12-06 09:20:00,,
call,out,bb60217e13abbf14257492a5a2560383368f7b0,2010-12-06 09:02:01,,
call,out,bb60217e13abbf14257492a5a2560383368f7b0,2010-12-06 08:52:41,,
call,in,93eb08428836417eca0f7414540104abfc5ddfd4,2010-12-06 19:41:15,,
call,out,992fbe3280a6ccfac5fdf8b60699b0977f05699b,2010-12-09 20:47:59,,
call,out,992fbe3280a6ccfac5fdf8b60699b0977f05699b,2010-12-09 20:46:32,,
call,out,992fbe3280a6ccfac5fdf8b60699b0977f05699b,2010-12-09 17:27:00,,
call,out,992fbe3280a6ccfac5fdf8b60699b0977f05699b,2010-12-09 17:25:29,,
call,in,b084026a94ebe17cc7a5fbc895ef468dac2b534f,2010-12-09 17:23:06,,
call,out,992fbe3280a6ccfac5fdf8b60699b0977f05699b,2010-12-09 17:22:42,,
call,out,bb60217e13abbf14257492a5a2560383368f7b0,2010-12-09 17:20:12,,
call,in,b084026a94ebe17cc7a5fbc895ef468dac2b534f,2010-12-11 13:51:36,,
call,out,b084026a94ebe17cc7a5fbc895ef468dac2b534f,2010-12-12 09:30:58,,
call,out,bb60217e13abbf14257492a5a2560383368f7b0,2010-12-12 09:30:00,,
call,out,b084026a94ebe17cc7a5fbc895ef468dac2b534f,2010-12-12 09:29:35,,
call,in,b084026a94ebe17cc7a5fbc895ef468dac2b534f,2010-12-13 08:28:13,,
call,out,b084026a94ebe17cc7a5fbc895ef468dac2b534f,2010-12-13 11:34:11,,
call,out,b084026a94ebe17cc7a5fbc895ef468dac2b534f,2010-12-15 17:21:01,,
call,out,367b0af2411525e8a2b0da12796b4a102ea32aaf,2010-12-15 17:20:42,,
call,in,ca74aa3e583f1fd5bbab0157c3dd8dd86ec8b4bc,2010-12-15 16:06:13,,
call,out,af536cb1bbf966711aea9e26f08252f5e7a569f3,2010-12-15 15:55:09,,
call,out,af536cb1bbf966711aea9e26f08252f5e7a569f3,2010-12-15 15:54:02,,
call,out,af536cb1bbf966711aea9e26f08252f5e7a569f3,2010-12-15 15:53:42,,
call,out,f0a1d6f6c144c63ebc6c6200498ea6665d598249,2010-12-15 15:42:51,,
call,out,f0a1d6f6c144c63ebc6c6200498ea6665d598249,2010-12-15 15:21:46,,
call,out,f0a1d6f6c144c63ebc6c6200498ea6665d598249,2010-12-15 15:10:39,,
call,out,f0a1d6f6c144c63ebc6c6200498ea6665d598249,2010-12-15 15:08:45,,
call,out,f0a1d6f6c144c63ebc6c6200498ea6665d598249,2010-12-15 14:28:59,,
call,out,4735efabb657efe83cc23feade367093d571b9e2,2010-12-15 14:11:33,,
call,out,93eb08428836417eca0f7414540104abfc5ddfd4,2010-12-15 14:09:51,,
call,out,bb60217e13abbf14257492a5a2560383368f7b0,2010-12-15 14:05:58,,
call,out,81e8708900d229cfc382e3494460980d96c2cfc8,2010-12-15 13:24:27,,
call,out,bb60217e13abbf14257492a5a2560383368f7b0,2010-12-15 12:17:16,,
call,out,bb60217e13abbf14257492a5a2560383368f7b0,2010-12-15 12:13:42,,
call,out,bb60217e13abbf14257492a5a2560383368f7b0,2010-12-16 19:33:47,,
call,out,bb60217e13abbf14257492a5a2560383368f7b0,2010-12-16 19:24:58,,
call,out,bb60217e13abbf14257492a5a2560383368f7b0,2010-12-16 19:03:54,,
call,out,b084026a94ebe17cc7a5fbc895ef468dac2b534f,2010-12-16 19:02:55,,
call,out,992fbe3280a6ccfac5fdf8b60699b0977f05699b,2010-12-16 19:02:18,,
call,out,992fbe3280a6ccfac5fdf8b60699b0977f05699b,2010-12-16 19:00:33,,
call,out,bb60217e13abbf14257492a5a2560383368f7b0,2010-12-16 18:53:51,,
call,out,bb60217e13abbf14257492a5a2560383368f7b0,2010-12-16 17:34:40,,
call,out,af536cb1bbf966711aea9e26f08252f5e7a569f3,2010-12-17 13:56:02,,
call,out,af536cb1bbf966711aea9e26f08252f5e7a569f3,2010-12-17 14:41:56,,
call,out,af536cb1bbf966711aea9e26f08252f5e7a569f3,2010-12-17 14:41:26,,
call,out,4735efabb657efe83cc23feade367093d571b9e2,2010-12-18 12:13:41,,
call,out,367b0af2411525e8a2b0da12796b4a102ea32aaf,2010-12-18 12:05:43,,
call,out,93eb08428836417eca0f7414540104abfc5ddfd4,2010-12-18 12:15:24,,
call,out,61368fc6b465e0b9bd7949a9f3e68ba3deb50f22,2010-12-18 14:27:27,,
call,out,b084026a94ebe17cc7a5fbc895ef468dac2b534f,2010-12-18 14:17:14,,
call,out,61368fc6b465e0b9bd7949a9f3e68ba3deb50f22,2010-12-18 14:12:36,,
call,out,61368fc6b465e0b9bd7949a9f3e68ba3deb50f22,2010-12-18 14:11:33,,
call,out,61368fc6b465e0b9bd7949a9f3e68ba3deb50f22,2010-12-18 14:10:10,,
call,out,9a7d30517331cd21bae0d26f7d0a69a03eac7754,2010-12-18 14:08:18,,
call,in,93eb08428836417eca0f7414540104abfc5ddfd4,2010-12-18 13:27:38,,
call,in,4735efabb657efe83cc23feade367093d571b9e2,2010-12-18 14:39:31,,
call,out,93eb08428836417eca0f7414540104abfc5ddfd4,2010-12-18 14:38:21,,
call,out,61368fc6b465e0b9bd7949a9f3e68ba3deb50f22,2010-12-18 14:38:04,,
call,in,4735efabb657efe83cc23feade367093d571b9e2,2010-12-18 15:01:44,,
call,out,4735efabb657efe83cc23feade367093d571b9e2,2010-12-18 15:11:31,,
call,out,4735efabb657efe83cc23feade367093d571b9e2,2010-12-18 15:10:06,,
call,in,93eb08428836417eca0f7414540104abfc5ddfd4,2010-12-18 15:43:00,,
call,out,18473db47cae437da46d355ebf7ba2b4f352bae1,2010-12-18 16:23:56,,
call,out,e66bf20f6aeb65745427af10f91c00da90b86c4c,2010-12-18 16:20:55,,
call,out,b084026a94ebe17cc7a5fbc895ef468dac2b534f,2010-12-18 16:19:34,,
call,out,b084026a94ebe17cc7a5fbc895ef468dac2b534f,2010-12-22 09:14:39,,
call,out,b084026a94ebe17cc7a5fbc895ef468dac2b534f,2010-12-22 09:11:00,,
call,in,b084026a94ebe17cc7a5fbc895ef468dac2b534f,2010-12-23 16:07:15,,
call,in,b084026a94ebe17cc7a5fbc895ef468dac2b534f,2010-12-23 15:47:25,,
call,out,10bef022027d432fc8b370893c922f97f0afce68,2010-12-23 15:02:39,,
call,out,10bef022027d432fc8b370893c922f97f0afce68,2010-12-23 11:43:05,,
call,out,4735efabb657efe83cc23feade367093d571b9e2,2010-12-23 11:30:02,,
call,out,b084026a94ebe17cc7a5fbc895ef468dac2b534f,2010-12-23 11:13:12,,
call,out,b084026a94ebe17cc7a5fbc895ef468dac2b534f,2010-12-24 19:05:46,,
call,out,sp10-01-38,2010-12-25 13:25:40,,
call,out,e800a04acf8e75ed36f60346d2cb5c7dbe45a31,2010-12-25 13:25:09,,
call,out,b084026a94ebe17cc7a5fbc895ef468dac2b534f,2010-12-25 13:23:33,,
call,out,b084026a94ebe17cc7a5fbc895ef468dac2b534f,2010-12-25 13:18:08,,
call,out,93eb08428836417eca0f7414540104abfc5ddfd4,2010-12-25 21:07:15,,
call,out,b084026a94ebe17cc7a5fbc895ef468dac2b534f,2010-12-25 21:06:43,,
call,out,4735efabb657efe83cc23feade367093d571b9e2,2010-12-25 19:51:32,,
call,out,76753cc23044674c7285406d1e888c63bb5f1426,2010-12-27 10:22:00,,
call,out,d7ae953ddb8f7522f39741110c920fe6fc3ac4fa,2010-12-27 10:20:53,,
call,out,d7ae953ddb8f7522f39741110c920fe6fc3ac4fa,2010-12-27 10:20:01,,
call,out,c4feb3059d4bb29415742791eb95eed7dfa5954e,2010-12-27 10:27:20,,
call,out,1fe0856780342a393090076f7282476bb54ef515,2010-12-27 10:22:55,,
call,in,6b092e5ae9b2a9bb403e11ab85320bc764a1ebf8,2010-12-27 10:33:35,,
call,out,d7ae953ddb8f7522f39741110c920fe6fc3ac4fa,2010-12-27 13:22:49,,
call,out,61368fc6b465e0b9bd7949a9f3e68ba3deb50f22,2010-12-27 13:22:21,,
call,out,bb60217e13abbf14257492a5a2560383368f7b0,2010-12-27 13:22:11,,
call,out,bb60217e13abbf14257492a5a2560383368f7b0,2010-12-27 11:34:38,,
call,out,2adce58ee930e8689bf6ab142a951074ffeeeb37,2010-12-27 11:33:19,,
call,in,6b092e5ae9b2a9bb403e11ab85320bc764a1ebf8,2010-12-27 11:19:30,,
call,out,120941d690a01ced4b6bc7d4e54cdf181416cecf,2010-12-29 20:09:15,,
call,out,bb60217e13abbf14257492a5a2560383368f7b0,2010-12-29 20:22:35,,
call,out,b084026a94ebe17cc7a5fbc895ef468dac2b534f,2010-12-29 20:21:46,,
call,out,e6117933d107f04a117f2845452a1e6b62b5f1e3,2010-12-30 16:39:01,,
call,in,e6117933d107f04a117f2845452a1e6b62b5f1e3,2010-12-30 16:28:24,,
call,in,e6117933d107f04a117f2845452a1e6b62b5f1e3,2010-12-30 16:03:03,,
call,in,e6117933d107f04a117f2845452a1e6b62b5f1e3,2010-12-30 16:00:07,,
call,out,bb60217e13abbf14257492a5a2560383368f7b0,2010-12-31 18:38:57,,
call,out,b084026a94ebe17cc7a5fbc895ef468dac2b534f,2010-12-31 18:38:20,,
call,out,b084026a94ebe17cc7a5fbc895ef468dac2b534f,2010-12-31 18:18:09,,
call,out,d7ae953ddb8f7522f39741110c920fe6fc3ac4fa,2011-01-01 13:36:08,,
call,out,d7ae953ddb8f7522f39741110c920fe6fc3ac4fa,2011-01-01 13:26:38,,
call,in,d7ae953ddb8f7522f39741110c920fe6fc3ac4fa,2011-01-01 13:15:04,,
call,out,d7ae953ddb8f7522f39741110c920fe6fc3ac4fa,2011-01-01 13:13:45,,
call,out,d7ae953ddb8f7522f39741110c920fe6fc3ac4fa,2011-01-01 13:12:16,,
call,out,b084026a94ebe17cc7a5fbc895ef468dac2b534f,2011-01-02 12:41:36,,
call,out,b084026a94ebe17cc7a5fbc895ef468dac2b534f,2011-01-02 14:10:58,,
call,out,b084026a94ebe17cc7a5fbc895ef468dac2b534f,2011-01-02 14:02:14,,
call,out,b084026a94ebe17cc7a5fbc895ef468dac2b534f,2011-01-03 11:29:10,,
call,out,b084026a94ebe17cc7a5fbc895ef468dac2b534f,2011-01-03 11:23:15,,
call,out,b084026a94ebe17cc7a5fbc895ef468dac2b534f,2011-01-03 11:17:18,,
call,out,b084026a94ebe17cc7a5fbc895ef468dac2b534f,2011-01-03 11:01:13,,
call,out,b084026a94ebe17cc7a5fbc895ef468dac2b534f,2011-01-03 11:00:21,,
call,out,b084026a94ebe17cc7a5fbc895ef468dac2b534f,2011-01-03 10:47:47,,
call,out,b084026a94ebe17cc7a5fbc895ef468dac2b534f,2011-01-03 10:47:07,,
call,out,b084026a94ebe17cc7a5fbc895ef468dac2b534f,2011-01-03 10:35:37,,
call,out,b084026a94ebe17cc7a5fbc895ef468dac2b534f,2011-01-03 10:33:03,,
call,out,1d2b9e7183bc15d67163a1b440c5fcd8b0449ad0,2011-01-03 10:31:59,,
call,out,b084026a94ebe17cc7a5fbc895ef468dac2b534f,2011-01-05 17:34:26,,
call,out,bb60217e13abbf14257492a5a2560383368f7b0,2011-01-07 19:59:12,,
call,out,af536cb1bbf966711aea9e26f08252f5e7a569f3,2011-01-07 13:16:19,,
call,in,356a192b7913b04c54574d18c28d46e6395428ab,2011-01-09 17:54:43,,
call,out,3d0433ef165bb605ceeb3e47fe7824918ff7fdb5,2011-01-09 16:48:55,,
call,out,3d0433ef165bb605ceeb3e47fe7824918ff7fdb5,2011-01-09 14:55:52,,
call,in,356a192b7913b04c54574d18c28d46e6395428ab,2011-01-09 19:58:47,,
call,out,b084026a94ebe17cc7a5fbc895ef468dac2b534f,2011-01-11 16:59:20,,
call,out,3d0433ef165bb605ceeb3e47fe7824918ff7fdb5,2011-01-11 12:13:28,,
call,out,c4e59f9476a570a051f416e1eb47f5b800aa2335,2011-01-16 12:52:10,,
call,out,c4e59f9476a570a051f416e1eb47f5b800aa2335,2011-01-16 12:50:25,,
call,out,c4e59f9476a570a051f416e1eb47f5b800aa2335,2011-01-16 12:48:50,,
call,out,120941d690a01ced4b6bc7d4e54cdf181416cecf,2011-01-16 12:46:39,,
call,out,d7ae953ddb8f7522f39741110c920fe6fc3ac4fa,2011-01-16 17:36:30,,
call,in,c4e59f9476a570a051f416e1eb47f5b800aa2335,2011-01-16 17:34:55,,
call,out,bb60217e13abbf14257492a5a2560383368f7b0,2011-01-16 15:17:24,,
call,out,c4e59f9476a570a051f416e1eb47f5b800aa2335,2011-01-16 15:16:38,,
call,out,87b3c77a7866be4a9ae36b7033e51bf626e26c68,2011-01-16 15:15:36,,
call,out,c4e59f9476a570a051f416e1eb47f5b800aa2335,2011-01-16 15:14:31,,
call,out,e66bf20f6aeb65745427af10f91c00da90b86c4c,2011-01-16 15:13:35,,
call,out,d7ae953ddb8f7522f39741110c920fe6fc3ac4fa,2011-01-16 15:13:27,,
call,out,e66bf20f6aeb65745427af10f91c00da90b86c4c,2011-01-16 15:13:13,,
call,out,e66bf20f6aeb65745427af10f91c00da90b86c4c,2011-01-16 15:13:06,,
call,out,87b3c77a7866be4a9ae36b7033e51bf626e26c68,2011-01-16 15:12:42,,
call,out,87b3c77a7866be4a9ae36b7033e51bf626e26c68,2011-01-16 15:11:50,,
call,out,4735efabb657efe83cc23feade367093d571b9e2,2011-01-16 21:03:30,,
call,out,e66bf20f6aeb65745427af10f91c00da90b86c4c,2011-01-17 07:02:41,,
call,out,e66bf20f6aeb65745427af10f91c00da90b86c4c,2011-01-17 07:02:30,,
call,out,bb60217e13abbf14257492a5a2560383368f7b0,2011-01-19 17:07:21,,
call,out,b084026a94ebe17cc7a5fbc895ef468dac2b534f,2011-01-19 17:06:32,,
call,out,bb60217e13abbf14257492a5a2560383368f7b0,2011-01-19 19:43:12,,
call,out,b084026a94ebe17cc7a5fbc895ef468dac2b534f,2011-01-19 19:42:08,,
call,out,24acc435d9f7ba2c1d225439e83fb731a8d005ae,2011-01-20 12:17:48,,
call,out,d1341afe8c88b3954c7d70a6d8b8ba24ede63a4c,2011-01-20 14:20:28,,
call,out,24acc435d9f7ba2c1d225439e83fb731a8d005ae,2011-01-20 14:19:16,,
call,out,24acc435d9f7ba2c1d225439e83fb731a8d005ae,2011-01-20 12:39:21,,
call,out,24acc435d9f7ba2c1d225439e83fb731a8d005ae,2011-01-20 12:38:02,,
call,out,24acc435d9f7ba2c1d225439e83fb731a8d005ae,2011-01-20 12:37:34,,
call,out,24acc435d9f7ba2c1d225439e83fb731a8d005ae,2011-01-20 15:27:13,,
call,out,b084026a94ebe17cc7a5fbc895ef468dac2b534f,2011-01-20 15:22:46,,
call,out,b084026a94ebe17cc7a5fbc895ef468dac2b534f,2011-01-20 16:48:16,,
call,out,b084026a94ebe17cc7a5fbc895ef468dac2b534f,2011-01-20 16:47:11,,
call,out,b084026a94ebe17cc7a5fbc895ef468dac2b534f,2011-01-20 16:46:31,,
call,out,b084026a94ebe17cc7a5fbc895ef468dac2b534f,2011-01-20 16:55:00,,
call,out,b084026a94ebe17cc7a5fbc895ef468dac2b534f,2011-01-20 16:54:08,,
call,out,b084026a94ebe17cc7a5fbc895ef468dac2b534f,2011-01-20 16:53:31,,
call,out,b084026a94ebe17cc7a5fbc895ef468dac2b534f,2011-01-20 16:52:47,,
call,out,b084026a94ebe17cc7a5fbc895ef468dac2b534f,2011-01-20 16:50:58,,
call,out,b084026a94ebe17cc7a5fbc895ef468dac2b534f,2011-01-20 16:50:07,,
call,out,b084026a94ebe17cc7a5fbc895ef468dac2b534f,2011-01-20 16:49:26,,
call,out,992fbe3280a6ccfac5fdf8b60699b0977f05699b,2011-01-20 18:09:33,,
call,out,bb60217e13abbf14257492a5a2560383368f7b0,2011-01-20 17:49:45,,
call,out,b084026a94ebe17cc7a5fbc895ef468dac2b534f,2011-01-20 17:49:11,,
call,in,b084026a94ebe17cc7a5fbc895ef468dac2b534f,2011-01-20 17:13:05,,
call,out,93eb08428836417eca0f7414540104abfc5ddfd4,2011-01-20 23:09:30,,
call,out,b084026a94ebe17cc7a5fbc895ef468dac2b534f,2011-01-20 23:08:37,,
call,out,24acc435d9f7ba2c1d225439e83fb731a8d005ae,2011-01-20 20:46:39,,
call,out,bb60217e13abbf14257492a5a2560383368f7b0,2011-01-21 18:25:09,,
call,out,bdf3f54642b2d80f8e87b6474eaaad11ece8058a,2011-01-21 18:24:50,,
call,out,bb60217e13abbf14257492a5a2560383368f7b0,2011-01-22 14:37:38,,
call,in,a0a4bc24f97fb55a107c37af5fb1923fe43ee102,2011-01-22 14:24:48,,
call,out,b084026a94ebe17cc7a5fbc895ef468dac2b534f,2011-01-22 14:17:10,,
call,out,b084026a94ebe17cc7a5fbc895ef468dac2b534f,2011-01-22 11:30:22,,
call,out,bb60217e13abbf14257492a5a2560383368f7b0,2011-01-22 07:27:19,,
call,out,bb60217e13abbf14257492a5a2560383368f7b0,2011-01-22 07:14:29,,
call,out,b084026a94ebe17cc7a5fbc895ef468dac2b534f,2011-01-23 09:15:03,,
call,out,bb60217e13abbf14257492a5a2560383368f7b0,2011-01-23 09:14:58,,
call,out,b084026a94ebe17cc7a5fbc895ef468dac2b534f,2011-01-24 15:11:03,,
call,out,b084026a94ebe17cc7a5fbc895ef468dac2b534f,2011-01-24 11:43:50,,
call,out,b084026a94ebe17cc7a5fbc895ef468dac2b534f,2011-01-25 18:43:09,,
call,out,b084026a94ebe17cc7a5fbc895ef468dac2b534f,2011-01-25 19:02:11,,
call,out,b084026a94ebe17cc7a5fbc895ef468dac2b534f,2011-01-26 18:52:57,,
call,out,b084026a94ebe17cc7a5fbc895ef468dac2b534f,2011-01-26 18:49:09,,
call,out,b084026a94ebe17cc7a5fbc895ef468dac2b534f,2011-01-26 18:48:23,,
call,out,b084026a94ebe17cc7a5fbc895ef468dac2b534f,2011-01-26 18:47:54,,
call,out,bb60217e13abbf14257492a5a2560383368f7b0,2011-01-26 18:46:36,,
call,out,b084026a94ebe17cc7a5fbc895ef468dac2b534f,2011-01-26 18:46:09,,
call,in,356a192b7913b04c54574d18c28d46e6395428ab,2011-01-27 00:29:46,,
call,in,b084026a94ebe17cc7a5fbc895ef468dac2b534f,2011-01-27 00:23:14,,
call,out,bb60217e13abbf14257492a5a2560383368f7b0,2011-01-27 18:04:49,,
call,in,f0a1d6f6c144c63ebc6c6200498ea6665d598249,2011-01-27 16:57:24,,
call,in,b084026a94ebe17cc7a5fbc895ef468dac2b534f,2011-01-27 15:41:55,,
call,in,356a192b7913b04c54574d18c28d46e6395428ab,2011-01-27 13:27:38,,
call,in,b084026a94ebe17cc7a5fbc895ef468dac2b534f,2011-01-29 08:54:54,,
call,out,b084026a94ebe17cc7a5fbc895ef468dac2b534f,2011-01-29 11:32:55,,
call,out,bb60217e13abbf14257492a5a2560383368f7b0,2011-01-29 14:19:21,,
call,out,b084026a94ebe17cc7a5fbc895ef468dac2b534f,2011-01-29 14:19:05,,
call,out,bb60217e13abbf14257492a5a2560383368f7b0,2011-01-31 17:22:54,,
call,out,b084026a94ebe17cc7a5fbc895ef468dac2b534f,2011-01-31 17:22:07,,
call,in,356a192b7913b04c54574d18c28d46e6395428ab,2011-01-31 17:14:17,,
call,out,b084026a94ebe17cc7a5fbc895ef468dac2b534f,2011-02-01 17:36:20,,
call,out,b084026a94ebe17cc7a5fbc895ef468dac2b534f,2011-02-01 17:34:41,,
call,out,bb60217e13abbf14257492a5a2560383368f7b0,2011-02-01 17:33:22,,
call,out,bb60217e13abbf14257492a5a2560383368f7b0,2011-02-02 19:21:51,,
call,out,b084026a94ebe17cc7a5fbc895ef468dac2b534f,2011-02-03 07:46:46,,
call,out,b084026a94ebe17cc7a5fbc895ef468dac2b534f,2011-02-04 08:57:07,,
call,out,b084026a94ebe17cc7a5fbc895ef468dac2b534f,2011-02-04 08:56:19,,
call,out,b084026a94ebe17cc7a5fbc895ef468dac2b534f,2011-02-04 09:57:08,,
call,out,b084026a94ebe17cc7a5fbc895ef468dac2b534f,2011-02-04 09:52:56,,
call,in,b084026a94ebe17cc7a5fbc895ef468dac2b534f,2011-02-04 20:46:45,,
call,out,b084026a94ebe17cc7a5fbc895ef468dac2b534f,2011-02-04 19:14:22,,
call,out,b084026a94ebe17cc7a5fbc895ef468dac2b534f,2011-02-04 19:02:09,,
call,in,4db1a8aa9a8e97bb7bb281e88fd803c416c3d295,2011-02-07 20:25:34,,
call,out,5d505c95f5b8bbdbe8f8aece23179e857f17e9b3,2011-02-07 19:59:59,,
call,out,b084026a94ebe17cc7a5fbc895ef468dac2b534f,2011-02-08 18:33:15,,
call,out,bb60217e13abbf14257492a5a2560383368f7b0,2011-02-08 18:29:29,,
call,out,bb60217e13abbf14257492a5a2560383368f7b0,2011-02-08 18:04:57,,
call,out,b084026a94ebe17cc7a5fbc895ef468dac2b534f,2011-02-08 17:06:49,,
call,out,bb60217e13abbf14257492a5a2560383368f7b0,2011-02-08 17:06:43,,
call,out,b084026a94ebe17cc7a5fbc895ef468dac2b534f,2011-02-08 16:41:10,,
call,out,b084026a94ebe17cc7a5fbc895ef468dac2b534f,2011-02-08 16:39:09,,
call,out,b084026a94ebe17cc7a5fbc895ef468dac2b534f,2011-02-08 16:37:21,,
call,out,bb60217e13abbf14257492a5a2560383368f7b0,2011-02-08 16:36:40,,
call,out,bb60217e13abbf14257492a5a2560383368f7b0,2011-02-08 16:27:35,,
call,out,b084026a94ebe17cc7a5fbc895ef468dac2b534f,2011-02-08 16:26:40,,
call,out,b084026a94ebe17cc7a5fbc895ef468dac2b534f,2011-02-08 15:56:40,,
call,out,bb60217e13abbf14257492a5a2560383368f7b0,2011-02-08 15:56:02,,
call,out,b084026a94ebe17cc7a5fbc895ef468dac2b534f,2011-02-08 15:55:13,,
call,out,bb60217e13abbf14257492a5a2560383368f7b0,2011-02-08 15:53:33,,
call,out,b084026a94ebe17cc7a5fbc895ef468dac2b534f,2011-02-08 15:52:42,,
call,out,bb60217e13abbf14257492a5a2560383368f7b0,2011-02-08 15:52:05,,
call,out,b084026a94ebe17cc7a5fbc895ef468dac2b534f,2011-02-09 18:21:14,,
call,out,b084026a94ebe17cc7a5fbc895ef468dac2b534f,2011-02-10 11:09:48,,
call,out,b084026a94ebe17cc7a5fbc895ef468dac2b534f,2011-02-10 10:55:01,,
call,out,bb60217e13abbf14257492a5a2560383368f7b0,2011-02-10 19:43:53,,
call,out,bb60217e13abbf14257492a5a2560383368f7b0,2011-02-10 19:44:46,,
call,out,b084026a94ebe17cc7a5fbc895ef468dac2b534f,2011-02-11 19:06:12,,
call,out,b084026a94ebe17cc7a5fbc895ef468dac2b534f,2011-02-11 17:49:04,,
call,out,b084026a94ebe17cc7a5fbc895ef468dac2b534f,2011-02-11 17:48:24,,
call,out,b084026a94ebe17cc7a5fbc895ef468dac2b534f,2011-02-11 17:41:27,,
call,out,b084026a94ebe17cc7a5fbc895ef468dac2b534f,2011-02-11 17:41:06,,
call,out,b084026a94ebe17cc7a5fbc895ef468dac2b534f,2011-02-11 16:50:55,,
call,out,b084026a94ebe17cc7a5fbc895ef468dac2b534f,2011-02-12 13:07:54,,
call,out,c9dc2b53be07a303758319b388be71d3a2bc4eee,2011-02-12 13:05:58,,
call,out,bb60217e13abbf14257492a5a2560383368f7b0,2011-02-12 11:36:09,,
call,out,b084026a94ebe17cc7a5fbc895ef468dac2b534f,2011-02-12 11:35:20,,
call,out,bb60217e13abbf14257492a5a2560383368f7b0,2011-02-12 09:10:01,,
call,out,b084026a94ebe17cc7a5fbc895ef468dac2b534f,2011-02-12 09:08:48,,
call,out,b084026a94ebe17cc7a5fbc895ef468dac2b534f,2011-02-12 09:05:11,,
call,out,c9dc2b53be07a303758319b388be71d3a2bc4eee,2011-02-12 14:31:16,,
call,out,428d5720b70b043d64ab04ca8c3ff0055233b648,2011-02-15 08:51:39,,
call,out,428d5720b70b043d64ab04ca8c3ff0055233b648,2011-02-15 08:50:38,,
call,out,b084026a94ebe17cc7a5fbc895ef468dac2b534f,2011-02-15 21:53:46,,
call,out,b084026a94ebe17cc7a5fbc895ef468dac2b534f,2011-02-15 21:06:34,,
call,out,b084026a94ebe17cc7a5fbc895ef468dac2b534f,2011-02-15 20:52:12,,
call,out,b084026a94ebe17cc7a5fbc895ef468dac2b534f,2011-02-15 19:55:05,,
call,out,b084026a94ebe17cc7a5fbc895ef468dac2b534f,2011-02-15 19:54:11,,
call,out,b084026a94ebe17cc7a5fbc895ef468dac2b534f,2011-02-15 16:38:51,,
call,out,bb60217e13abbf14257492a5a2560383368f7b0,2011-02-17 16:59:45,,
call,out,bb60217e13abbf14257492a5a2560383368f7b0,2011-02-17 16:54:32,,
call,out,b084026a94ebe17cc7a5fbc895ef468dac2b534f,2011-02-18 22:56:05,,
call,out,b084026a94ebe17cc7a5fbc895ef468dac2b534f,2011-02-18 20:04:50,,
call,out,b084026a94ebe17cc7a5fbc895ef468dac2b534f,2011-02-18 19:57:18,,
call,out,b084026a94ebe17cc7a5fbc895ef468dac2b534f,2011-02-18 17:22:10,,
call,out,b084026a94ebe17cc7a5fbc895ef468dac2b534f,2011-02-18 11:25:35,,
call,out,bb60217e13abbf14257492a5a2560383368f7b0,2011-02-18 11:25:04,,
call,out,bb60217e13abbf14257492a5a2560383368f7b0,2011-02-19 14:16:17,,
call,out,3d0433ef165bb605ceeb3e47fe7824918ff7fdb5,2011-02-20 17:23:19,,
call,out,61368fc6b465e0b9bd7949a9f3e68ba3deb50f22,2011-02-20 17:22:03,,
call,out,4735efabb657efe83cc23feade367093d571b9e2,2011-02-20 17:21:13,,
call,out,24acc435d9f7ba2c1d225439e83fb731a8d005ae,2011-02-22 13:20:23,,
call,out,b084026a94ebe17cc7a5fbc895ef468dac2b534f,2011-02-22 13:09:51,,
call,out,24acc435d9f7ba2c1d225439e83fb731a8d005ae,2011-02-22 12:53:02,,
call,out,e66bf20f6aeb65745427af10f91c00da90b86c4c,2011-02-22 11:53:37,,
call,out,d7ae953ddb8f7522f39741110c920fe6fc3ac4fa,2011-02-22 11:53:21,,
call,out,93eb08428836417eca0f7414540104abfc5ddfd4,2011-02-22 11:53:13,,
call,in,356a192b7913b04c54574d18c28d46e6395428ab,2011-02-22 10:04:01,,
call,out,b084026a94ebe17cc7a5fbc895ef468dac2b534f,2011-02-22 23:06:23,,
call,out,b084026a94ebe17cc7a5fbc895ef468dac2b534f,2011-02-22 16:20:10,,
call,in,24acc435d9f7ba2c1d225439e83fb731a8d005ae,2011-02-22 16:19:21,,
call,out,b084026a94ebe17cc7a5fbc895ef468dac2b534f,2011-02-22 16:18:27,,
call,out,24acc435d9f7ba2c1d225439e83fb731a8d005ae,2011-02-22 15:56:27,,
call,out,d7ae953ddb8f7522f39741110c920fe6fc3ac4fa,2011-02-22 15:56:11,,
call,in,356a192b7913b04c54574d18c28d46e6395428ab,2011-02-23 10:09:41,,
call,out,beaa2454797ea66fc1cac71e1e564105cdfe8229,2011-02-23 09:59:08,,
call,out,b084026a94ebe17cc7a5fbc895ef468dac2b534f,2011-02-23 09:58:39,,
call,out,bb60217e13abbf14257492a5a2560383368f7b0,2011-02-23 08:51:55,,
call,out,bb60217e13abbf14257492a5a2560383368f7b0,2011-02-22 23:12:34,,
call,out,b084026a94ebe17cc7a5fbc895ef468dac2b534f,2011-02-22 23:12:27,,
call,out,b084026a94ebe17cc7a5fbc895ef468dac2b534f,2011-02-22 23:11:43,,
call,in,9f20d8ba438cb5e32e066c088c71058028c693bc,2011-02-23 18:45:38,,
call,out,9f20d8ba438cb5e32e066c088c71058028c693bc,2011-02-23 18:44:09,,
call,in,9f20d8ba438cb5e32e066c088c71058028c693bc,2011-02-23 17:36:26,,
call,in,b084026a94ebe17cc7a5fbc895ef468dac2b534f,2011-02-23 11:21:30,,
call,in,b084026a94ebe17cc7a5fbc895ef468dac2b534f,2011-02-23 21:22:12,,
call,out,b084026a94ebe17cc7a5fbc895ef468dac2b534f,2011-02-23 21:21:59,,
call,out,b084026a94ebe17cc7a5fbc895ef468dac2b534f,2011-02-23 21:20:48,,
call,out,bb60217e13abbf14257492a5a2560383368f7b0,2011-02-24 19:42:06,,
call,out,bb60217e13abbf14257492a5a2560383368f7b0,2011-02-24 13:19:41,,
call,out,b084026a94ebe17cc7a5fbc895ef468dac2b534f,2011-02-24 13:19:24,,
call,out,f4c61d81b468ea56e7aa50e38de7be0f4fd8d5ab,2011-02-24 13:13:45,,
call,out,f0a1d6f6c144c63ebc6c6200498ea6665d598249,2011-02-24 13:03:51,,
call,out,93eb08428836417eca0f7414540104abfc5ddfd4,2011-02-24 12:58:19,,
call,out,4735efabb657efe83cc23feade367093d571b9e2,2011-02-24 12:57:36,,
call,out,bb60217e13abbf14257492a5a2560383368f7b0,2011-02-24 22:26:06,,
call,out,b084026a94ebe17cc7a5fbc895ef468dac2b534f,2011-02-24 22:25:52,,
call,out,bb60217e13abbf14257492a5a2560383368f7b0,2011-02-25 16:05:40,,
call,out,bb60217e13abbf14257492a5a2560383368f7b0,2011-02-25 16:04:28,,
call,out,bb60217e13abbf14257492a5a2560383368f7b0,2011-02-25 09:58:19,,
call,out,bb60217e13abbf14257492a5a2560383368f7b0,2011-02-25 22:15:09,,
call,out,bb60217e13abbf14257492a5a2560383368f7b0,2011-02-25 20:39:47,,
call,out,b084026a94ebe17cc7a5fbc895ef468dac2b534f,2011-02-25 19:36:44,,
call,out,b084026a94ebe17cc7a5fbc895ef468dac2b534f,2011-02-25 19:33:46,,
call,out,bb60217e13abbf14257492a5a2560383368f7b0,2011-02-25 19:32:24,,
call,out,bb60217e13abbf14257492a5a2560383368f7b0,2011-02-25 18:27:07,,
call,out,b084026a94ebe17cc7a5fbc895ef468dac2b534f,2011-02-25 18:26:52,,
call,out,bb60217e13abbf14257492a5a2560383368f7b0,2011-02-25 18:05:27,,
call,out,b084026a94ebe17cc7a5fbc895ef468dac2b534f,2011-02-25 18:05:04,,
call,out,bb60217e13abbf14257492a5a2560383368f7b0,2011-02-25 18:01:07,,
call,out,bb60217e13abbf14257492a5a2560383368f7b0,2011-02-25 16:06:04,,
call,out,bb60217e13abbf14257492a5a2560383368f7b0,2011-02-26 07:10:56,,
call,out,b084026a94ebe17cc7a5fbc895ef468dac2b534f,2011-02-26 07:10:17,,
call,out,b084026a94ebe17cc7a5fbc895ef468dac2b534f,2011-03-01 16:03:28,,
call,out,bb60217e13abbf14257492a5a2560383368f7b0,2011-03-01 15:59:29,,
call,out,b084026a94ebe17cc7a5fbc895ef468dac2b534f,2011-03-01 15:59:24,,
call,out,b084026a94ebe17cc7a5fbc895ef468dac2b534f,2011-03-01 15:58:47,,
call,out,bb60217e13abbf14257492a5a2560383368f7b0,2011-03-01 15:58:07,,
call,in,bb60217e13abbf14257492a5a2560383368f7b0,2011-03-01 15:11:37,,
call,out,bb60217e13abbf14257492a5a2560383368f7b0,2011-03-04 16:35:37,,
call,out,bb60217e13abbf14257492a5a2560383368f7b0,2011-03-05 12:35:09,,
call,out,bb60217e13abbf14257492a5a2560383368f7b0,2011-03-05 12:28:42,,
call,out,b084026a94ebe17cc7a5fbc895ef468dac2b534f,2011-03-05 20:27:20,,
call,out,b084026a94ebe17cc7a5fbc895ef468dac2b534f,2011-03-05 20:13:37,,
call,in,356a192b7913b04c54574d18c28d46e6395428ab,2011-03-05 19:53:43,,
call,in,356a192b7913b04c54574d18c28d46e6395428ab,2011-03-05 19:51:13,,
call,in,356a192b7913b04c54574d18c28d46e6395428ab,2011-03-05 19:40:26,,
call,in,b084026a94ebe17cc7a5fbc895ef468dac2b534f,2011-03-05 15:55:46,,
call,in,b084026a94ebe17cc7a5fbc895ef468dac2b534f,2011-03-05 13:14:45,,
call,out,b084026a94ebe17cc7a5fbc895ef468dac2b534f,2011-03-06 15:31:10,,
call,out,b084026a94ebe17cc7a5fbc895ef468dac2b534f,2011-03-06 15:54:41,,
call,out,bb60217e13abbf14257492a5a2560383368f7b0,2011-03-08 17:57:57,,
call,in,b084026a94ebe17cc7a5fbc895ef468dac2b534f,2011-03-08 17:46:28,,
call,out,bb60217e13abbf14257492a5a2560383368f7b0,2011-03-08 16:43:09,,
call,in,1fe0856780342a393090076f7282476bb54ef515,2011-03-09 20:14:51,,
call,out,bb60217e13abbf14257492a5a2560383368f7b0,2011-03-12 09:06:06,,
call,in,bb60217e13abbf14257492a5a2560383368f7b0,2011-03-15 18:23:07,,
call,out,2a33c6c3b963cd0ef8383abcf743ae38e3b48c5c,2011-03-16 10:23:34,,
call,in,a5e5bb3512782bec81950e263bdc8a3467de2c28,2011-03-16 19:31:50,,
call,in,b084026a94ebe17cc7a5fbc895ef468dac2b534f,2011-03-17 17:13:47,,
call,in,b084026a94ebe17cc7a5fbc895ef468dac2b534f,2011-03-17 17:06:38,,
call,out,87b3c77a7866be4a9ae36b7033e51bf626e26c68,2011-03-18 17:25:50,,
call,out,b6589fc6ab0dc82cf12099d1c2d40ab994e8410c,2011-03-18 17:25:02,,
call,out,b6589fc6ab0dc82cf12099d1c2d40ab994e8410c,2011-03-18 17:24:11,,
call,out,b6589fc6ab0dc82cf12099d1c2d40ab994e8410c,2011-03-18 17:23:37,,
call,out,87b3c77a7866be4a9ae36b7033e51bf626e26c68,2011-03-18 16:45:11,,
call,out,87b3c77a7866be4a9ae36b7033e51bf626e26c68,2011-03-18 15:53:55,,
call,out,87b3c77a7866be4a9ae36b7033e51bf626e26c68,2011-03-18 15:42:11,,
call,out,87b3c77a7866be4a9ae36b7033e51bf626e26c68,2011-03-18 15:40:59,,
call,out,87b3c77a7866be4a9ae36b7033e51bf626e26c68,2011-03-18 15:34:34,,
call,out,87b3c77a7866be4a9ae36b7033e51bf626e26c68,2011-03-18 15:32:10,,
call,out,b6589fc6ab0dc82cf12099d1c2d40ab994e8410c,2011-03-19 06:16:05,,
call,out,bb60217e13abbf14257492a5a2560383368f7b0,2011-03-20 11:24:34,,
call,in,6b092e5ae9b2a9bb403e11ab85320bc764a1ebf8,2011-03-20 18:57:42,,
call,in,a5e5bb3512782bec81950e263bdc8a3467de2c28,2011-03-21 20:24:09,,
call,out,b084026a94ebe17cc7a5fbc895ef468dac2b534f,2011-03-23 23:08:39,,
call,out,bb60217e13abbf14257492a5a2560383368f7b0,2011-03-23 23:08:19,,
call,out,bb60217e13abbf14257492a5a2560383368f7b0,2011-03-24 18:29:14,,
call,out,c71505aef2f2542f13d81267d269453cf030119d,2011-03-26 17:14:00,,
call,out,bb60217e13abbf14257492a5a2560383368f7b0,2011-03-26 18:00:51,,
call,out,efbae00e3136692ad26cd450ba98d7ee81e7c5e1,2011-03-26 17:14:30,,
call,in,1182936d544204425d28487dea0e2837c3937e06,2011-03-28 17:38:16,,
call,out,b084026a94ebe17cc7a5fbc895ef468dac2b534f,2011-04-01 15:06:21,,
call,out,bb60217e13abbf14257492a5a2560383368f7b0,2011-04-01 15:05:55,,
call,out,b084026a94ebe17cc7a5fbc895ef468dac2b534f,2011-04-01 12:58:28,,
call,out,bb60217e13abbf14257492a5a2560383368f7b0,2011-04-01 12:57:57,,
call,out,bb60217e13abbf14257492a5a2560383368f7b0,2011-04-01 09:59:10,,
call,in,6330c218400f2e010d74bf2b962e4e7961afd5eb,2011-04-01 09:25:47,,
call,in,46eba624b5c3637ebe1951af6699af238679e44c,2011-04-01 09:04:02,,
call,out,4c9af8276efe62b5bf28b3ca85a10c3170f1eaa1,2011-04-02 12:21:31,,
call,out,4c9af8276efe62b5bf28b3ca85a10c3170f1eaa1,2011-04-02 10:06:15,,
call,out,4c9af8276efe62b5bf28b3ca85a10c3170f1eaa1,2011-04-02 10:02:13,,
call,in,6b092e5ae9b2a9bb403e11ab85320bc764a1ebf8,2011-04-03 19:55:39,,
call,in,6b092e5ae9b2a9bb403e11ab85320bc764a1ebf8,2011-04-03 19:28:42,,
call,in,f177558fb1c889ac27573ae1c159def677e70143,2011-04-03 16:56:28,,
call,out,bb60217e13abbf14257492a5a2560383368f7b0,2011-04-05 10:08:36,,
call,out,bb60217e13abbf14257492a5a2560383368f7b0,2011-04-05 10:05:38,,
call,out,b084026a94ebe17cc7a5fbc895ef468dac2b534f,2011-04-05 10:04:52,,
call,out,bb60217e13abbf14257492a5a2560383368f7b0,2011-04-05 10:04:23,,
call,out,b084026a94ebe17cc7a5fbc895ef468dac2b534f,2011-04-06 09:55:01,,
call,out,b084026a94ebe17cc7a5fbc895ef468dac2b534f,2011-04-06 11:47:13,,
call,out,bb60217e13abbf14257492a5a2560383368f7b0,2011-04-06 11:46:24,,
call,out,b084026a94ebe17cc7a5fbc895ef468dac2b534f,2011-04-06 10:28:49,,
call,out,bb60217e13abbf14257492a5a2560383368f7b0,2011-04-06 10:28:20,,
call,out,b084026a94ebe17cc7a5fbc895ef468dac2b534f,2011-04-06 10:25:42,,
call,out,bb60217e13abbf14257492a5a2560383368f7b0,2011-04-06 10:20:06,,
call,out,bb60217e13abbf14257492a5a2560383368f7b0,2011-04-06 10:18:32,,
call,out,bb60217e13abbf14257492a5a2560383368f7b0,2011-04-06 10:12:39,,
call,out,b084026a94ebe17cc7a5fbc895ef468dac2b534f,2011-04-06 10:10:26,,
call,out,bb60217e13abbf14257492a5a2560383368f7b0,2011-04-06 10:08:21,,
call,out,bb60217e13abbf14257492a5a2560383368f7b0,2011-04-06 09:55:17,,
call,out,b084026a94ebe17cc7a5fbc895ef468dac2b534f,2011-04-09 14:25:32,,
call,out,b084026a94ebe17cc7a5fbc895ef468dac2b534f,2011-04-12 09:10:44,,
call,out,b084026a94ebe17cc7a5fbc895ef468dac2b534f,2011-04-16 16:40:54,,
call,out,b084026a94ebe17cc7a5fbc895ef468dac2b534f,2011-04-22 17:41:27,,
call,out,e66bf20f6aeb65745427af10f91c00da90b86c4c,2011-04-27 21:09:40,,
call,in,6b092e5ae9b2a9bb403e11ab85320bc764a1ebf8,2011-04-30 18:16:16,,
call,out,6b092e5ae9b2a9bb403e11ab85320bc764a1ebf8,2011-04-30 17:51:40,,
call,in,6b092e5ae9b2a9bb403e11ab85320bc764a1ebf8,2011-04-30 17:50:05,,
call,out,b084026a94ebe17cc7a5fbc895ef468dac2b534f,2011-05-01 18:22:29,,
call,out,40cdd495f6cfd54d52e597154d04fe4dbe6e1d27,2011-05-01 18:21:25,,
call,in,40cdd495f6cfd54d52e597154d04fe4dbe6e1d27,2011-05-01 18:17:40,,
call,out,4b7ed07c78ea83b876af00dcca1b3c79b387c0c4,2011-05-01 18:16:39,,
call,out,b084026a94ebe17cc7a5fbc895ef468dac2b534f,2011-05-01 21:01:59,,
call,out,514d259581175c5bcf5442d265e5dc50a950dc4a,2011-05-07 12:32:33,,
call,out,4735efabb657efe83cc23feade367093d571b9e2,2011-05-07 12:31:48,,
call,out,b084026a94ebe17cc7a5fbc895ef468dac2b534f,2011-05-07 12:31:05,,
call,in,e66bf20f6aeb65745427af10f91c00da90b86c4c,2011-05-07 11:46:56,,
call,in,b084026a94ebe17cc7a5fbc895ef468dac2b534f,2011-05-07 10:34:54,,
call,in,514d259581175c5bcf5442d265e5dc50a950dc4a,2011-05-07 10:05:38,,
call,out,b084026a94ebe17cc7a5fbc895ef468dac2b534f,2011-05-07 09:10:40,,
call,out,bb60217e13abbf14257492a5a2560383368f7b0,2011-05-07 09:07:16,,
call,out,bb60217e13abbf14257492a5a2560383368f7b0,2011-05-07 09:05:55,,
call,out,bb60217e13abbf14257492a5a2560383368f7b0,2011-05-07 09:01:14,,
call,out,1fe0856780342a393090076f7282476bb54ef515,2011-05-07 17:38:14,,
call,in,7a8c4380d5d642b6270bd75914ae125253c79cf0,2011-05-07 17:35:21,,
call,out,e66bf20f6aeb65745427af10f91c00da90b86c4c,2011-05-07 17:34:36,,
call,in,1fe0856780342a393090076f7282476bb54ef515,2011-05-07 17:31:53,,
call,out,1fe0856780342a393090076f7282476bb54ef515,2011-05-09 16:21:38,,
call,out,1fe0856780342a393090076f7282476bb54ef515,2011-05-09 16:21:11,,
call,in,93b2b4f55d66dee536f0b228551ceca259c8cde9,2011-05-09 20:26:11,,
call,out,b084026a94ebe17cc7a5fbc895ef468dac2b534f,2011-05-09 18:16:23,,
call,out,93eb08428836417eca0f7414540104abfc5ddfd4,2011-05-09 18:15:36,,
call,out,24acc435d9f7ba2c1d225439e83fb731a8d005ae,2011-05-09 18:15:29,,
call,out,d7ae953ddb8f7522f39741110c920fe6fc3ac4fa,2011-05-09 18:15:12,,
call,out,93eb08428836417eca0f7414540104abfc5ddfd4,2011-05-09 18:02:13,,
call,out,24acc435d9f7ba2c1d225439e83fb731a8d005ae,2011-05-09 18:01:43,,
call,out,93eb08428836417eca0f7414540104abfc5ddfd4,2011-05-09 17:56:20,,
call,out,e66bf20f6aeb65745427af10f91c00da90b86c4c,2011-05-09 17:56:07,,
call,out,514d259581175c5bcf5442d265e5dc50a950dc4a,2011-05-10 12:18:21,,
call,out,bdaead28c4bae5ccb30c0cc62f7e0cd6ecb0c492,2011-05-10 16:03:01,,
call,in,514d259581175c5bcf5442d265e5dc50a950dc4a,2011-05-10 15:48:54,,
call,out,514d259581175c5bcf5442d265e5dc50a950dc4a,2011-05-10 15:41:16,,
call,out,bb60217e13abbf14257492a5a2560383368f7b0,2011-05-10 15:40:35,,
call,out,b084026a94ebe17cc7a5fbc895ef468dac2b534f,2011-05-10 15:39:34,,
call,out,93eb08428836417eca0f7414540104abfc5ddfd4,2011-05-10 15:39:24,,
call,out,b084026a94ebe17cc7a5fbc895ef468dac2b534f,2011-05-10 15:38:59,,
call,out,f0a1d6f6c144c63ebc6c6200498ea6665d598249,2011-05-10 12:20:17,,
call,out,93eb08428836417eca0f7414540104abfc5ddfd4,2011-05-10 12:19:22,,
call,out,b084026a94ebe17cc7a5fbc895ef468dac2b534f,2011-05-13 19:37:21,,
call,out,b084026a94ebe17cc7a5fbc895ef468dac2b534f,2011-05-13 19:22:47,,
call,out,f0a1d6f6c144c63ebc6c6200498ea6665d598249,2011-05-13 19:06:45,,
call,out,93eb08428836417eca0f7414540104abfc5ddfd4,2011-05-13 19:06:04,,
call,out,b084026a94ebe17cc7a5fbc895ef468dac2b534f,2011-05-14 13:24:28,,
call,in,b084026a94ebe17cc7a5fbc895ef468dac2b534f,2011-05-14 13:24:09,,
call,in,b084026a94ebe17cc7a5fbc895ef468dac2b534f,2011-05-14 12:59:24,,
call,in,b084026a94ebe17cc7a5fbc895ef468dac2b534f,2011-05-14 12:32:42,,
call,out,b084026a94ebe17cc7a5fbc895ef468dac2b534f,2011-05-17 12:27:38,,
call,out,b084026a94ebe17cc7a5fbc895ef468dac2b534f,2011-05-17 12:18:29,,
call,out,b084026a94ebe17cc7a5fbc895ef468dac2b534f,2011-05-17 19:48:56,,
call,out,1fe0856780342a393090076f7282476bb54ef515,2011-05-17 18:41:37,,
call,out,ed6bd686ac6ef21e5bb330381dba215babad3ac2,2011-05-18 18:52:14,,
call,in,6b092e5ae9b2a9bb403e11ab85320bc764a1ebf8,2011-05-18 16:14:10,,
call,out,514d259581175c5bcf5442d265e5dc50a950dc4a,2011-05-19 14:07:12,,
call,out,514d259581175c5bcf5442d265e5dc50a950dc4a,2011-05-19 09:25:49,,
call,out,40cdd495f6cfd54d52e597154d04fe4dbe6e1d27,2011-05-19 09:09:21,,
call,out,514d259581175c5bcf5442d265e5dc50a950dc4a,2011-05-19 09:08:51,,
call,out,sp10-01-42,2011-05-19 07:45:34,,
call,out,b084026a94ebe17cc7a5fbc895ef468dac2b534f,2011-05-19 17:13:31,,
call,in,f0a1d6f6c144c63ebc6c6200498ea6665d598249,2011-05-19 14:38:25,,
call,out,f0a1d6f6c144c63ebc6c6200498ea6665d598249,2011-05-19 14:35:17,,
call,out,f0a1d6f6c144c63ebc6c6200498ea6665d598249,2011-05-19 14:13:30,,
call,out,514d259581175c5bcf5442d265e5dc50a950dc4a,2011-05-19 14:12:09,,
call,in,f67260cf1f62eed2938ada150a4d723e42d80140,2011-05-20 11:01:05,,
call,out,61368fc6b465e0b9bd7949a9f3e68ba3deb50f22,2011-05-21 18:05:59,,
call,out,40cdd495f6cfd54d52e597154d04fe4dbe6e1d27,2011-05-21 22:22:04,,
call,out,f67260cf1f62eed2938ada150a4d723e42d80140,2011-05-21 22:21:32,,
call,out,b084026a94ebe17cc7a5fbc895ef468dac2b534f,2011-05-23 00:56:50,,
call,in,b084026a94ebe17cc7a5fbc895ef468dac2b534f,2011-05-22 21:48:40,,
call,out,8db3b7924b944a968758e2ae13a89118843d8fa7,2011-05-22 20:24:54,,
call,in,b61d532eaa2a962e4ed641fcff4614080cc82aed,2011-05-23 13:08:16,,
call,in,bde5a6dcb41f663048488a47aa27d769be606b4a,2011-05-23 13:06:32,,
call,out,b61d532eaa2a962e4ed641fcff4614080cc82aed,2011-05-23 12:38:04,,
call,out,93eb08428836417eca0f7414540104abfc5ddfd4,2011-05-23 12:35:46,,
call,in,4b7ed07c78ea83b876af00dcca1b3c79b387c0c4,2011-05-23 12:34:21,,
call,out,b084026a94ebe17cc7a5fbc895ef468dac2b534f,2011-05-23 11:26:49,,
call,out,b084026a94ebe17cc7a5fbc895ef468dac2b534f,2011-05-23 11:07:48,,
call,out,cd23fb093045472405e7657e3823f462bbaeebca,2011-05-23 11:07:36,,
call,in,8db3b7924b944a968758e2ae13a89118843d8fa7,2011-05-23 13:58:09,,
call,out,b084026a94ebe17cc7a5fbc895ef468dac2b534f,2011-05-23 19:46:17,,
call,out,b084026a94ebe17cc7a5fbc895ef468dac2b534f,2011-05-23 19:45:42,,
call,out,b084026a94ebe17cc7a5fbc895ef468dac2b534f,2011-05-24 00:21:00,,
call,out,bb60217e13abbf14257492a5a2560383368f7b0,2011-05-24 05:55:37,,
call,out,b084026a94ebe17cc7a5fbc895ef468dac2b534f,2011-05-24 16:13:23,,
call,out,b084026a94ebe17cc7a5fbc895ef468dac2b534f,2011-05-24 09:14:58,,
call,out,b084026a94ebe17cc7a5fbc895ef468dac2b534f,2011-05-24 06:11:36,,
call,out,53d3730a99444b5251020ec883058b57f26dc6a1,2011-05-25 17:45:00,,
call,out,c4feb3059d4bb29415742791eb95eed7dfa5954e,2011-05-25 17:42:21,,
call,out,b084026a94ebe17cc7a5fbc895ef468dac2b534f,2011-05-25 17:16:49,,
call,in,b084026a94ebe17cc7a5fbc895ef468dac2b534f,2011-05-25 16:45:11,,
call,out,15f78a7650afc7522fcaa7ca49c510ed574906ca,2011-05-25 16:04:00,,
call,in,b37e1333e5b3851d2aed324c29ad2a33345f5a86,2011-05-25 12:32:02,,
call,in,2c3bd9059ba82681a43405b615bb5d80eeb684a2,2011-05-25 11:18:42,,
call,out,2c3bd9059ba82681a43405b615bb5d80eeb684a2,2011-05-25 10:04:05,,
call,out,4a8efb5fa4ecd50290cd5fb748fa9659cbca173,2011-05-25 09:20:49,,
call,out,bb60217e13abbf14257492a5a2560383368f7b0,2011-05-27 19:53:28,,
call,out,bb60217e13abbf14257492a5a2560383368f7b0,2011-05-27 19:41:28,,
call,out,bb60217e13abbf14257492a5a2560383368f7b0,2011-05-27 17:31:36,,
call,in,bb60217e13abbf14257492a5a2560383368f7b0,2011-05-27 17:13:30,,
call,out,b084026a94ebe17cc7a5fbc895ef468dac2b534f,2011-05-28 13:45:17,,
call,in,4ae3690ede00ef019be77b2cf094739172e71272,2011-05-28 13:43:24,,
call,out,bb60217e13abbf14257492a5a2560383368f7b0,2011-05-28 13:42:58,,
call,out,b084026a94ebe17cc7a5fbc895ef468dac2b534f,2011-05-28 13:41:33,,
call,out,bb60217e13abbf14257492a5a2560383368f7b0,2011-05-28 13:33:40,,
call,out,b084026a94ebe17cc7a5fbc895ef468dac2b534f,2011-05-28 12:52:24,,
call,out,bb60217e13abbf14257492a5a2560383368f7b0,2011-05-28 12:51:27,,
call,out,b084026a94ebe17cc7a5fbc895ef468dac2b534f,2011-05-28 12:50:52,,
call,out,fa10-01-04,2011-05-28 12:39:49,,
call,out,fa10-01-04,2011-05-28 12:37:26,,
call,out,fa10-01-04,2011-05-28 12:29:55,,
call,out,7a8c4380d5d642b6270bd75914ae125253c79cf0,2011-05-28 12:28:48,,
call,out,504b7ca95ce3c2f1f49d8304d0089cefe9053d6a,2011-05-28 12:28:12,,
call,out,b084026a94ebe17cc7a5fbc895ef468dac2b534f,2011-05-28 12:26:52,,
call,out,504b7ca95ce3c2f1f49d8304d0089cefe9053d6a,2011-05-28 12:26:28,,
call,out,7ba8d6557bdddad6fc671aea1e3a57ad446906f,2011-05-28 12:25:32,,
call,out,b084026a94ebe17cc7a5fbc895ef468dac2b534f,2011-05-28 12:18:50,,
call,out,bb60217e13abbf14257492a5a2560383368f7b0,2011-05-28 12:18:44,,
call,out,bb60217e13abbf14257492a5a2560383368f7b0,2011-05-28 12:18:10,,
call,out,b084026a94ebe17cc7a5fbc895ef468dac2b534f,2011-05-28 12:18:03,,
call,out,b084026a94ebe17cc7a5fbc895ef468dac2b534f,2011-05-28 12:17:34,,
call,out,bb60217e13abbf14257492a5a2560383368f7b0,2011-05-28 12:17:06,,
call,out,bb60217e13abbf14257492a5a2560383368f7b0,2011-05-28 10:57:52,,
call,out,b084026a94ebe17cc7a5fbc895ef468dac2b534f,2011-05-28 08:51:40,,
call,in,bb60217e13abbf14257492a5a2560383368f7b0,2011-05-28 08:50:45,,
call,out,bb60217e13abbf14257492a5a2560383368f7b0,2011-05-28 08:49:15,,
call,out,bb60217e13abbf14257492a5a2560383368f7b0,2011-05-28 08:34:12,,
call,out,bb60217e13abbf14257492a5a2560383368f7b0,2011-05-28 07:18:57,,
call,out,f05d36434eb1f08af767808edd2713e88da27736,2011-05-29 11:08:11,,
call,out,117785495ada8e422dcb7900d8351a7c5a9a7878,2011-05-29 11:07:47,,
call,out,b23c5d53600b3096fdbdc617ada7df0fb3da8007,2011-05-29 19:45:15,,
call,out,feec49a1c61ce5130bbc625a564f4dd2503a71bb,2011-05-29 19:44:39,,
call,out,6b092e5ae9b2a9bb403e11ab85320bc764a1ebf8,2011-05-29 19:42:06,,
call,out,6b092e5ae9b2a9bb403e11ab85320bc764a1ebf8,2011-05-29 17:22:02,,
call,out,6b092e5ae9b2a9bb403e11ab85320bc764a1ebf8,2011-05-29 17:07:29,,
call,in,6b092e5ae9b2a9bb403e11ab85320bc764a1ebf8,2011-05-29 17:07:02,,
call,in,f05d36434eb1f08af767808edd2713e88da27736,2011-05-29 14:33:19,,
call,out,bb60217e13abbf14257492a5a2560383368f7b0,2011-05-30 18:09:53,,
call,out,b084026a94ebe17cc7a5fbc895ef468dac2b534f,2011-05-30 18:09:02,,
call,out,b084026a94ebe17cc7a5fbc895ef468dac2b534f,2011-05-31 15:57:49,,
call,out,b084026a94ebe17cc7a5fbc895ef468dac2b534f,2011-06-01 18:20:02,,
call,out,b084026a94ebe17cc7a5fbc895ef468dac2b534f,2011-06-01 18:19:08,,
call,in,bb60217e13abbf14257492a5a2560383368f7b0,2011-06-02 09:26:22,,
call,in,eb6df96bcc67dbe7b75c94d4beb4ec0f399fe47b,2011-06-02 20:03:49,,
call,in,bb60217e13abbf14257492a5a2560383368f7b0,2011-06-02 15:59:51,,
call,out,bb60217e13abbf14257492a5a2560383368f7b0,2011-06-02 20:49:19,,
call,out,b084026a94ebe17cc7a5fbc895ef468dac2b534f,2011-06-02 20:48:35,,
call,out,eb6df96bcc67dbe7b75c94d4beb4ec0f399fe47b,2011-06-02 20:36:15,,
call,out,eb6df96bcc67dbe7b75c94d4beb4ec0f399fe47b,2011-06-02 20:23:36,,
call,out,eb6df96bcc67dbe7b75c94d4beb4ec0f399fe47b,2011-06-02 20:22:04,,
call,out,bb60217e13abbf14257492a5a2560383368f7b0,2011-06-03 07:46:18,,
call,out,bb60217e13abbf14257492a5a2560383368f7b0,2011-06-03 07:08:20,,
call,out,b084026a94ebe17cc7a5fbc895ef468dac2b534f,2011-06-03 17:18:43,,
call,in,b084026a94ebe17cc7a5fbc895ef468dac2b534f,2011-06-03 16:58:19,,
call,in,b084026a94ebe17cc7a5fbc895ef468dac2b534f,2011-06-03 16:30:06,,
call,out,b084026a94ebe17cc7a5fbc895ef468dac2b534f,2011-06-03 16:27:58,,
call,out,b084026a94ebe17cc7a5fbc895ef468dac2b534f,2011-06-04 16:15:23,,
call,out,bb60217e13abbf14257492a5a2560383368f7b0,2011-06-04 16:14:56,,
call,out,b084026a94ebe17cc7a5fbc895ef468dac2b534f,2011-06-04 16:04:43,,
call,out,bb60217e13abbf14257492a5a2560383368f7b0,2011-06-04 16:04:17,,
call,out,992fbe3280a6ccfac5fdf8b60699b0977f05699b,2011-06-04 14:57:15,,
call,out,bb60217e13abbf14257492a5a2560383368f7b0,2011-06-04 14:55:53,,
call,out,b084026a94ebe17cc7a5fbc895ef468dac2b534f,2011-06-04 14:54:31,,
call,out,b084026a94ebe17cc7a5fbc895ef468dac2b534f,2011-06-04 14:44:08,,
call,out,b084026a94ebe17cc7a5fbc895ef468dac2b534f,2011-06-04 14:42:57,,
call,out,b084026a94ebe17cc7a5fbc895ef468dac2b534f,2011-06-04 14:35:23,,
call,out,b084026a94ebe17cc7a5fbc895ef468dac2b534f,2011-06-04 14:34:34,,
call,out,b084026a94ebe17cc7a5fbc895ef468dac2b534f,2011-06-04 14:28:30,,
call,out,b084026a94ebe17cc7a5fbc895ef468dac2b534f,2011-06-04 14:27:33,,
call,out,bb60217e13abbf14257492a5a2560383368f7b0,2011-06-04 13:14:23,,
call,out,b084026a94ebe17cc7a5fbc895ef468dac2b534f,2011-06-04 13:13:36,,
call,out,b084026a94ebe17cc7a5fbc895ef468dac2b534f,2011-06-04 13:11:09,,
call,out,b084026a94ebe17cc7a5fbc895ef468dac2b534f,2011-06-04 13:09:16,,
call,out,bb60217e13abbf14257492a5a2560383368f7b0,2011-06-04 13:08:45,,
call,out,b084026a94ebe17cc7a5fbc895ef468dac2b534f,2011-06-04 13:07:58,,
call,out,b084026a94ebe17cc7a5fbc895ef468dac2b534f,2011-06-04 12:50:13,,
call,out,b084026a94ebe17cc7a5fbc895ef468dac2b534f,2011-06-04 12:15:04,,
call,out,b084026a94ebe17cc7a5fbc895ef468dac2b534f,2011-06-04 11:59:07,,
call,in,93b2b4f55d66dee536f0b228551ceca259c8cde9,2011-06-04 09:54:25,,
call,in,b084026a94ebe17cc7a5fbc895ef468dac2b534f,2011-06-04 09:00:14,,
call,out,bb60217e13abbf14257492a5a2560383368f7b0,2011-06-04 19:17:59,,
call,out,bb60217e13abbf14257492a5a2560383368f7b0,2011-06-04 19:07:21,,
call,out,b084026a94ebe17cc7a5fbc895ef468dac2b534f,2011-06-04 19:20:57,,
call,out,b084026a94ebe17cc7a5fbc895ef468dac2b534f,2011-06-04 19:20:32,,
call,out,bb60217e13abbf14257492a5a2560383368f7b0,2011-06-04 19:19:53,,
call,out,bb60217e13abbf14257492a5a2560383368f7b0,2011-06-04 19:19:22,,
call,out,bb60217e13abbf14257492a5a2560383368f7b0,2011-06-04 19:19:00,,
call,out,b084026a94ebe17cc7a5fbc895ef468dac2b534f,2011-06-05 17:58:47,,
call,out,b084026a94ebe17cc7a5fbc895ef468dac2b534f,2011-06-07 16:37:33,,
call,in,93b2b4f55d66dee536f0b228551ceca259c8cde9,2011-06-07 16:36:19,,
call,out,b084026a94ebe17cc7a5fbc895ef468dac2b534f,2011-06-07 14:54:19,,
call,out,9d208161aea26536222c5ee9ba48b3aa754cf4,2011-06-08 17:56:03,,
call,out,53d3730a99444b5251020ec883058b57f26dc6a1,2011-06-08 17:55:02,,
call,out,bb60217e13abbf14257492a5a2560383368f7b0,2011-06-08 17:54:14,,
call,out,bb60217e13abbf14257492a5a2560383368f7b0,2011-06-08 17:52:49,,
call,out,b084026a94ebe17cc7a5fbc895ef468dac2b534f,2011-06-08 15:47:11,,
call,in,bb60217e13abbf14257492a5a2560383368f7b0,2011-06-09 16:53:02,,
call,in,bb60217e13abbf14257492a5a2560383368f7b0,2011-06-10 16:44:22,,
call,in,bb60217e13abbf14257492a5a2560383368f7b0,2011-06-10 16:41:04,,
call,out,b084026a94ebe17cc7a5fbc895ef468dac2b534f,2011-06-11 10:01:26,,
call,out,b084026a94ebe17cc7a5fbc895ef468dac2b534f,2011-06-11 10:01:00,,
call,out,bb60217e13abbf14257492a5a2560383368f7b0,2011-06-11 09:20:29,,
call,out,b084026a94ebe17cc7a5fbc895ef468dac2b534f,2011-06-11 09:19:55,,
call,out,be90bc49bd4674fca383bd1e077305d0b8871a10,2011-06-11 08:29:49,,
call,out,b084026a94ebe17cc7a5fbc895ef468dac2b534f,2011-06-11 12:21:15,,
call,out,b084026a94ebe17cc7a5fbc895ef468dac2b534f,2011-06-11 12:20:47,,
call,in,b084026a94ebe17cc7a5fbc895ef468dac2b534f,2011-06-11 12:20:19,,
call,out,bb60217e13abbf14257492a5a2560383368f7b0,2011-06-11 12:19:49,,
call,out,b084026a94ebe17cc7a5fbc895ef468dac2b534f,2011-06-11 12:19:04,,
call,out,bb60217e13abbf14257492a5a2560383368f7b0,2011-06-11 14:26:52,,
call,out,bb60217e13abbf14257492a5a2560383368f7b0,2011-06-11 14:14:16,,
call,out,b084026a94ebe17cc7a5fbc895ef468dac2b534f,2011-06-16 18:45:58,,
call,out,b084026a94ebe17cc7a5fbc895ef468dac2b534f,2011-06-17 12:22:49,,
call,out,bb60217e13abbf14257492a5a2560383368f7b0,2011-06-17 12:22:44,,
call,out,bb60217e13abbf14257492a5a2560383368f7b0,2011-06-17 12:22:14,,
call,in,fd9d698815380198e3b3aa9dc2c2f1414bea41ac,2011-06-17 11:51:59,,
call,out,5503fc1168f9e046add4ac190fbbf6e0876dc8d1,2011-06-17 09:49:06,,
call,in,5503fc1168f9e046add4ac190fbbf6e0876dc8d1,2011-06-17 09:48:21,,
call,out,b084026a94ebe17cc7a5fbc895ef468dac2b534f,2011-06-17 17:03:44,,
call,in,bb60217e13abbf14257492a5a2560383368f7b0,2011-06-17 14:17:07,,
call,out,b084026a94ebe17cc7a5fbc895ef468dac2b534f,2011-06-17 13:00:46,,
call,out,b084026a94ebe17cc7a5fbc895ef468dac2b534f,2011-06-18 13:30:17,,
call,out,b084026a94ebe17cc7a5fbc895ef468dac2b534f,2011-06-18 13:29:47,,
call,out,b084026a94ebe17cc7a5fbc895ef468dac2b534f,2011-06-18 13:28:55,,
call,out,b084026a94ebe17cc7a5fbc895ef468dac2b534f,2011-06-18 13:28:19,,
call,in,b084026a94ebe17cc7a5fbc895ef468dac2b534f,2010-09-25 11:20:10,,
text,in,51eac6b471a284d3341d8c0c63d0f1a286262a18,2010-09-29 07:20:28,,
text,in,51eac6b471a284d3341d8c0c63d0f1a286262a18,2010-10-14 13:20:53,,
text,in,51eac6b471a284d3341d8c0c63d0f1a286262a18,2010-10-29 16:09:54,,
text,in,51eac6b471a284d3341d8c0c63d0f1a286262a18,2010-11-15 11:48:46,,
text,in,51eac6b471a284d3341d8c0c63d0f1a286262a18,2010-11-29 07:09:33,,
text,in,51eac6b471a284d3341d8c0c63d0f1a286262a18,2010-12-14 17:52:56,,
text,in,51eac6b471a284d3341d8c0c63d0f1a286262a18,2010-12-15 12:32:59,,
text,in,5f1cd7c3fb68ae7c679f8c33966610670d32ff1e,2010-12-15 23:10:06,,
text,in,5f1cd7c3fb68ae7c679f8c33966610670d32ff1e,2010-12-15 23:10:05,,
text,in,4afa8f9e90756f0f919a124a1dfbba19be004edc,2010-12-15 22:51:39,,
text,in,5f1cd7c3fb68ae7c679f8c33966610670d32ff1e,2010-12-25 15:02:32,,
text,in,51eac6b471a284d3341d8c0c63d0f1a286262a18,2010-12-29 13:20:03,,
text,in,51eac6b471a284d3341d8c0c63d0f1a286262a18,2011-01-14 13:37:57,,
text,in,51eac6b471a284d3341d8c0c63d0f1a286262a18,2011-01-29 07:10:06,,
text,in,51eac6b471a284d3341d8c0c63d0f1a286262a18,2011-02-15 07:47:22,,
text,in,1e7b95c5614637fdcde70eb7f2d109134c95c6bf,2011-02-24 14:01:25,,
text,in,51eac6b471a284d3341d8c0c63d0f1a286262a18,2011-03-01 08:51:00,,
text,in,51eac6b471a284d3341d8c0c63d0f1a286262a18,2011-03-01 08:50:58,,
text,in,51eac6b471a284d3341d8c0c63d0f1a286262a18,2011-03-15 10:08:26,,
text,in,51eac6b471a284d3341d8c0c63d0f1a286262a18,2011-03-30 08:41:37,,
text,in,51eac6b471a284d3341d8c0c63d0f1a286262a18,2011-04-09 13:19:09,,
text,in,51eac6b471a284d3341d8c0c63d0f1a286262a18,2011-04-09 13:24:01,,
text,in,5f1cd7c3fb68ae7c679f8c33966610670d32ff1e,2011-04-13 12:37:33,,
text,in,51eac6b471a284d3341d8c0c63d0f1a286262a18,2011-04-16 12:31:16,,
text,in,51eac6b471a284d3341d8c0c63d0f1a286262a18,2011-04-23 17:06:11,,
text,in,51eac6b471a284d3341d8c0c63d0f1a286262a18,2011-04-29 07:12:30,,
text,in,51eac6b471a284d3341d8c0c63d0f1a286262a18,2011-05-07 08:25:03,,
text,in,5f1cd7c3fb68ae7c679f8c33966610670d32ff1e,2011-05-08 17:33:47,,
text,in,51eac6b471a284d3341d8c0c63d0f1a286262a18,2011-05-14 11:08:43,,
text,in,51eac6b471a284d3341d8c0c63d0f1a286262a18,2011-05-20 10:17:55,,
text,in,51eac6b471a284d3341d8c0c63d0f1a286262a18,2011-05-23 10:40:19,,
text,in,51eac6b471a284d3341d8c0c63d0f1a286262a18,2011-05-29 08:14:21,,
text,in,51eac6b471a284d3341d8c0c63d0f1a286262a18,2011-06-15 18:02:08,,